  0
SECTION
  2
HEADER
  9
$ACADVER
  1
AC1024
  9
$ACADMAINTVER
 70
6
  9
$DWGCODEPAGE
  3
ANSI_1252
  9
$LASTSAVEDBY
  1
ezdxf
  9
$INSBASE
 10
0.0
 20
0.0
 30
0.0
  9
$EXTMIN
 10
1e+20
 20
1e+20
 30
1e+20
  9
$EXTMAX
 10
-1e+20
 20
-1e+20
 30
-1e+20
  9
$LIMMIN
 10
0.0
 20
0.0
  9
$LIMMAX
 10
420.0
 20
297.0
  9
$ORTHOMODE
 70
0
  9
$REGENMODE
 70
1
  9
$FILLMODE
 70
1
  9
$QTEXTMODE
 70
0
  9
$MIRRTEXT
 70
1
  9
$LTSCALE
 40
1.0
  9
$ATTMODE
 70
1
  9
$TEXTSIZE
 40
2.5
  9
$TRACEWID
 40
1.0
  9
$TEXTSTYLE
  7
Standard
  9
$CLAYER
  8
0
  9
$CELTYPE
  6
ByLayer
  9
$CECOLOR
 62
256
  9
$CELTSCALE
 40
1.0
  9
$DISPSILH
 70
0
  9
$DIMSCALE
 40
1.0
  9
$DIMASZ
 40
2.5
  9
$DIMEXO
 40
0.625
  9
$DIMDLI
 40
3.75
  9
$DIMRND
 40
0.0
  9
$DIMDLE
 40
0.0
  9
$DIMEXE
 40
1.25
  9
$DIMTP
 40
0.0
  9
$DIMTM
 40
0.0
  9
$DIMTXT
 40
2.5
  9
$DIMCEN
 40
2.5
  9
$DIMTSZ
 40
0.0
  9
$DIMTOL
 70
0
  9
$DIMLIM
 70
0
  9
$DIMTIH
 70
0
  9
$DIMTOH
 70
0
  9
$DIMSE1
 70
0
  9
$DIMSE2
 70
0
  9
$DIMTAD
 70
1
  9
$DIMZIN
 70
8
  9
$DIMBLK
  1

  9
$DIMASO
 70
1
  9
$DIMSHO
 70
1
  9
$DIMPOST
  1

  9
$DIMAPOST
  1

  9
$DIMALT
 70
0
  9
$DIMALTD
 70
3
  9
$DIMALTF
 40
0.03937007874
  9
$DIMLFAC
 40
1.0
  9
$DIMTOFL
 70
1
  9
$DIMTVP
 40
0.0
  9
$DIMTIX
 70
0
  9
$DIMSOXD
 70
0
  9
$DIMSAH
 70
0
  9
$DIMBLK1
  1

  9
$DIMBLK2
  1

  9
$DIMSTYLE
  2
ISO-25
  9
$DIMCLRD
 70
0
  9
$DIMCLRE
 70
0
  9
$DIMCLRT
 70
0
  9
$DIMTFAC
 40
1.0
  9
$DIMGAP
 40
0.625
  9
$DIMJUST
 70
0
  9
$DIMSD1
 70
0
  9
$DIMSD2
 70
0
  9
$DIMTOLJ
 70
0
  9
$DIMTZIN
 70
8
  9
$DIMALTZ
 70
0
  9
$DIMALTTZ
 70
0
  9
$DIMUPT
 70
0
  9
$DIMDEC
 70
2
  9
$DIMTDEC
 70
2
  9
$DIMALTU
 70
2
  9
$DIMALTTD
 70
3
  9
$DIMTXSTY
  7
Standard
  9
$DIMAUNIT
 70
0
  9
$DIMADEC
 70
0
  9
$DIMALTRND
 40
0.0
  9
$DIMAZIN
 70
0
  9
$DIMDSEP
 70
44
  9
$DIMATFIT
 70
3
  9
$DIMFRAC
 70
0
  9
$DIMLDRBLK
  1

  9
$DIMLUNIT
 70
2
  9
$DIMLWD
 70
-2
  9
$DIMLWE
 70
-2
  9
$DIMTMOVE
 70
0
  9
$DIMFXL
 40
1.0
  9
$DIMFXLON
 70
0
  9
$DIMJOGANG
 40
0.785398163397
  9
$DIMTFILL
 70
0
  9
$DIMTFILLCLR
 70
0
  9
$DIMARCSYM
 70
0
  9
$DIMLTYPE
  6

  9
$DIMLTEX1
  6

  9
$DIMLTEX2
  6

  9
$DIMTXTDIRECTION
 70
0
  9
$LUNITS
 70
2
  9
$LUPREC
 70
4
  9
$SKETCHINC
 40
1.0
  9
$FILLETRAD
 40
10.0
  9
$AUNITS
 70
0
  9
$AUPREC
 70
2
  9
$MENU
  1
.
  9
$ELEVATION
 40
0.0
  9
$PELEVATION
 40
0.0
  9
$THICKNESS
 40
0.0
  9
$LIMCHECK
 70
0
  9
$CHAMFERA
 40
0.0
  9
$CHAMFERB
 40
0.0
  9
$CHAMFERC
 40
0.0
  9
$CHAMFERD
 40
0.0
  9
$SKPOLY
 70
0
  9
$TDCREATE
 40
2461288.3095833333
  9
$TDUCREATE
 40
2458532.153996898
  9
$TDUPDATE
 40
2461288.3095833333
  9
$TDUUPDATE
 40
2458532.1544311
  9
$TDINDWG
 40
0.0
  9
$TDUSRTIMER
 40
0.0
  9
$USRTIMER
 70
1
  9
$ANGBASE
 50
0.0
  9
$ANGDIR
 70
0
  9
$PDMODE
 70
0
  9
$PDSIZE
 40
0.0
  9
$PLINEWID
 40
0.0
  9
$SPLFRAME
 70
0
  9
$SPLINETYPE
 70
6
  9
$SPLINESEGS
 70
8
  9
$HANDSEED
  5
B1
  9
$SURFTAB1
 70
6
  9
$SURFTAB2
 70
6
  9
$SURFTYPE
 70
6
  9
$SURFU
 70
6
  9
$SURFV
 70
6
  9
$UCSBASE
  2

  9
$UCSNAME
  2

  9
$UCSORG
 10
0.0
 20
0.0
 30
0.0
  9
$UCSXDIR
 10
1.0
 20
0.0
 30
0.0
  9
$UCSYDIR
 10
0.0
 20
1.0
 30
0.0
  9
$UCSORTHOREF
  2

  9
$UCSORTHOVIEW
 70
0
  9
$UCSORGTOP
 10
0.0
 20
0.0
 30
0.0
  9
$UCSORGBOTTOM
 10
0.0
 20
0.0
 30
0.0
  9
$UCSORGLEFT
 10
0.0
 20
0.0
 30
0.0
  9
$UCSORGRIGHT
 10
0.0
 20
0.0
 30
0.0
  9
$UCSORGFRONT
 10
0.0
 20
0.0
 30
0.0
  9
$UCSORGBACK
 10
0.0
 20
0.0
 30
0.0
  9
$PUCSBASE
  2

  9
$PUCSNAME
  2

  9
$PUCSORG
 10
0.0
 20
0.0
 30
0.0
  9
$PUCSXDIR
 10
1.0
 20
0.0
 30
0.0
  9
$PUCSYDIR
 10
0.0
 20
1.0
 30
0.0
  9
$PUCSORTHOREF
  2

  9
$PUCSORTHOVIEW
 70
0
  9
$PUCSORGTOP
 10
0.0
 20
0.0
 30
0.0
  9
$PUCSORGBOTTOM
 10
0.0
 20
0.0
 30
0.0
  9
$PUCSORGLEFT
 10
0.0
 20
0.0
 30
0.0
  9
$PUCSORGRIGHT
 10
0.0
 20
0.0
 30
0.0
  9
$PUCSORGFRONT
 10
0.0
 20
0.0
 30
0.0
  9
$PUCSORGBACK
 10
0.0
 20
0.0
 30
0.0
  9
$USERI1
 70
0
  9
$USERI2
 70
0
  9
$USERI3
 70
0
  9
$USERI4
 70
0
  9
$USERI5
 70
0
  9
$USERR1
 40
0.0
  9
$USERR2
 40
0.0
  9
$USERR3
 40
0.0
  9
$USERR4
 40
0.0
  9
$USERR5
 40
0.0
  9
$WORLDVIEW
 70
1
  9
$SHADEDGE
 70
3
  9
$SHADEDIF
 70
70
  9
$TILEMODE
 70
1
  9
$MAXACTVP
 70
64
  9
$PINSBASE
 10
0.0
 20
0.0
 30
0.0
  9
$PLIMCHECK
 70
0
  9
$PEXTMIN
 10
1e+20
 20
1e+20
 30
1e+20
  9
$PEXTMAX
 10
-1e+20
 20
-1e+20
 30
-1e+20
  9
$PLIMMIN
 10
0.0
 20
0.0
  9
$PLIMMAX
 10
420.0
 20
297.0
  9
$UNITMODE
 70
0
  9
$VISRETAIN
 70
1
  9
$PLINEGEN
 70
0
  9
$PSLTSCALE
 70
1
  9
$TREEDEPTH
 70
3020
  9
$CMLSTYLE
  2
Standard
  9
$CMLJUST
 70
0
  9
$CMLSCALE
 40
20.0
  9
$PROXYGRAPHICS
 70
1
  9
$MEASUREMENT
 70
1
  9
$CELWEIGHT
370
-1
  9
$ENDCAPS
280
0
  9
$JOINSTYLE
280
0
  9
$LWDISPLAY
290
0
  9
$INSUNITS
 70
4
  9
$HYPERLINKBASE
  1

  9
$STYLESHEET
  1

  9
$XEDIT
290
1
  9
$CEPSNTYPE
380
0
  9
$PSTYLEMODE
290
1
  9
$FINGERPRINTGUID
  2
{0986849E-6573-45AB-9053-83A32C37BEE5}
  9
$VERSIONGUID
  2
{48270489-EF4B-45BD-B83B-84A93C82FA5B}
  9
$EXTNAMES
290
1
  9
$PSVPSCALE
 40
0.0
  9
$OLESTARTUP
290
0
  9
$SORTENTS
280
127
  9
$INDEXCTL
280
0
  9
$HIDETEXT
280
1
  9
$XCLIPFRAME
280
1
  9
$HALOGAP
280
0
  9
$OBSCOLOR
 70
257
  9
$OBSLTYPE
280
0
  9
$INTERSECTIONDISPLAY
280
0
  9
$INTERSECTIONCOLOR
 70
257
  9
$DIMASSOC
280
2
  9
$PROJECTNAME
  1

  9
$CAMERADISPLAY
290
0
  9
$LENSLENGTH
 40
50.0
  9
$CAMERAHEIGHT
 40
0.0
  9
$STEPSPERSEC
 40
24.0
  9
$STEPSIZE
 40
100.0
  9
$3DDWFPREC
 40
2.0
  9
$PSOLWIDTH
 40
0.005
  9
$PSOLHEIGHT
 40
0.08
  9
$LOFTANG1
 40
1.570796326795
  9
$LOFTANG2
 40
1.570796326795
  9
$LOFTMAG1
 40
0.0
  9
$LOFTMAG2
 40
0.0
  9
$LOFTPARAM
 70
7
  9
$LOFTNORMALS
280
1
  9
$LATITUDE
 40
37.795
  9
$LONGITUDE
 40
-122.394
  9
$NORTHDIRECTION
 40
0.0
  9
$TIMEZONE
 70
-8000
  9
$LIGHTGLYPHDISPLAY
280
1
  9
$TILEMODELIGHTSYNCH
280
1
  9
$CMATERIAL
347
20
  9
$SOLIDHIST
280
0
  9
$SHOWHIST
280
1
  9
$DWFFRAME
280
2
  9
$DGNFRAME
280
2
  9
$REALWORLDSCALE
290
1
  9
$INTERFERECOLOR
 62
256
  9
$CSHADOW
280
0
  9
$SHADOWPLANELOCATION
 40
0.0
  0
ENDSEC
  0
SECTION
  2
CLASSES
  0
CLASS
  1
ACDBDICTIONARYWDFLT
  2
AcDbDictionaryWithDefault
  3
ObjectDBX Classes
 90
0
 91
0
280
0
281
0
  0
CLASS
  1
SUN
  2
AcDbSun
  3
SCENEOE
 90
1153
 91
0
280
0
281
0
  0
CLASS
  1
VISUALSTYLE
  2
AcDbVisualStyle
  3
ObjectDBX Classes
 90
4095
 91
0
280
0
281
0
  0
CLASS
  1
MATERIAL
  2
AcDbMaterial
  3
ObjectDBX Classes
 90
1153
 91
0
280
0
281
0
  0
CLASS
  1
SCALE
  2
AcDbScale
  3
ObjectDBX Classes
 90
1153
 91
0
280
0
281
0
  0
CLASS
  1
TABLESTYLE
  2
AcDbTableStyle
  3
ObjectDBX Classes
 90
4095
 91
0
280
0
281
0
  0
CLASS
  1
MLEADERSTYLE
  2
AcDbMLeaderStyle
  3
ACDB_MLEADERSTYLE_CLASS
 90
4095
 91
0
280
0
281
0
  0
CLASS
  1
DICTIONARYVAR
  2
AcDbDictionaryVar
  3
ObjectDBX Classes
 90
0
 91
0
280
0
281
0
  0
CLASS
  1
CELLSTYLEMAP
  2
AcDbCellStyleMap
  3
ObjectDBX Classes
 90
1152
 91
0
280
0
281
0
  0
CLASS
  1
MENTALRAYRENDERSETTINGS
  2
AcDbMentalRayRenderSettings
  3
SCENEOE
 90
1024
 91
0
280
0
281
0
  0
CLASS
  1
ACDBDETAILVIEWSTYLE
  2
AcDbDetailViewStyle
  3
ObjectDBX Classes
 90
1025
 91
0
280
0
281
0
  0
CLASS
  1
ACDBSECTIONVIEWSTYLE
  2
AcDbSectionViewStyle
  3
ObjectDBX Classes
 90
1025
 91
0
280
0
281
0
  0
CLASS
  1
RASTERVARIABLES
  2
AcDbRasterVariables
  3
ISM
 90
0
 91
0
280
0
281
0
  0
CLASS
  1
ACDBPLACEHOLDER
  2
AcDbPlaceHolder
  3
ObjectDBX Classes
 90
0
 91
0
280
0
281
0
  0
CLASS
  1
LAYOUT
  2
AcDbLayout
  3
ObjectDBX Classes
 90
0
 91
0
280
0
281
0
  0
ENDSEC
  0
SECTION
  2
TABLES
  0
TABLE
  2
VPORT
  5
8
330
0
100
AcDbSymbolTable
 70
1
  0
VPORT
  5
23
330
8
100
AcDbSymbolTableRecord
100
AcDbViewportTableRecord
  2
*Active
 70
0
 10
0.0
 20
0.0
 11
1.0
 21
1.0
 12
0.0
 22
0.0
 13
0.0
 23
0.0
 14
0.5
 24
0.5
 15
0.5
 25
0.5
 16
0.0
 26
0.0
 36
1.0
 17
0.0
 27
0.0
 37
0.0
 40
1000.0
 41
1.34
 42
50.0
 43
0.0
 44
0.0
 50
0.0
 51
0.0
 71
0
 72
1000
 73
1
 74
3
 75
0
 76
0
 77
0
 78
0
281
0
 65
0
146
0.0
  0
ENDTAB
  0
TABLE
  2
LTYPE
  5
2
330
0
100
AcDbSymbolTable
 70
3
  0
LTYPE
  5
24
330
2
100
AcDbSymbolTableRecord
100
AcDbLinetypeTableRecord
  2
ByBlock
 70
0
  3

 72
65
 73
0
 40
0.0
  0
LTYPE
  5
25
330
2
100
AcDbSymbolTableRecord
100
AcDbLinetypeTableRecord
  2
ByLayer
 70
0
  3

 72
65
 73
0
 40
0.0
  0
LTYPE
  5
26
330
2
100
AcDbSymbolTableRecord
100
AcDbLinetypeTableRecord
  2
Continuous
 70
0
  3

 72
65
 73
0
 40
0.0
  0
ENDTAB
  0
TABLE
  2
LAYER
  5
1
330
0
100
AcDbSymbolTable
 70
4
  0
LAYER
  5
27
330
1
100
AcDbSymbolTableRecord
100
AcDbLayerTableRecord
  2
0
 70
0
 62
7
  6
Continuous
370
-3
390
13
347
21
  0
LAYER
  5
28
330
1
100
AcDbSymbolTableRecord
100
AcDbLayerTableRecord
  2
Defpoints
 70
0
 62
7
  6
Continuous
290
0
370
-3
390
13
347
21
  0
LAYER
  5
2F
330
1
100
AcDbSymbolTableRecord
100
AcDbLayerTableRecord
  2
LEGEND_SWATCH
 70
0
 62
7
  6
Continuous
370
-3
390
13
347
21
  0
LAYER
  5
36
330
1
100
AcDbSymbolTableRecord
100
AcDbLayerTableRecord
  2
LEGEND_TEXT
 70
0
 62
7
  6
Continuous
370
-3
390
13
347
21
  0
ENDTAB
  0
TABLE
  2
STYLE
  5
5
330
0
100
AcDbSymbolTable
 70
1
  0
STYLE
  5
29
330
5
100
AcDbSymbolTableRecord
100
AcDbTextStyleTableRecord
  2
Standard
 70
0
 40
0.0
 41
1.0
 50
0.0
 71
0
 42
2.5
  3
txt
  4

  0
ENDTAB
  0
TABLE
  2
VIEW
  5
7
330
0
100
AcDbSymbolTable
 70
0
  0
ENDTAB
  0
TABLE
  2
UCS
  5
6
330
0
100
AcDbSymbolTable
 70
0
  0
ENDTAB
  0
TABLE
  2
APPID
  5
3
330
0
100
AcDbSymbolTable
 70
3
  0
APPID
  5
2A
330
3
100
AcDbSymbolTableRecord
100
AcDbRegAppTableRecord
  2
ACAD
 70
0
  0
APPID
  5
AE
330
3
100
AcDbSymbolTableRecord
100
AcDbRegAppTableRecord
  2
HATCHBACKGROUNDCOLOR
 70
0
  0
APPID
  5
AF
330
3
100
AcDbSymbolTableRecord
100
AcDbRegAppTableRecord
  2
EZDXF
 70
0
  0
ENDTAB
  0
TABLE
  2
DIMSTYLE
  5
4
330
0
100
AcDbSymbolTable
 70
1
100
AcDbDimStyleTable
  0
DIMSTYLE
105
2B
330
4
100
AcDbSymbolTableRecord
100
AcDbDimStyleTableRecord
  2
Standard
 70
0
 40
1.0
 41
2.5
 42
0.625
 43
3.75
 44
1.25
 45
0.0
 46
0.0
 47
0.0
 48
0.0
 49
2.5
140
2.5
141
2.5
142
0.0
143
0.03937007874
144
1.0
145
0.0
146
1.0
147
0.625
148
0.0
 69
0
 70
0
 71
0
 72
0
 73
0
 74
0
 75
0
 76
0
 77
1
 78
8
 79
3
170
0
171
3
172
1
173
0
174
0
175
0
176
0
177
0
178
0
179
2
271
2
272
2
273
2
274
3
275
0
276
0
277
2
278
44
279
0
280
0
281
0
282
0
283
0
284
8
285
0
286
0
288
0
289
3
290
0
371
-2
372
-2
  0
ENDTAB
  0
TABLE
  2
BLOCK_RECORD
  5
9
330
0
100
AcDbSymbolTable
 70
2
  0
BLOCK_RECORD
  5
17
330
9
100
AcDbSymbolTableRecord
100
AcDbBlockTableRecord
  2
*Model_Space
340
1A
 70
0
280
1
281
0
  0
BLOCK_RECORD
  5
1B
330
9
100
AcDbSymbolTableRecord
100
AcDbBlockTableRecord
  2
*Paper_Space
340
1E
 70
0
280
1
281
0
  0
ENDTAB
  0
ENDSEC
  0
SECTION
  2
BLOCKS
  0
BLOCK
  5
18
330
17
100
AcDbEntity
  8
0
100
AcDbBlockBegin
  2
*Model_Space
 70
0
 10
0.0
 20
0.0
 30
0.0
  3
*Model_Space
  1

  0
ENDBLK
  5
19
330
17
100
AcDbEntity
  8
0
100
AcDbBlockEnd
  0
BLOCK
  5
1C
330
1B
100
AcDbEntity
  8
0
100
AcDbBlockBegin
  2
*Paper_Space
 70
0
 10
0.0
 20
0.0
 30
0.0
  3
*Paper_Space
  1

  0
ENDBLK
  5
1D
330
1B
100
AcDbEntity
  8
0
100
AcDbBlockEnd
  0
ENDSEC
  0
SECTION
  2
ENTITIES
  0
LWPOLYLINE
  5
30
330
17
100
AcDbEntity
  8
LEGEND_SWATCH
100
AcDbPolyline
 90
4
 70
1
 10
417.375
 20
93.0
 10
417.375
 20
86.0
 10
404.375
 20
86.0
 10
404.375
 20
93.0
  0
LWPOLYLINE
  5
31
330
17
100
AcDbEntity
  8
LEGEND_SWATCH
100
AcDbPolyline
 90
4
 70
1
 10
414.775
 20
94.2
 10
401.775
 20
94.2
 10
401.775
 20
101.2
 10
414.775
 20
101.2
  0
LWPOLYLINE
  5
32
330
17
100
AcDbEntity
  8
LEGEND_SWATCH
100
AcDbPolyline
 90
4
 70
1
 10
412.175
 20
102.4
 10
399.175
 20
102.4
 10
399.175
 20
109.4
 10
412.175
 20
109.4
  0
LWPOLYLINE
  5
33
330
17
100
AcDbEntity
  8
LEGEND_SWATCH
100
AcDbPolyline
 90
4
 70
1
 10
409.575
 20
117.6
 10
409.575
 20
110.6
 10
396.575
 20
110.6
 10
396.575
 20
117.6
  0
LWPOLYLINE
  5
34
330
17
100
AcDbEntity
  8
LEGEND_SWATCH
100
AcDbPolyline
 90
4
 70
1
 10
406.975
 20
118.8
 10
393.975
 20
118.8
 10
393.975
 20
125.8
 10
406.975
 20
125.8
  0
LWPOLYLINE
  5
35
330
17
100
AcDbEntity
  8
LEGEND_SWATCH
100
AcDbPolyline
 90
4
 70
1
 10
404.375
 20
127.0
 10
391.375
 20
127.0
 10
391.375
 20
134.0
 10
404.375
 20
134.0
  0
LWPOLYLINE
  5
37
330
17
100
AcDbEntity
  8
LEGEND_TEXT
100
AcDbPolyline
 90
4
 70
1
 10
438.80819492070293
 20
89.55304329189885
 10
438.80819492070293
 20
88.67638234033433
 10
436.9159960351479
 20
88.67638234033433
 10
436.9159960351479
 20
89.55304329189885
  0
LWPOLYLINE
  5
38
330
17
100
AcDbEntity
  8
LEGEND_TEXT
100
AcDbPolyline
 90
195
 70
1
 10
428.65061172243355
 20
90.14593393364231
 10
428.60525368021325
 20
90.21401620432383
 10
428.5663753583101
 20
90.28604658366373
 10
428.5339767567242
 20
90.36202507166202
 10
428.5080578754554
 20
90.4419516683187
 10
428.48861871450384
 20
90.52582637363373
 10
428.4756592738695
 20
90.61364918760715
 10
428.4691795535523
 20
90.70542011023896
 10
428.46836958851264
 20
90.75278611230176
 10
428.4687839892306
 20
90.7880845770936
 10
428.4720991949743
 20
90.85709359847166
 10
428.4787296064616
 20
90.92398540890886
 10
428.48867522369267
 20
90.98876000840522
 10
428.50193604666737
 20
91.05141739696073
 10
428.5185120753858
 20
91.11195757457538
 10
428.5384033098478
 20
91.1703805412492
 10
428.56160975005355
 20
91.22668629698215
 10
428.588131396003
 20
91.28087484177428
 10
428.6179682476961
 20
91.33294617562554
 10
428.65112030513285
 20
91.38290029853596
 10
428.68758756831335
 20
91.43073721050551
 10
428.72737003723745
 20
91.47645691153424
 10
428.77046771190527
 20
91.5200594016221
 10
428.81688059231675
 20
91.56154468076913
 10
428.86660867847195
 20
91.6009127489753
 10
428.8927159237034
 20
91.61980282897557
 10
428.91968587588406
 20
91.6381965699341
 10
428.97595395882445
 20
91.67323226699796
 10
429.03532627987033
 20
91.70593225092423
 10
429.09780283902165
 20
91.73629652171293
 10
429.1633836362784
 20
91.76432507936401
 10
429.2320686716406
 20
91.79001792387751
 10
429.30385794510823
 20
91.81337505525343
 10
429.3787514566813
 20
91.83439647349175
 10
429.49691217048866
 20
91.86154913871624
 10
429.66532462226746
 20
91.88957769636734
 10
429.84615402646807
 20
91.90826340146806
 10
430.0394003830904
 20
91.91760625401844
 10
430.1406799185598
 20
91.91877411058722
 10
430.24125497280863
 20
91.91761378857694
 10
430.43320538536756
 20
91.90833121249464
 10
430.61288953667486
 20
91.88976606033005
 10
430.7803074267306
 20
91.86191833208315
 10
430.9354590555347
 20
91.82478802775397
 10
431.04377304319144
 20
91.79084860895307
 10
431.11214916165477
 20
91.76532152472674
 10
431.17745871480525
 20
91.73747379647986
 10
431.2397017026428
 20
91.7073054242124
 10
431.29887812516745
 20
91.67481640792434
 10
431.35498798237916
 20
91.64000674761573
 10
431.3818929489927
 20
91.62173167595371
 10
431.4080595288724
 20
91.60289810514226
 10
431.4579006334052
 20
91.56362045163819
 10
431.5044189976358
 20
91.52219544895922
 10
431.54761462156426
 20
91.47862309710538
 10
431.5874875051905
 20
91.43290339607667
 10
431.6240376485145
 20
91.38503634587308
 10
431.6572650515364
 20
91.33502194649459
 10
431.6871697142561
 20
91.28286019794122
 10
431.7137516366735
 20
91.22855110021298
 10
431.73701081878886
 20
91.17209465330984
 10
431.756947260602
 20
91.11349085723184
 10
431.77356096211287
 20
91.05273971197894
 10
431.78685192332165
 20
90.98984121755117
 10
431.7968201442282
 20
90.92479537394851
 10
431.8034656248326
 20
90.85760218117098
 10
431.80678836513476
 20
90.78826163921855
 10
431.80720370767256
 20
90.75278611230176
 10
431.80638620807434
 20
90.70542011023896
 10
431.7998462112891
 20
90.61364918760715
 10
431.7867662177186
 20
90.52582637363373
 10
431.76714622736284
 20
90.4419516683187
 10
431.7409862402218
 20
90.36202507166202
 10
431.70828625629554
 20
90.28604658366373
 10
431.66904627558404
 20
90.21401620432383
 10
431.62326629808723
 20
90.14593393364231
 10
431.5979238105444
 20
90.11337333904844
 10
431.5709802293185
 20
90.08193916095156
 10
431.5123915023575
 20
90.02214490462923
 10
431.44753402271755
 20
89.96644944813545
 10
431.3764077903986
 20
89.91485279147021
 10
431.29901280540076
 20
89.86735493463352
 10
431.215349067724
 20
89.82395587762538
 10
431.1254165773682
 20
89.78465562044578
 10
431.02921533433346
 20
89.74945416309473
 10
430.9787639305615
 20
89.73339048435491
 10
431.03514879915883
 20
89.7169802159237
 10
431.1426518799561
 20
89.68045267627518
 10
431.2431327522235
 20
89.63898246624518
 10
431.3365914159612
 20
89.59256958583369
 10
431.4230278711691
 20
89.54121403504072
 10
431.5024421178472
 20
89.48491581386627
 10
431.5748341559955
 20
89.42367492231033
 10
431.640203985614
 20
89.3574913603729
 10
431.6702555722246
 20
89.32254607801114
 10
431.6985177011895
 20
89.28639903356729
 10
431.74957186964207
 20
89.21060137497321
 10
431.79333258545864
 20
89.13013229010394
 10
431.8297998486391
 20
89.0449917789595
 10
431.85897365918345
 20
88.95517984153986
 10
431.88085401709174
 20
88.86069647784505
 10
431.8954409223639
 20
88.76154168787505
 10
431.902734375
 20
88.65771547162987
 10
431.90364605657953
 20
88.6040505786541
 10
431.90321187764545
 20
88.56253798673248
 10
431.8997384461731
 20
88.48142846439
 10
431.8927915832284
 20
88.40287315738186
 10
431.8823712888113
 20
88.32687206570805
 10
431.86847756292195
 20
88.25342518936857
 10
431.8511104055602
 20
88.18253252836342
 10
431.83026981672606
 20
88.11419408269262
 10
431.8059557964196
 20
88.04840985235614
 10
431.77816834464073
 20
87.985179837354
 10
431.7469074613896
 20
87.92450403768619
 10
431.71217314666603
 20
87.86638245335271
 10
431.67396540047014
 20
87.81081508435356
 10
431.6322842228019
 20
87.75780193068876
 10
431.5871296136613
 20
87.70734299235828
 10
431.5385015730484
 20
87.65943826936214
 10
431.48640010096307
 20
87.61408776170033
 10
431.4590468281183
 20
87.5923703386198
 10
431.43084026652247
 20
87.57130653848988
 10
431.37191248442855
 20
87.53118501443286
 10
431.3096318237985
 20
87.49373825864632
 10
431.2439982846322
 20
87.45896627113025
 10
431.17501186692965
 20
87.42686905188465
 10
431.1026725706909
 20
87.3974466009095
 10
431.0269803959159
 20
87.37069891820484
 10
430.94793534260475
 20
87.34662600377062
 10
430.8655374107573
 20
87.32522785760689
 10
430.7797866003737
 20
87.30650447971362
 10
430.69068291145385
 20
87.29045587009081
 10
430.5982263439978
 20
87.27708202873848
 10
430.45325484555826
 20
87.2620364572171
 10
430.24822443942884
 20
87.25133738413524
 10
430.1406799185598
 20
87.25
 10
430.0327737388823
 20
87.25133738413524
 10
429.8270200151361
 20
87.2620364572171
 10
429.68150602848397
 20
87.27708202873848
 10
429.5886878022195
 20
87.29045587009081
 10
429.49922245449125
 20
87.30650447971362
 10
429.41310998529923
 20
87.32522785760689
 10
429.33035039464346
 20
87.34662600377062
 10
429.2509436825238
 20
87.37069891820484
 10
429.1748898489405
 20
87.3974466009095
 10
429.1021888938933
 20
87.42686905188465
 10
429.0328408173824
 20
87.45896627113025
 10
428.9668456194077
 20
87.49373825864632
 10
428.9042032999692
 20
87.53118501443286
 10
428.84491385906693
 20
87.57130653848988
 10
428.81652646806685
 20
87.5923703386198
 10
428.7889951912773
 20
87.61408776170033
 10
428.73655466405916
 20
87.65943826936214
 10
428.68761017198887
 20
87.70734299235828
 10
428.64216171506644
 20
87.75780193068876
 10
428.60020929329187
 20
87.81081508435356
 10
428.5617529066652
 20
87.86638245335271
 10
428.52679255518643
 20
87.92450403768619
 10
428.49532823885556
 20
87.985179837354
 10
428.4673599576725
 20
88.04840985235614
 10
428.44288771163735
 20
88.11419408269262
 10
428.4219115007501
 20
88.18253252836342
 10
428.4044313250107
 20
88.25342518936857
 10
428.3904471844192
 20
88.32687206570805
 10
428.37995907897556
 20
88.40287315738186
 10
428.3729670086798
 20
88.48142846439
 10
428.3694709735319
 20
88.56253798673248
 10
428.36903396913846
 20
88.6040505786541
 10
428.36994565071797
 20
88.65771547162987
 10
428.37723910335404
 20
88.76154168787505
 10
428.39182600862625
 20
88.86069647784505
 10
428.4137063665345
 20
88.95517984153986
 10
428.44288017707885
 20
89.0449917789595
 10
428.47934744025935
 20
89.13013229010394
 10
428.52310815607586
 20
89.21060137497321
 10
428.5741623245285
 20
89.28639903356729
 10
428.60242445349337
 20
89.32254607801114
 10
428.63247604010394
 20
89.3574913603729
 10
428.69784586972247
 20
89.42367492231033
 10
428.77023790787075
 20
89.48491581386627
 10
428.84965215454883
 20
89.54121403504072
 10
428.9360886097568
 20
89.59256958583369
 10
429.0295472734944
 20
89.63898246624518
 10
429.1300281457619
 20
89.68045267627518
 10
429.23753122655916
 20
89.7169802159237
 10
429.2939160951564
 20
89.73339048435491
 10
429.24346845866376
 20
89.74945416309473
 10
429.14729735386305
 20
89.78465562044578
 10
429.05742513997535
 20
89.82395587762538
 10
428.97385181700065
 20
89.86735493463352
 10
428.89657738493895
 20
89.91485279147021
 10
428.8256018437902
 20
89.96644944813545
 10
428.76092519355444
 20
90.02214490462923
 10
428.7025474342317
 20
90.08193916095156
 10
428.67572063866265
 20
90.11337333904844
  0
LWPOLYLINE
  5
39
330
17
100
AcDbEntity
  8
LEGEND_TEXT
100
AcDbPolyline
 90
72
 70
1
 10
429.61900592383734
 20
89.15027593227605
 10
429.58082078131696
 20
89.10109033433348
 10
429.5480906591567
 20
89.04708261894557
 10
429.5208155573564
 20
88.9882527861123
 10
429.4989954759162
 20
88.92460083583369
 10
429.482630414836
 20
88.85612676810973
 10
429.47172037411593
 20
88.78283058294042
 10
429.4662653537559
 20
88.70471228032577
 10
429.4655834762109
 20
88.66384483497643
 10
429.4662653537559
 20
88.62298115690635
 10
429.47172037411593
 20
88.54489299252572
 10
429.482630414836
 20
88.47165708382448
 10
429.4989954759162
 20
88.40327343080261
 10
429.5208155573564
 20
88.33974203346014
 10
429.5480906591567
 20
88.28106289179705
 10
429.58082078131696
 20
88.22723600581332
 10
429.61900592383734
 20
88.178261375509
 10
429.6401441277325
 20
88.1555936562366
 10
429.6626686903933
 20
88.13433866668453
 10
429.71122138542114
 20
88.09594255652593
 10
429.7644455067242
 20
88.06303160496142
 10
429.8223410543024
 20
88.035605811991
 10
429.8849080281558
 20
88.01366517761466
 10
429.9521464282844
 20
87.9972097018324
 10
430.02405625468816
 20
87.98623938464424
 10
430.10063750736714
 20
87.98075422605015
 10
430.1406799185598
 20
87.9800685812259
 10
430.1804736893217
 20
87.98075422605015
 10
430.25651245378805
 20
87.98623938464424
 10
430.3278195155111
 20
87.9972097018324
 10
430.394394874491
 20
88.01366517761466
 10
430.4562385307276
 20
88.035605811991
 10
430.51335048422095
 20
88.06303160496142
 10
430.56573073497105
 20
88.09594255652593
 10
430.6133792829779
 20
88.13433866668453
 10
430.6354291684526
 20
88.1555936562366
 10
430.6562170153772
 20
88.178261375509
 10
430.69376925498284
 20
88.22723600581332
 10
430.72595688893057
 20
88.28106289179705
 10
430.7527799172203
 20
88.33974203346014
 10
430.7742383398521
 20
88.40327343080261
 10
430.79033215682597
 20
88.47165708382448
 10
430.80106136814186
 20
88.54489299252572
 10
430.80642597379983
 20
88.62298115690635
 10
430.8070965495071
 20
88.66384483497643
 10
430.80642597379983
 20
88.70505887001714
 10
430.80106136814186
 20
88.78377993731247
 10
430.79033215682597
 20
88.85755833422631
 10
430.7742383398521
 20
88.92639406075868
 10
430.7527799172203
 20
88.99028711690956
 10
430.72595688893057
 20
89.04923750267895
 10
430.69376925498284
 20
89.10324521806686
 10
430.6562170153772
 20
89.1523102630733
 10
430.6354291684526
 20
89.17498928418345
 10
430.6133792829779
 20
89.19636105939242
 10
430.56573073497105
 20
89.23496813718924
 10
430.51335048422095
 20
89.26805991815795
 10
430.4562385307276
 20
89.29563640229854
 10
430.394394874491
 20
89.31769758961102
 10
430.3278195155111
 20
89.33424348009537
 10
430.25651245378805
 20
89.34527407375161
 10
430.1804736893217
 20
89.35078937057972
 10
430.1406799185598
 20
89.35147878268324
 10
430.10063750736714
 20
89.35078183602121
 10
430.02405625468816
 20
89.34520626272503
 10
429.9521464282844
 20
89.33405511613266
 10
429.8849080281558
 20
89.31732839624411
 10
429.8223410543024
 20
89.29502610305937
 10
429.7644455067242
 20
89.26714823657844
 10
429.71122138542114
 20
89.23369479680133
 10
429.6626686903933
 20
89.19466578372803
 10
429.6401441277325
 20
89.17306043720532
  0
LWPOLYLINE
  5
3A
330
17
100
AcDbEntity
  8
LEGEND_TEXT
100
AcDbPolyline
 90
72
 70
1
 10
429.7335877223532
 20
90.2048353447814
 10
429.77493737944707
 20
90.17319019904629
 10
429.82026528343334
 20
90.14606578841621
 10
429.86957143431204
 20
90.12346211289113
 10
429.92285583208314
 20
90.10537917247106
 10
429.98011847674667
 20
90.09181696715602
 10
430.0413593683026
 20
90.082775496946
 10
430.10657850675096
 20
90.07825476184098
 10
430.1406799185598
 20
90.07768966995285
 10
430.17407308186887
 20
90.07825476184098
 10
430.2379661380197
 20
90.082775496946
 10
430.2980015002143
 20
90.09181696715602
 10
430.3541791684526
 20
90.10537917247106
 10
430.4064991427347
 20
90.12346211289113
 10
430.45496142306047
 20
90.14606578841621
 10
430.49956600942994
 20
90.17319019904629
 10
430.5403129018431
 20
90.2048353447814
 10
430.5592397128161
 20
90.22235319331332
 10
430.57722470397556
 20
90.24091834547792
 10
430.6097137202636
 20
90.28094192027433
 10
430.6375614485105
 20
90.324823189027
 10
430.66076788871624
 20
90.37256215173596
 10
430.67933304088086
 20
90.4241588084012
 10
430.69325690500426
 20
90.47961315902272
 10
430.7025394810866
 20
90.53892520360051
 10
430.7071807691277
 20
90.60209494213458
 10
430.70776093013285
 20
90.63512644663524
 10
430.7071807691277
 20
90.66815041657736
 10
430.7025394810866
 20
90.73125987864337
 10
430.69325690500426
 20
90.79045137028504
 10
430.67933304088086
 20
90.84572489150236
 10
430.66076788871624
 20
90.89708044229533
 10
430.6375614485105
 20
90.94451802266396
 10
430.6097137202636
 20
90.98803763260823
 10
430.57722470397556
 20
91.02763927212816
 10
430.5592397128161
 20
91.045970852979
 10
430.5403129018431
 20
91.06337191585405
 10
430.49956600942994
 20
91.09480609395092
 10
430.45496142306047
 20
91.12174967517682
 10
430.4064991427347
 20
91.14420265953171
 10
430.3541791684526
 20
91.16216504701565
 10
430.2980015002143
 20
91.17563683762859
 10
430.2379661380197
 20
91.18461803137055
 10
430.17407308186887
 20
91.18910862824154
 10
430.1406799185598
 20
91.18966995285041
 10
430.10657850675096
 20
91.18910486096227
 10
430.0413593683026
 20
91.18458412585727
 10
429.98011847674667
 20
91.17554265564723
 10
429.92285583208314
 20
91.1619804503322
 10
429.86957143431204
 20
91.14389750991214
 10
429.82026528343334
 20
91.12129383438706
 10
429.77493737944707
 20
91.09416942375697
 10
429.7335877223532
 20
91.06252427802185
 10
429.7144047363909
 20
91.04500642948993
 10
429.6963029595746
 20
91.02645257916309
 10
429.6636029756483
 20
90.9865194190688
 10
429.6355744179972
 20
90.94281897972031
 10
429.61221728662133
 20
90.89535126111765
 10
429.59353158152055
 20
90.84411626326082
 10
429.579517302695
 20
90.7891139861498
 10
429.5701744501447
 20
90.73034442978461
 10
429.5655030238695
 20
90.66780759416524
 10
429.5649190955851
 20
90.63512644663524
 10
429.5655030238695
 20
90.60209494213458
 10
429.5701744501447
 20
90.53892520360051
 10
429.579517302695
 20
90.47961315902272
 10
429.59353158152055
 20
90.4241588084012
 10
429.61221728662133
 20
90.37256215173596
 10
429.6355744179972
 20
90.324823189027
 10
429.6636029756483
 20
90.28094192027433
 10
429.6963029595746
 20
90.24091834547792
 10
429.7144047363909
 20
90.22235319331332
  0
LWPOLYLINE
  5
3B
330
17
100
AcDbEntity
  8
LEGEND_TEXT
100
AcDbPolyline
 90
136
 70
1
 10
436.11610846750426
 20
88.43545070473238
 10
436.0784356749625
 20
88.3355876662626
 10
436.03699560316653
 20
88.23971040924373
 10
435.99178825211635
 20
88.1478189336758
 10
435.94281362181204
 20
88.05991323955878
 10
435.89007171225353
 20
87.97599332689268
 10
435.83356252344083
 20
87.89605919567751
 10
435.8038951993142
 20
87.85758679811401
 10
435.7733623427789
 20
87.82020596971442
 10
435.709928894697
 20
87.74900439181043
 10
435.64333846660014
 20
87.68254958576672
 10
435.57359105848826
 20
87.62084155158327
 10
435.5006866703614
 20
87.56388028926007
 10
435.4246253022195
 20
87.51166579879715
 10
435.34540695406264
 20
87.46419808019449
 10
435.26303162589073
 20
87.4214771334521
 10
435.17749931770385
 20
87.38350295856998
 10
435.088810029502
 20
87.35027555554811
 10
434.9969637612851
 20
87.32179492438652
 10
434.9019605130532
 20
87.2980610650852
 10
434.8038002848063
 20
87.27907397764413
 10
434.7024830765444
 20
87.26483366206332
 10
434.59800888826754
 20
87.2553401183428
 10
434.49037771997564
 20
87.25059334648253
 10
434.43537826832403
 20
87.25
 10
434.3802008127277
 20
87.25059334648253
 10
434.2722305893029
 20
87.2553401183428
 10
434.1674399495687
 20
87.26483366206332
 10
434.06582889352495
 20
87.27907397764413
 10
433.96739742117177
 20
87.2980610650852
 10
433.8721455325091
 20
87.32179492438652
 10
433.78007322753695
 20
87.35027555554811
 10
433.69118050625536
 20
87.38350295856998
 10
433.6054673686643
 20
87.4214771334521
 10
433.52293381476375
 20
87.46419808019449
 10
433.4435798445537
 20
87.51166579879715
 10
433.36740545803417
 20
87.56388028926007
 10
433.2944106552052
 20
87.62084155158327
 10
433.22459543606675
 20
87.68254958576672
 10
433.15795980061887
 20
87.74900439181043
 10
433.0945037488614
 20
87.82020596971442
 10
433.06396806686666
 20
87.85758679811401
 10
433.03430074274
 20
87.89605919567751
 10
432.9777915539273
 20
87.97599332689268
 10
432.92504964436887
 20
88.05991323955878
 10
432.8760750140645
 20
88.1478189336758
 10
432.8308676630144
 20
88.23971040924373
 10
432.7894275912184
 20
88.3355876662626
 10
432.7517547986766
 20
88.43545070473238
 10
432.717849285389
 20
88.53929952465307
 10
432.68771105135556
 20
88.6471341260247
 10
432.6613400965763
 20
88.75895450884724
 10
432.63873642105125
 20
88.87476067312072
 10
432.61990002478035
 20
88.9945526188451
 10
432.6048309077636
 20
89.11833034602041
 10
432.59352907000107
 20
89.24609385464665
 10
432.5859945114927
 20
89.3778431447238
 10
432.58222723223855
 20
89.51357821625187
 10
432.5817563223318
 20
89.58294042006001
 10
432.58222723223855
 20
89.65253902064134
 10
432.5859945114927
 20
89.78871863112141
 10
432.59352907000107
 20
89.92087478735802
 10
432.6048309077636
 20
90.04900748935115
 10
432.61990002478035
 20
90.17311673710084
 10
432.63873642105125
 20
90.29320253060705
 10
432.6613400965763
 20
90.4092648698698
 10
432.68771105135556
 20
90.52130375488909
 10
432.717849285389
 20
90.62931918566491
 10
432.7517547986766
 20
90.73331116219728
 10
432.7894275912184
 20
90.83327968448617
 10
432.8308676630144
 20
90.92922475253161
 10
432.8760750140645
 20
91.02114636633358
 10
432.92504964436887
 20
91.10904452589209
 10
432.9777915539273
 20
91.19291923120714
 10
433.03430074274
 20
91.27277048227872
 10
433.06396806686666
 20
91.31118731247321
 10
433.0945037488614
 20
91.3485681408728
 10
433.15795980061887
 20
91.41976971877679
 10
433.22459543606675
 20
91.48622452482051
 10
433.2944106552052
 20
91.54793255900397
 10
433.36740545803417
 20
91.60489382132715
 10
433.4435798445537
 20
91.65710831179008
 10
433.52293381476375
 20
91.70457603039273
 10
433.6054673686643
 20
91.74729697713512
 10
433.69118050625536
 20
91.78527115201726
 10
433.78007322753695
 20
91.81849855503911
 10
433.8721455325091
 20
91.84697918620071
 10
433.96739742117177
 20
91.87071304550204
 10
434.06582889352495
 20
91.8897001329431
 10
434.1674399495687
 20
91.9039404485239
 10
434.2722305893029
 20
91.91343399224442
 10
434.3802008127277
 20
91.91818076410469
 10
434.43537826832403
 20
91.91877411058722
 10
434.49037771997564
 20
91.91818076410469
 10
434.59800888826754
 20
91.91343399224442
 10
434.7024830765444
 20
91.9039404485239
 10
434.8038002848063
 20
91.8897001329431
 10
434.9019605130532
 20
91.87071304550204
 10
434.9969637612851
 20
91.84697918620071
 10
435.088810029502
 20
91.81849855503911
 10
435.17749931770385
 20
91.78527115201726
 10
435.26303162589073
 20
91.74729697713512
 10
435.34540695406264
 20
91.70457603039273
 10
435.4246253022195
 20
91.65710831179008
 10
435.5006866703614
 20
91.60489382132715
 10
435.57359105848826
 20
91.54793255900397
 10
435.64333846660014
 20
91.48622452482051
 10
435.709928894697
 20
91.41976971877679
 10
435.7733623427789
 20
91.3485681408728
 10
435.8038951993142
 20
91.31118731247321
 10
435.83356252344083
 20
91.27277048227872
 10
435.89007171225353
 20
91.19291923120714
 10
435.94281362181204
 20
91.10904452589209
 10
435.99178825211635
 20
91.02114636633358
 10
436.03699560316653
 20
90.92922475253161
 10
436.0784356749625
 20
90.83327968448617
 10
436.11610846750426
 20
90.73331116219728
 10
436.15001398079187
 20
90.62931918566491
 10
436.18015221482534
 20
90.52130375488909
 10
436.20652316960457
 20
90.4092648698698
 10
436.22912684512966
 20
90.29320253060705
 10
436.24796324140056
 20
90.17311673710084
 10
436.26303235841726
 20
90.04900748935115
 10
436.2743341961798
 20
89.92087478735802
 10
436.28186875468816
 20
89.78871863112141
 10
436.28563603394235
 20
89.65253902064134
 10
436.2861069438491
 20
89.58294042006001
 10
436.28563603394235
 20
89.51357821625187
 10
436.28186875468816
 20
89.3778431447238
 10
436.2743341961798
 20
89.24609385464665
 10
436.26303235841726
 20
89.11833034602041
 10
436.24796324140056
 20
88.9945526188451
 10
436.22912684512966
 20
88.87476067312072
 10
436.20652316960457
 20
88.75895450884724
 10
436.18015221482534
 20
88.6471341260247
 10
436.15001398079187
 20
88.53929952465307
  0
LWPOLYLINE
  5
3C
330
17
100
AcDbEntity
  8
LEGEND_TEXT
100
AcDbPolyline
 90
84
 70
1
 10
434.94712548221173
 20
90.82256365864767
 10
434.9008331547364
 20
90.89809007313545
 10
434.84778986283754
 20
90.96282699983927
 10
434.8035770735105
 20
91.00429909350889
 10
434.7719922042435
 20
91.02857544102282
 10
434.73871959387054
 20
91.05015441659076
 10
434.70375924239175
 20
91.0690360202127
 10
434.6671111498071
 20
91.08522025188866
 10
434.6287753161166
 20
91.09870711161862
 10
434.5681070510073
 20
91.11387982881483
 10
434.481308936991
 20
91.1246693165988
 10
434.43537826832403
 20
91.1260180025718
 10
434.38955685075547
 20
91.1246693165988
 10
434.30290942790936
 20
91.11387982881483
 10
434.24229484652943
 20
91.09870711161862
 10
434.2039665473974
 20
91.08522025188866
 10
434.16730338569573
 20
91.0690360202127
 10
434.1323053614244
 20
91.05015441659076
 10
434.09897247458343
 20
91.02857544102282
 10
434.0673047251728
 20
91.00429909350889
 10
434.02292523373876
 20
90.96282699983927
 10
433.96958055949955
 20
90.89809007313545
 10
433.9228964349818
 20
90.82256365864767
 10
433.9020520788684
 20
90.78075439348478
 10
433.8826656598264
 20
90.73576554463138
 10
433.84764503187955
 20
90.63407914300257
 10
433.81762735078223
 20
90.51678113614444
 10
433.7926126165345
 20
90.38387152405701
 10
433.7726008291363
 20
90.23535030674024
 10
433.75759198858765
 20
90.07121748419416
 10
433.74758609488856
 20
89.89147305641877
 10
433.742583148039
 20
89.69611702341406
 10
433.7419577796828
 20
89.59258465495071
 10
433.742583148039
 20
89.48786182624303
 10
433.74758609488856
 20
89.29021528745177
 10
433.75759198858765
 20
89.10830090682597
 10
433.7726008291363
 20
88.94211868436562
 10
433.7926126165345
 20
88.79166862007072
 10
433.81762735078223
 20
88.65695071394127
 10
433.84764503187955
 20
88.53796496597728
 10
433.8826656598264
 20
88.43471137617874
 10
433.9020520788684
 20
88.38898414059152
 10
433.9228964349818
 20
88.34670773280112
 10
433.96958055949955
 20
88.2703374477604
 10
434.02292523373876
 20
88.20487720343978
 10
434.0673047251728
 20
88.16294173442188
 10
434.09897247458343
 20
88.13839414280164
 10
434.1323053614244
 20
88.11657406136145
 10
434.16730338569573
 20
88.09748149010126
 10
434.2039665473974
 20
88.08111642902111
 10
434.24229484652943
 20
88.06747887812098
 10
434.30290942790936
 20
88.05213663335833
 10
434.38955685075547
 20
88.04122659263824
 10
434.43537826832403
 20
88.03986283754823
 10
434.4809623472996
 20
88.04122659263824
 10
434.56715769663526
 20
88.05213663335833
 10
434.6274530010984
 20
88.06747887812098
 10
434.66557786715066
 20
88.08111642902111
 10
434.7020451303311
 20
88.09748149010126
 10
434.7368547906397
 20
88.11657406136145
 10
434.7700068480765
 20
88.13839414280164
 10
434.80150130264144
 20
88.16294173442188
 10
434.84563497910415
 20
88.20487720343978
 10
434.898678271003
 20
88.2703374477604
 10
434.9450911514145
 20
88.34670773280112
 10
434.96581118731245
 20
88.38898414059152
 10
434.98519760635446
 20
88.43471137617874
 10
435.0202182343013
 20
88.53796496597728
 10
435.0502359153986
 20
88.65695071394127
 10
435.07525064964636
 20
88.79166862007072
 10
435.0952624370446
 20
88.94211868436562
 10
435.11027127759326
 20
89.10830090682597
 10
435.12027717129234
 20
89.29021528745177
 10
435.12528011814186
 20
89.48786182624303
 10
435.1259054864981
 20
89.59258465495071
 10
435.12528765270037
 20
89.69611702341406
 10
435.1203449823189
 20
89.89147305641877
 10
435.11045964155596
 20
90.07121748419416
 10
435.0956316304115
 20
90.23535030674024
 10
435.0758609488856
 20
90.38387152405701
 10
435.0511475969781
 20
90.51678113614444
 10
435.02149157468926
 20
90.63407914300257
 10
434.9868928820189
 20
90.73576554463138
 10
434.9677400342906
 20
90.78075439348478
  0
LWPOLYLINE
  5
3D
330
17
100
AcDbEntity
  8
LEGEND_TEXT
100
AcDbPolyline
 90
11
 70
1
 10
425.7765430775825
 20
91.83776253750536
 10
427.066941705958
 20
91.83776253750536
 10
427.066941705958
 20
88.99849978568366
 10
427.7082833261895
 20
88.99849978568366
 10
427.7082833261895
 20
88.15752250321475
 10
427.066941705958
 20
88.15752250321475
 10
427.066941705958
 20
87.33776253750536
 10
425.96942777539647
 20
87.33776253750536
 10
425.96942777539647
 20
88.15752250321475
 10
423.975
 20
88.15752250321475
 10
423.975
 20
89.15184312044578
  0
LWPOLYLINE
  5
3E
330
17
100
AcDbEntity
  8
LEGEND_TEXT
100
AcDbPolyline
 90
3
 70
1
 10
425.96942777539647
 20
88.99849978568366
 10
425.96942777539647
 20
90.88201885983712
 10
424.6983176168024
 20
88.99849978568366
  0
LWPOLYLINE
  5
3F
330
17
100
AcDbEntity
  8
LEGEND_TEXT
100
AcDbPolyline
 90
4
 70
1
 10
438.5979506000857
 20
96.87638234033433
 10
436.70575171453066
 20
96.87638234033433
 10
436.70575171453066
 20
97.75304329189885
 10
438.5979506000857
 20
97.75304329189885
  0
LWPOLYLINE
  5
40
330
17
100
AcDbEntity
  8
LEGEND_TEXT
100
AcDbPolyline
 90
195
 70
1
 10
428.44036740181633
 20
98.3459339336423
 10
428.39500935959603
 20
98.41401620432383
 10
428.3561310376929
 20
98.48604658366374
 10
428.3237324361069
 20
98.56202507166202
 10
428.29781355483817
 20
98.64195166831868
 10
428.2783743938866
 20
98.72582637363374
 10
428.2654149532523
 20
98.81364918760715
 10
428.2589352329351
 20
98.90542011023896
 10
428.2581252678954
 20
98.95278611230175
 10
428.25853966861337
 20
98.9880845770936
 10
428.261854874357
 20
99.05709359847165
 10
428.2684852858444
 20
99.12398540890887
 10
428.27843090307545
 20
99.18876000840521
 10
428.29169172605015
 20
99.25141739696073
 10
428.3082677547685
 20
99.31195757457539
 10
428.3281589892306
 20
99.37038054124919
 10
428.3513654294363
 20
99.42668629698215
 10
428.3778870753858
 20
99.48087484177427
 10
428.40772392707885
 20
99.53294617562554
 10
428.4408759845156
 20
99.58290029853595
 10
428.4773432476961
 20
99.63073721050552
 10
428.5171257166202
 20
99.67645691153423
 10
428.56022339128805
 20
99.72005940162211
 10
428.60663627169953
 20
99.76154468076913
 10
428.6563643578547
 20
99.80091274897529
 10
428.6824716030861
 20
99.81980282897557
 10
428.70944155526684
 20
99.8381965699341
 10
428.7657096382072
 20
99.87323226699796
 10
428.8250819592531
 20
99.90593225092424
 10
428.88755851840443
 20
99.93629652171292
 10
428.9531393156612
 20
99.96432507936402
 10
429.0218243510234
 20
99.99001792387752
 10
429.093613624491
 20
100.01337505525342
 10
429.1685071360641
 20
100.03439647349174
 10
429.28666784987144
 20
100.06154913871625
 10
429.45508030165024
 20
100.08957769636734
 10
429.63590970585085
 20
100.10826340146807
 10
429.8291560624732
 20
100.11760625401843
 10
429.93043559794256
 20
100.11877411058722
 10
430.0310106521914
 20
100.11761378857693
 10
430.22296106475034
 20
100.10833121249465
 10
430.40264521605764
 20
100.08976606033005
 10
430.57006310611337
 20
100.06191833208315
 10
430.7252147349175
 20
100.02478802775397
 10
430.8335287225742
 20
99.99084860895306
 10
430.90190484103755
 20
99.96532152472675
 10
430.96721439418803
 20
99.93747379647985
 10
431.02945738202556
 20
99.90730542421238
 10
431.0886338045502
 20
99.87481640792434
 10
431.14474366176194
 20
99.84000674761573
 10
431.17164862837546
 20
99.82173167595371
 10
431.1978152082552
 20
99.80289810514225
 10
431.24765631278797
 20
99.76362045163818
 10
431.2941746770186
 20
99.72219544895923
 10
431.337370300947
 20
99.67862309710539
 10
431.3772431845732
 20
99.63290339607667
 10
431.4137933278973
 20
99.58503634587306
 10
431.4470207309191
 20
99.5350219464946
 10
431.4769253936388
 20
99.48286019794122
 10
431.5035073160563
 20
99.42855110021297
 10
431.52676649817164
 20
99.37209465330984
 10
431.54670293998475
 20
99.31349085723184
 10
431.56331664149565
 20
99.25273971197895
 10
431.5766076027044
 20
99.18984121755116
 10
431.586575823611
 20
99.1247953739485
 10
431.5932213042153
 20
99.05760218117096
 10
431.59654404451754
 20
98.98826163921855
 10
431.5969593870553
 20
98.95278611230175
 10
431.5961418874571
 20
98.90542011023896
 10
431.5896018906719
 20
98.81364918760715
 10
431.5765218971014
 20
98.72582637363374
 10
431.5569019067456
 20
98.64195166831868
 10
431.53074191960457
 20
98.56202507166202
 10
431.4980419356783
 20
98.48604658366374
 10
431.45880195496676
 20
98.41401620432383
 10
431.41302197747
 20
98.3459339336423
 10
431.3876794899271
 20
98.31337333904844
 10
431.36073590870126
 20
98.28193916095157
 10
431.3021471817402
 20
98.22214490462923
 10
431.23728970210027
 20
98.16644944813545
 10
431.1661634697814
 20
98.11485279147021
 10
431.08876848478354
 20
98.06735493463351
 10
431.0051047471067
 20
98.02395587762537
 10
430.91517225675096
 20
97.98465562044578
 10
430.81897101371624
 20
97.94945416309473
 10
430.7685196099443
 20
97.9333904843549
 10
430.82490447854155
 20
97.9169802159237
 10
430.93240755933886
 20
97.88045267627518
 10
431.0328884316063
 20
97.83898246624517
 10
431.126347095344
 20
97.79256958583369
 10
431.2127835505519
 20
97.74121403504071
 10
431.29219779722996
 20
97.68491581386627
 10
431.3645898353783
 20
97.62367492231033
 10
431.4299596649968
 20
97.55749136037291
 10
431.4600112516074
 20
97.52254607801115
 10
431.4882733805722
 20
97.4863990335673
 10
431.53932754902485
 20
97.41060137497321
 10
431.5830882648414
 20
97.33013229010395
 10
431.61955552802186
 20
97.24499177895949
 10
431.6487293385662
 20
97.15517984153986
 10
431.6706096964745
 20
97.06069647784504
 10
431.68519660174667
 20
96.96154168787506
 10
431.6924900543828
 20
96.85771547162987
 10
431.6934017359623
 20
96.80405057865408
 10
431.6929675570282
 20
96.76253798673248
 10
431.6894941255559
 20
96.68142846439
 10
431.6825472626112
 20
96.60287315738185
 10
431.6721269681941
 20
96.52687206570805
 10
431.65823324230473
 20
96.45342518936857
 10
431.64086608494296
 20
96.38253252836343
 10
431.62002549610884
 20
96.31419408269261
 10
431.5957114758023
 20
96.24840985235613
 10
431.5679240240235
 20
96.185179837354
 10
431.53666314077236
 20
96.1245040376862
 10
431.5019288260488
 20
96.0663824533527
 10
431.4637210798529
 20
96.01081508435357
 10
431.4220399021847
 20
95.95780193068876
 10
431.3768852930441
 20
95.90734299235828
 10
431.3282572524312
 20
95.85943826936214
 10
431.27615578034585
 20
95.81408776170034
 10
431.24880250750107
 20
95.7923703386198
 10
431.2205959459052
 20
95.77130653848987
 10
431.1616681638113
 20
95.73118501443287
 10
431.0993875031813
 20
95.69373825864632
 10
431.033753964015
 20
95.65896627113025
 10
430.96476754631243
 20
95.62686905188464
 10
430.8924282500737
 20
95.5974466009095
 10
430.8167360752987
 20
95.57069891820483
 10
430.73769102198753
 20
95.54662600377063
 10
430.6552930901401
 20
95.5252278576069
 10
430.5695422797565
 20
95.50650447971361
 10
430.4804385908366
 20
95.49045587009081
 10
430.3879820233806
 20
95.47708202873848
 10
430.24301052494104
 20
95.4620364572171
 10
430.0379801188116
 20
95.45133738413523
 10
429.93043559794256
 20
95.45
 10
429.8225294182651
 20
95.45133738413523
 10
429.6167756945189
 20
95.4620364572171
 10
429.47126170786674
 20
95.47708202873848
 10
429.3784434816023
 20
95.49045587009081
 10
429.288978133874
 20
95.50650447971361
 10
429.202865664682
 20
95.5252278576069
 10
429.1201060740262
 20
95.54662600377063
 10
429.0406993619066
 20
95.57069891820483
 10
428.9646455283232
 20
95.5974466009095
 10
428.8919445732761
 20
95.62686905188464
 10
428.8225964967652
 20
95.65896627113025
 10
428.75660129879043
 20
95.69373825864632
 10
428.693958979352
 20
95.73118501443287
 10
428.6346695384497
 20
95.77130653848987
 10
428.60628214744963
 20
95.7923703386198
 10
428.5787508706601
 20
95.81408776170034
 10
428.52631034344193
 20
95.85943826936214
 10
428.47736585137164
 20
95.90734299235828
 10
428.4319173944492
 20
95.95780193068876
 10
428.38996497267465
 20
96.01081508435357
 10
428.351508586048
 20
96.0663824533527
 10
428.3165482345692
 20
96.1245040376862
 10
428.28508391823834
 20
96.185179837354
 10
428.2571156370553
 20
96.24840985235613
 10
428.23264339102013
 20
96.31419408269261
 10
428.21166718013285
 20
96.38253252836343
 10
428.1941870043935
 20
96.45342518936857
 10
428.180202863802
 20
96.52687206570805
 10
428.16971475835834
 20
96.60287315738185
 10
428.16272268806256
 20
96.68142846439
 10
428.1592266529147
 20
96.76253798673248
 10
428.15878964852124
 20
96.80405057865408
 10
428.15970133010075
 20
96.85771547162987
 10
428.1669947827368
 20
96.96154168787506
 10
428.18158168800903
 20
97.06069647784504
 10
428.20346204591726
 20
97.15517984153986
 10
428.2326358564616
 20
97.24499177895949
 10
428.26910311964207
 20
97.33013229010395
 10
428.31286383545864
 20
97.41060137497321
 10
428.3639180039113
 20
97.4863990335673
 10
428.39218013287615
 20
97.52254607801115
 10
428.4222317194867
 20
97.55749136037291
 10
428.48760154910525
 20
97.62367492231033
 10
428.55999358725353
 20
97.68491581386627
 10
428.6394078339316
 20
97.74121403504071
 10
428.7258442891395
 20
97.79256958583369
 10
428.8193029528772
 20
97.83898246624517
 10
428.9197838251447
 20
97.88045267627518
 10
429.02728690594193
 20
97.9169802159237
 10
429.0836717745392
 20
97.9333904843549
 10
429.03322413804653
 20
97.94945416309473
 10
428.93705303324583
 20
97.98465562044578
 10
428.84718081935813
 20
98.02395587762537
 10
428.76360749638343
 20
98.06735493463351
 10
428.6863330643217
 20
98.11485279147021
 10
428.615357523173
 20
98.16644944813545
 10
428.5506808729372
 20
98.22214490462923
 10
428.49230311361447
 20
98.28193916095157
 10
428.46547631804543
 20
98.31337333904844
  0
LWPOLYLINE
  5
41
330
17
100
AcDbEntity
  8
LEGEND_TEXT
100
AcDbPolyline
 90
72
 70
1
 10
429.4087616032201
 20
97.35027593227603
 10
429.37057646069974
 20
97.30109033433348
 10
429.3378463385394
 20
97.24708261894557
 10
429.3105712367392
 20
97.1882527861123
 10
429.288751155299
 20
97.12460083583369
 10
429.2723860942188
 20
97.05612676810972
 10
429.2614760534987
 20
96.98283058294042
 10
429.25602103313867
 20
96.90471228032575
 10
429.2553391555937
 20
96.86384483497642
 10
429.25602103313867
 20
96.82298115690634
 10
429.2614760534987
 20
96.74489299252572
 10
429.2723860942188
 20
96.67165708382447
 10
429.288751155299
 20
96.60327343080262
 10
429.3105712367392
 20
96.53974203346013
 10
429.3378463385394
 20
96.48106289179704
 10
429.37057646069974
 20
96.42723600581333
 10
429.4087616032201
 20
96.378261375509
 10
429.4298998071153
 20
96.3555936562366
 10
429.45242436977605
 20
96.33433866668453
 10
429.5009770648039
 20
96.29594255652593
 10
429.5542011861069
 20
96.26303160496143
 10
429.6120967336852
 20
96.235605811991
 10
429.67466370753857
 20
96.21366517761466
 10
429.74190210766716
 20
96.1972097018324
 10
429.81381193407094
 20
96.18623938464424
 10
429.8903931867499
 20
96.18075422605014
 10
429.93043559794256
 20
96.18006858122588
 10
429.97022936870445
 20
96.18075422605014
 10
430.0462681331708
 20
96.18623938464424
 10
430.1175751948939
 20
96.1972097018324
 10
430.1841505538738
 20
96.21366517761466
 10
430.2459942101104
 20
96.235605811991
 10
430.30310616360373
 20
96.26303160496143
 10
430.35548641435383
 20
96.29594255652593
 10
430.4031349623607
 20
96.33433866668453
 10
430.4251848478354
 20
96.3555936562366
 10
430.44597269476
 20
96.378261375509
 10
430.4835249343656
 20
96.42723600581333
 10
430.51571256831335
 20
96.48106289179704
 10
430.5425355966031
 20
96.53974203346013
 10
430.5639940192349
 20
96.60327343080262
 10
430.58008783620875
 20
96.67165708382447
 10
430.59081704752464
 20
96.74489299252572
 10
430.5961816531826
 20
96.82298115690634
 10
430.5968522288898
 20
96.86384483497642
 10
430.5961816531826
 20
96.90505887001714
 10
430.59081704752464
 20
96.98377993731248
 10
430.58008783620875
 20
97.05755833422631
 10
430.5639940192349
 20
97.12639406075868
 10
430.5425355966031
 20
97.19028711690956
 10
430.51571256831335
 20
97.24923750267895
 10
430.4835249343656
 20
97.30324521806686
 10
430.44597269476
 20
97.35231026307329
 10
430.4251848478354
 20
97.37498928418346
 10
430.4031349623607
 20
97.3963610593924
 10
430.35548641435383
 20
97.43496813718924
 10
430.30310616360373
 20
97.46805991815795
 10
430.2459942101104
 20
97.49563640229854
 10
430.1841505538738
 20
97.51769758961102
 10
430.1175751948939
 20
97.53424348009537
 10
430.0462681331708
 20
97.54527407375161
 10
429.97022936870445
 20
97.55078937057972
 10
429.93043559794256
 20
97.55147878268323
 10
429.8903931867499
 20
97.55078183602122
 10
429.81381193407094
 20
97.54520626272503
 10
429.74190210766716
 20
97.53405511613266
 10
429.67466370753857
 20
97.51732839624411
 10
429.6120967336852
 20
97.49502610305936
 10
429.5542011861069
 20
97.46714823657844
 10
429.5009770648039
 20
97.43369479680133
 10
429.45242436977605
 20
97.39466578372803
 10
429.4298998071153
 20
97.37306043720531
  0
LWPOLYLINE
  5
42
330
17
100
AcDbEntity
  8
LEGEND_TEXT
100
AcDbPolyline
 90
72
 70
1
 10
429.523343401736
 20
98.40483534478139
 10
429.56469305882985
 20
98.37319019904629
 10
429.6100209628161
 20
98.3460657884162
 10
429.6593271136948
 20
98.32346211289112
 10
429.7126115114659
 20
98.30537917247106
 10
429.76987415612945
 20
98.29181696715602
 10
429.8311150476854
 20
98.28277549694599
 10
429.89633418613374
 20
98.27825476184097
 10
429.93043559794256
 20
98.27768966995285
 10
429.9638287612516
 20
98.27825476184097
 10
430.0277218174025
 20
98.28277549694599
 10
430.0877571795971
 20
98.29181696715602
 10
430.1439348478354
 20
98.30537917247106
 10
430.19625482211745
 20
98.32346211289112
 10
430.2447171024432
 20
98.3460657884162
 10
430.2893216888127
 20
98.37319019904629
 10
430.3300685812259
 20
98.40483534478139
 10
430.3489953921989
 20
98.42235319331333
 10
430.36698038335834
 20
98.44091834547793
 10
430.39946939964636
 20
98.48094192027432
 10
430.4273171278933
 20
98.524823189027
 10
430.450523568099
 20
98.57256215173597
 10
430.4690887202636
 20
98.6241588084012
 10
430.48301258438704
 20
98.67961315902272
 10
430.4922951604693
 20
98.73892520360052
 10
430.4969364485105
 20
98.80209494213459
 10
430.4975166095156
 20
98.83512644663523
 10
430.4969364485105
 20
98.86815041657736
 10
430.4922951604693
 20
98.93125987864337
 10
430.48301258438704
 20
98.99045137028504
 10
430.4690887202636
 20
99.04572489150236
 10
430.450523568099
 20
99.09708044229532
 10
430.4273171278933
 20
99.14451802266395
 10
430.39946939964636
 20
99.18803763260823
 10
430.36698038335834
 20
99.22763927212816
 10
430.3489953921989
 20
99.245970852979
 10
430.3300685812259
 20
99.26337191585405
 10
430.2893216888127
 20
99.29480609395092
 10
430.2447171024432
 20
99.3217496751768
 10
430.19625482211745
 20
99.34420265953172
 10
430.1439348478354
 20
99.36216504701565
 10
430.0877571795971
 20
99.37563683762859
 10
430.0277218174025
 20
99.38461803137055
 10
429.9638287612516
 20
99.38910862824153
 10
429.93043559794256
 20
99.38966995285041
 10
429.89633418613374
 20
99.38910486096228
 10
429.8311150476854
 20
99.38458412585726
 10
429.76987415612945
 20
99.37554265564724
 10
429.7126115114659
 20
99.36198045033218
 10
429.6593271136948
 20
99.34389750991213
 10
429.6100209628161
 20
99.32129383438705
 10
429.56469305882985
 20
99.29416942375697
 10
429.523343401736
 20
99.26252427802186
 10
429.5041604157737
 20
99.24500642948993
 10
429.48605863895733
 20
99.2264525791631
 10
429.4533586550311
 20
99.18651941906879
 10
429.42533009737997
 20
99.14281897972032
 10
429.40197296600405
 20
99.09535126111766
 10
429.38328726090333
 20
99.04411626326082
 10
429.3692729820778
 20
98.9891139861498
 10
429.3599301295274
 20
98.93034442978461
 10
429.3552587032523
 20
98.86780759416524
 10
429.35467477496786
 20
98.83512644663523
 10
429.3552587032523
 20
98.80209494213459
 10
429.3599301295274
 20
98.73892520360052
 10
429.3692729820778
 20
98.67961315902272
 10
429.38328726090333
 20
98.6241588084012
 10
429.40197296600405
 20
98.57256215173597
 10
429.42533009737997
 20
98.524823189027
 10
429.4533586550311
 20
98.48094192027432
 10
429.48605863895733
 20
98.44091834547793
 10
429.5041604157737
 20
98.42235319331333
  0
LWPOLYLINE
  5
43
330
17
100
AcDbEntity
  8
LEGEND_TEXT
100
AcDbPolyline
 90
136
 70
1
 10
435.90586414688704
 20
96.63545070473236
 10
435.86819135434524
 20
96.53558766626259
 10
435.8267512825493
 20
96.43971040924373
 10
435.78154393149913
 20
96.3478189336758
 10
435.7325693011948
 20
96.25991323955877
 10
435.6798273916363
 20
96.17599332689268
 10
435.6233182028236
 20
96.09605919567751
 10
435.59365087869696
 20
96.05758679811402
 10
435.56311802216163
 20
96.02020596971443
 10
435.49968457407977
 20
95.94900439181043
 10
435.4330941459829
 20
95.88254958576671
 10
435.36334673787104
 20
95.82084155158326
 10
435.2904423497442
 20
95.76388028926007
 10
435.2143809816023
 20
95.71166579879714
 10
435.1351626334454
 20
95.6641980801945
 10
435.0527873052735
 20
95.6214771334521
 10
434.9672549970866
 20
95.58350295856997
 10
434.87856570888476
 20
95.55027555554811
 10
434.78671944066787
 20
95.52179492438651
 10
434.691716192436
 20
95.49806106508518
 10
434.5935559641891
 20
95.47907397764413
 10
434.4922387559272
 20
95.46483366206333
 10
434.38776456765027
 20
95.4553401183428
 10
434.2801333993584
 20
95.45059334648253
 10
434.2251339477068
 20
95.45
 10
434.1699564921105
 20
95.45059334648253
 10
434.0619862686857
 20
95.4553401183428
 10
433.95719562895147
 20
95.46483366206333
 10
433.85558457290773
 20
95.47907397764413
 10
433.75715310055455
 20
95.49806106508518
 10
433.66190121189186
 20
95.52179492438651
 10
433.5698289069197
 20
95.55027555554811
 10
433.48093618563814
 20
95.58350295856997
 10
433.39522304804706
 20
95.6214771334521
 10
433.31268949414647
 20
95.6641980801945
 10
433.2333355239365
 20
95.71166579879714
 10
433.15716113741695
 20
95.76388028926007
 10
433.08416633458796
 20
95.82084155158326
 10
433.01435111544953
 20
95.88254958576671
 10
432.9477154800016
 20
95.94900439181043
 10
432.8842594282442
 20
96.02020596971443
 10
432.85372374624944
 20
96.05758679811402
 10
432.8240564221228
 20
96.09605919567751
 10
432.7675472333101
 20
96.17599332689268
 10
432.7148053237516
 20
96.25991323955877
 10
432.6658306934473
 20
96.3478189336758
 10
432.62062334239715
 20
96.43971040924373
 10
432.57918327060116
 20
96.53558766626259
 10
432.54151047805937
 20
96.63545070473236
 10
432.50760496477176
 20
96.73929952465308
 10
432.47746673073834
 20
96.8471341260247
 10
432.45109577595906
 20
96.95895450884724
 10
432.42849210043397
 20
97.07476067312071
 10
432.40965570416313
 20
97.19455261884511
 10
432.39458658714636
 20
97.31833034602042
 10
432.38328474938385
 20
97.44609385464665
 10
432.37575019087546
 20
97.5778431447238
 10
432.37198291162133
 20
97.71357821625188
 10
432.37151200171456
 20
97.78294042006002
 10
432.37198291162133
 20
97.85253902064134
 10
432.37575019087546
 20
97.9887186311214
 10
432.38328474938385
 20
98.12087478735802
 10
432.39458658714636
 20
98.24900748935116
 10
432.40965570416313
 20
98.37311673710083
 10
432.42849210043397
 20
98.49320253060705
 10
432.45109577595906
 20
98.6092648698698
 10
432.47746673073834
 20
98.72130375488909
 10
432.50760496477176
 20
98.82931918566491
 10
432.54151047805937
 20
98.93331116219727
 10
432.57918327060116
 20
99.03327968448617
 10
432.62062334239715
 20
99.12922475253161
 10
432.6658306934473
 20
99.22114636633358
 10
432.7148053237516
 20
99.30904452589209
 10
432.7675472333101
 20
99.39291923120713
 10
432.8240564221228
 20
99.47277048227872
 10
432.85372374624944
 20
99.51118731247321
 10
432.8842594282442
 20
99.5485681408728
 10
432.9477154800016
 20
99.61976971877678
 10
433.01435111544953
 20
99.68622452482052
 10
433.08416633458796
 20
99.74793255900397
 10
433.15716113741695
 20
99.80489382132716
 10
433.2333355239365
 20
99.85710831179007
 10
433.31268949414647
 20
99.90457603039273
 10
433.39522304804706
 20
99.94729697713512
 10
433.48093618563814
 20
99.98527115201725
 10
433.5698289069197
 20
100.01849855503912
 10
433.66190121189186
 20
100.0469791862007
 10
433.75715310055455
 20
100.07071304550203
 10
433.85558457290773
 20
100.0897001329431
 10
433.95719562895147
 20
100.1039404485239
 10
434.0619862686857
 20
100.11343399224442
 10
434.1699564921105
 20
100.1181807641047
 10
434.2251339477068
 20
100.11877411058722
 10
434.2801333993584
 20
100.1181807641047
 10
434.38776456765027
 20
100.11343399224442
 10
434.4922387559272
 20
100.1039404485239
 10
434.5935559641891
 20
100.0897001329431
 10
434.691716192436
 20
100.07071304550203
 10
434.78671944066787
 20
100.0469791862007
 10
434.87856570888476
 20
100.01849855503912
 10
434.9672549970866
 20
99.98527115201725
 10
435.0527873052735
 20
99.94729697713512
 10
435.1351626334454
 20
99.90457603039273
 10
435.2143809816023
 20
99.85710831179007
 10
435.2904423497442
 20
99.80489382132716
 10
435.36334673787104
 20
99.74793255900397
 10
435.4330941459829
 20
99.68622452482052
 10
435.49968457407977
 20
99.61976971877678
 10
435.56311802216163
 20
99.5485681408728
 10
435.59365087869696
 20
99.51118731247321
 10
435.6233182028236
 20
99.47277048227872
 10
435.6798273916363
 20
99.39291923120713
 10
435.7325693011948
 20
99.30904452589209
 10
435.78154393149913
 20
99.22114636633358
 10
435.8267512825493
 20
99.12922475253161
 10
435.86819135434524
 20
99.03327968448617
 10
435.90586414688704
 20
98.93331116219727
 10
435.93976966017465
 20
98.82931918566491
 10
435.9699078942081
 20
98.72130375488909
 10
435.99627884898734
 20
98.6092648698698
 10
436.01888252451243
 20
98.49320253060705
 10
436.03771892078333
 20
98.37311673710083
 10
436.05278803780004
 20
98.24900748935116
 10
436.06408987556256
 20
98.12087478735802
 10
436.07162443407094
 20
97.9887186311214
 10
436.07539171332513
 20
97.85253902064134
 10
436.0758626232319
 20
97.78294042006002
 10
436.07539171332513
 20
97.71357821625188
 10
436.07162443407094
 20
97.5778431447238
 10
436.06408987556256
 20
97.44609385464665
 10
436.05278803780004
 20
97.31833034602042
 10
436.03771892078333
 20
97.19455261884511
 10
436.01888252451243
 20
97.07476067312071
 10
435.99627884898734
 20
96.95895450884724
 10
435.9699078942081
 20
96.8471341260247
 10
435.93976966017465
 20
96.73929952465308
  0
LWPOLYLINE
  5
44
330
17
100
AcDbEntity
  8
LEGEND_TEXT
100
AcDbPolyline
 90
84
 70
1
 10
434.7368811615945
 20
99.02256365864767
 10
434.6905888341192
 20
99.09809007313545
 10
434.6375455422203
 20
99.16282699983927
 10
434.5933327528933
 20
99.2042990935089
 10
434.56174788362625
 20
99.22857544102283
 10
434.5284752732533
 20
99.25015441659076
 10
434.49351492177453
 20
99.26903602021271
 10
434.4568668291899
 20
99.28522025188866
 10
434.41853099549934
 20
99.29870711161863
 10
434.35786273039
 20
99.31387982881483
 10
434.2710646163738
 20
99.3246693165988
 10
434.2251339477068
 20
99.3260180025718
 10
434.17931253013825
 20
99.3246693165988
 10
434.09266510729213
 20
99.31387982881483
 10
434.03205052591215
 20
99.29870711161863
 10
433.99372222678016
 20
99.28522025188866
 10
433.9570590650785
 20
99.26903602021271
 10
433.9220610408072
 20
99.25015441659076
 10
433.8887281539662
 20
99.22857544102283
 10
433.85706040455557
 20
99.2042990935089
 10
433.81268091312154
 20
99.16282699983927
 10
433.7593362388823
 20
99.09809007313545
 10
433.7126521143646
 20
99.02256365864767
 10
433.6918077582512
 20
98.98075439348479
 10
433.67242133920917
 20
98.93576554463138
 10
433.63740071126233
 20
98.83407914300257
 10
433.607383030165
 20
98.71678113614445
 10
433.58236829591726
 20
98.583871524057
 10
433.5623565085191
 20
98.43535030674025
 10
433.5473476679704
 20
98.27121748419417
 10
433.53734177427134
 20
98.09147305641878
 10
433.53233882742177
 20
97.89611702341406
 10
433.5317134590656
 20
97.7925846549507
 10
433.53233882742177
 20
97.68786182624304
 10
433.53734177427134
 20
97.49021528745178
 10
433.5473476679704
 20
97.30830090682598
 10
433.5623565085191
 20
97.14211868436563
 10
433.58236829591726
 20
96.99166862007073
 10
433.607383030165
 20
96.85695071394127
 10
433.63740071126233
 20
96.73796496597728
 10
433.67242133920917
 20
96.63471137617874
 10
433.6918077582512
 20
96.5889841405915
 10
433.7126521143646
 20
96.54670773280111
 10
433.7593362388823
 20
96.47033744776039
 10
433.81268091312154
 20
96.40487720343978
 10
433.85706040455557
 20
96.36294173442188
 10
433.8887281539662
 20
96.33839414280165
 10
433.9220610408072
 20
96.31657406136145
 10
433.9570590650785
 20
96.29748149010126
 10
433.99372222678016
 20
96.28111642902111
 10
434.03205052591215
 20
96.26747887812098
 10
434.09266510729213
 20
96.25213663335833
 10
434.17931253013825
 20
96.24122659263823
 10
434.2251339477068
 20
96.23986283754822
 10
434.2707180266824
 20
96.24122659263823
 10
434.356913376018
 20
96.25213663335833
 10
434.41720868048117
 20
96.26747887812098
 10
434.45533354653344
 20
96.28111642902111
 10
434.4918008097139
 20
96.29748149010126
 10
434.5266104700225
 20
96.31657406136145
 10
434.55976252745927
 20
96.33839414280165
 10
434.5912569820242
 20
96.36294173442188
 10
434.6353906584869
 20
96.40487720343978
 10
434.6884339503858
 20
96.47033744776039
 10
434.73484683079727
 20
96.54670773280111
 10
434.75556686669523
 20
96.5889841405915
 10
434.77495328573724
 20
96.63471137617874
 10
434.8099739136841
 20
96.73796496597728
 10
434.8399915947814
 20
96.85695071394127
 10
434.86500632902914
 20
96.99166862007073
 10
434.8850181164273
 20
97.14211868436563
 10
434.900026956976
 20
97.30830090682598
 10
434.91003285067507
 20
97.49021528745178
 10
434.91503579752464
 20
97.68786182624304
 10
434.91566116588086
 20
97.7925846549507
 10
434.91504333208314
 20
97.89611702341406
 10
434.9101006617017
 20
98.09147305641878
 10
434.9002153209387
 20
98.27121748419417
 10
434.8853873097943
 20
98.43535030674025
 10
434.8656166282683
 20
98.583871524057
 10
434.8409032763609
 20
98.71678113614445
 10
434.811247254072
 20
98.83407914300257
 10
434.77664856140166
 20
98.93576554463138
 10
434.7574957136734
 20
98.98075439348479
  0
LWPOLYLINE
  5
45
330
17
100
AcDbEntity
  8
LEGEND_TEXT
100
AcDbPolyline
 90
11
 70
1
 10
439.21060062151736
 20
97.35184312044578
 10
441.01214369909985
 20
100.03776253750536
 10
442.30254232747535
 20
100.03776253750536
 10
442.30254232747535
 20
97.19849978568367
 10
442.9438839477068
 20
97.19849978568367
 10
442.9438839477068
 20
96.35752250321474
 10
442.30254232747535
 20
96.35752250321474
 10
442.30254232747535
 20
95.53776253750536
 10
441.20502839691386
 20
95.53776253750536
 10
441.20502839691386
 20
96.35752250321474
 10
439.21060062151736
 20
96.35752250321474
  0
LWPOLYLINE
  5
46
330
17
100
AcDbEntity
  8
LEGEND_TEXT
100
AcDbPolyline
 90
3
 70
1
 10
439.93391823831973
 20
97.19849978568367
 10
441.20502839691386
 20
97.19849978568367
 10
441.20502839691386
 20
99.08201885983712
  0
LWPOLYLINE
  5
47
330
17
100
AcDbEntity
  8
LEGEND_TEXT
100
AcDbPolyline
 90
112
 70
1
 10
425.95611797779145
 20
98.25327393310651
 10
425.97911345035897
 20
98.30122386345371
 10
425.99882385541684
 20
98.3496258673114
 10
426.0152491929651
 20
98.3984799446796
 10
426.02838946300363
 20
98.44778609555829
 10
426.0382446655326
 20
98.4975443199475
 10
426.0448148005519
 20
98.54775461784719
 10
426.0480998680615
 20
98.59841698925739
 10
426.04851050150023
 20
98.62391770252893
 10
426.0476817000643
 20
98.66297685383626
 10
426.0410512885769
 20
98.73820188598371
 10
426.0277904656022
 20
98.80956922417488
 10
426.0078992311402
 20
98.87707886840977
 10
425.9813775851907
 20
98.94073081868838
 10
425.94822552775395
 20
99.00052507501071
 10
425.90844305882985
 20
99.05646163737677
 10
425.86203017841837
 20
99.10854050578654
 10
425.83633733390485
 20
99.13313330475782
 10
425.8092656651843
 20
99.15649043613374
 10
425.7518221911166
 20
99.19868396378054
 10
425.68997853487997
 20
99.23484984462065
 10
425.6237346964745
 20
99.26498807865408
 10
425.55309067590014
 20
99.28909866588084
 10
425.4780464731569
 20
99.3071816063009
 10
425.39860208824473
 20
99.31923689991427
 10
425.31475752116376
 20
99.32526454672096
 10
425.2711851693099
 20
99.3260180025718
 10
425.2371063611766
 20
99.3255659290613
 10
425.1677281464316
 20
99.32194934097728
 10
425.09672246704883
 20
99.31471616480925
 10
425.0240893230283
 20
99.30386640055723
 10
424.9498287143699
 20
99.28940004822117
 10
424.8739406410737
 20
99.27131710780111
 10
424.75705703493355
 20
99.2374115945135
 10
424.67710030004287
 20
99.21028718388341
 10
424.59586269020576
 20
99.17957632340334
 10
424.4291379795328
 20
99.10748566759537
 10
424.25674728086153
 20
99.02116976532362
 10
424.07869059419204
 20
98.92062861658809
 10
423.9875375053579
 20
98.8650235747964
 10
423.9875375053579
 20
99.85355765109301
 10
424.08529086744534
 20
99.88490141448779
 10
424.27998385930135
 20
99.94180240034291
 10
424.4735918747321
 20
99.99098799828548
 10
424.66611491373766
 20
100.03245820831548
 10
424.761969567081
 20
100.05030004286327
 10
424.8574474924989
 20
100.06634865248607
 10
425.04695670810116
 20
100.09202642788256
 10
425.23453707672525
 20
100.10914494481355
 10
425.42018859837117
 20
100.11770420327903
 10
425.5122910415774
 20
100.11877411058722
 10
425.6119054396164
 20
100.11738398454243
 10
425.802680461048
 20
100.1062629761841
 10
425.9383646743062
 20
100.09062405818018
 10
426.02529841037557
 20
100.07672279773226
 10
426.10941422156293
 20
100.06004128519476
 10
426.1907121078681
 20
100.04057952056766
 10
426.26919206929114
 20
100.018337503851
 10
426.3448541058321
 20
99.99331523504473
 10
426.4176982174909
 20
99.9655127141489
 10
426.48772440426757
 20
99.93492994116346
 10
426.55493266616213
 20
99.90156691608846
 10
426.61932300317454
 20
99.86542363892386
 10
426.68089541530486
 20
99.82650010966968
 10
426.739649902553
 20
99.78479632832592
 10
426.76797042434634
 20
99.76290184312045
 10
426.7955017011359
 20
99.74044509148628
 10
426.84794222835404
 20
99.69388151990464
 10
426.89688672042433
 20
99.64511785723853
 10
426.94233517734676
 20
99.594154103488
 10
426.98428759912133
 20
99.54099025865303
 10
427.022743985748
 20
99.48562632273361
 10
427.05770433722677
 20
99.42806229572975
 10
427.08916865355764
 20
99.36829817764145
 10
427.1171369347407
 20
99.3063339684687
 10
427.14160918077584
 20
99.24216966821153
 10
427.16258539166313
 20
99.17580527686991
 10
427.1800655674025
 20
99.10724079444384
 10
427.194049707994
 20
99.03647622093335
 10
427.20453781343764
 20
98.9635115563384
 10
427.2115298837334
 20
98.88834680065902
 10
427.2150259188813
 20
98.8109819538952
 10
427.21546292327474
 20
98.77147449635662
 10
427.2147207692617
 20
98.72573595893164
 10
427.2087835371571
 20
98.63541167153343
 10
427.1969090729479
 20
98.54662443407094
 10
427.17909737663416
 20
98.45937424654414
 10
427.1553484482158
 20
98.37366110895306
 10
427.1256622876929
 20
98.28948502129768
 10
427.0900388950654
 20
98.206845983578
 10
427.04847827033325
 20
98.12574399579404
 10
427.025471495928
 20
98.08576939562795
 10
427.00008756831335
 20
98.04525984180776
 10
426.93950971790616
 20
97.95915490717424
 10
426.8658518739284
 20
97.8662688698832
 10
426.7791140363802
 20
97.76660172993464
 10
426.6792962052615
 20
97.66015348732854
 10
426.5663983805722
 20
97.54692414206494
 10
426.44042056231245
 20
97.4269136941438
 10
426.3013627504822
 20
97.30012214356515
 10
426.2269288469781
 20
97.23418345477926
 10
425.26539862837546
 20
96.39031290184312
 10
427.2453600514359
 20
96.39031290184312
 10
427.2453600514359
 20
95.53776253750536
 10
423.975
 20
95.53776253750536
 10
423.975
 20
96.39031290184312
 10
425.617413201886
 20
97.8408058294042
 10
425.67081815259326
 20
97.89033801703815
 10
425.7667782897557
 20
97.98858865998714
 10
425.8482720745821
 20
98.08575432651092
 10
425.91529950707246
 20
98.18183501660951
 10
425.9433883411916
 20
98.22946849549936
  0
LWPOLYLINE
  5
48
330
17
100
AcDbEntity
  8
LEGEND_TEXT
100
AcDbPolyline
 90
4
 70
1
 10
438.38963512644665
 20
105.07638234033433
 10
436.49743624089155
 20
105.07638234033433
 10
436.49743624089155
 20
105.95304329189884
 10
438.38963512644665
 20
105.95304329189884
  0
LWPOLYLINE
  5
49
330
17
100
AcDbEntity
  8
LEGEND_TEXT
100
AcDbPolyline
 90
195
 70
1
 10
428.23205192817727
 20
106.5459339336423
 10
428.1866938859569
 20
106.61401620432383
 10
428.1478155640538
 20
106.68604658366374
 10
428.11541696246786
 20
106.76202507166202
 10
428.0894980811991
 20
106.84195166831869
 10
428.07005892024756
 20
106.92582637363373
 10
428.05709947961316
 20
107.01364918760716
 10
428.05061975929596
 20
107.10542011023897
 10
428.0498097942563
 20
107.15278611230175
 10
428.0502241949743
 20
107.1880845770936
 10
428.05353940071797
 20
107.25709359847166
 10
428.06016981220534
 20
107.32398540890887
 10
428.0701154294363
 20
107.38876000840521
 10
428.0833762524111
 20
107.45141739696072
 10
428.09995228112945
 20
107.51195757457538
 10
428.1198435155915
 20
107.5703805412492
 10
428.14304995579727
 20
107.62668629698216
 10
428.16957160174667
 20
107.68087484177427
 10
428.1994084534398
 20
107.73294617562553
 10
428.23256051087657
 20
107.78290029853595
 10
428.269027774057
 20
107.83073721050552
 10
428.30881024298117
 20
107.87645691153423
 10
428.35190791764893
 20
107.9200594016221
 10
428.39832079806047
 20
107.96154468076912
 10
428.4480488842156
 20
108.0009127489753
 10
428.47415612944707
 20
108.01980282897557
 10
428.5011260816277
 20
108.0381965699341
 10
428.55739416456817
 20
108.07323226699796
 10
428.616766485614
 20
108.10593225092424
 10
428.6792430447653
 20
108.13629652171292
 10
428.7448238420221
 20
108.16432507936402
 10
428.81350887738427
 20
108.19001792387752
 10
428.8852981508519
 20
108.21337505525344
 10
428.960191662425
 20
108.23439647349176
 10
429.0783523762323
 20
108.26154913871625
 10
429.2467648280111
 20
108.28957769636733
 10
429.42759423221173
 20
108.30826340146807
 10
429.62084058883414
 20
108.31760625401843
 10
429.7221201243035
 20
108.31877411058723
 10
429.8226951785523
 20
108.31761378857694
 10
430.0146455911112
 20
108.30833121249464
 10
430.1943297424186
 20
108.28976606033004
 10
430.3617476324743
 20
108.26191833208316
 10
430.5168992612784
 20
108.22478802775396
 10
430.6252132489351
 20
108.19084860895306
 10
430.6935893673985
 20
108.16532152472675
 10
430.7588989205489
 20
108.13747379647985
 10
430.8211419083865
 20
108.10730542421238
 10
430.8803183309111
 20
108.07481640792435
 10
430.9364281881229
 20
108.04000674761573
 10
430.9633331547364
 20
108.0217316759537
 10
430.9894997346161
 20
108.00289810514225
 10
431.0393408391489
 20
107.96362045163818
 10
431.0858592033795
 20
107.92219544895923
 10
431.1290548273079
 20
107.87862309710539
 10
431.16892771093416
 20
107.83290339607667
 10
431.2054778542582
 20
107.78503634587307
 10
431.23870525728006
 20
107.73502194649458
 10
431.26860991999973
 20
107.68286019794122
 10
431.29519184241724
 20
107.62855110021297
 10
431.3184510245325
 20
107.57209465330985
 10
431.33838746634564
 20
107.51349085723183
 10
431.3550011678566
 20
107.45273971197895
 10
431.3682921290653
 20
107.38984121755117
 10
431.37826034997187
 20
107.32479537394852
 10
431.38490583057626
 20
107.25760218117097
 10
431.3882285708784
 20
107.18826163921855
 10
431.3886439134162
 20
107.15278611230175
 10
431.38782641381806
 20
107.10542011023897
 10
431.3812864170328
 20
107.01364918760716
 10
431.3682064234623
 20
106.92582637363373
 10
431.3485864331065
 20
106.84195166831869
 10
431.3224264459655
 20
106.76202507166202
 10
431.2897264620392
 20
106.68604658366374
 10
431.2504864813277
 20
106.61401620432383
 10
431.2047065038309
 20
106.5459339336423
 10
431.17936401628805
 20
106.51337333904843
 10
431.15242043506214
 20
106.48193916095157
 10
431.09383170810116
 20
106.42214490462923
 10
431.0289742284612
 20
106.36644944813546
 10
430.9578479961423
 20
106.3148527914702
 10
430.8804530111444
 20
106.26735493463352
 10
430.79678927346765
 20
106.22395587762537
 10
430.7068567831119
 20
106.18465562044578
 10
430.6106555400772
 20
106.14945416309473
 10
430.5602041363052
 20
106.1333904843549
 10
430.6165890049025
 20
106.1169802159237
 10
430.72409208569974
 20
106.08045267627519
 10
430.82457295796723
 20
106.03898246624517
 10
430.91803162170487
 20
105.99256958583369
 10
431.00446807691276
 20
105.94121403504072
 10
431.08388232359084
 20
105.88491581386626
 10
431.1562743617392
 20
105.82367492231033
 10
431.2216441913577
 20
105.75749136037291
 10
431.2516957779683
 20
105.72254607801115
 10
431.27995790693313
 20
105.6863990335673
 10
431.3310120753858
 20
105.61060137497321
 10
431.3747727912023
 20
105.53013229010395
 10
431.4112400543828
 20
105.44499177895949
 10
431.4404138649271
 20
105.35517984153987
 10
431.4622942228354
 20
105.26069647784504
 10
431.4768811281076
 20
105.16154168787506
 10
431.4841745807437
 20
105.05771547162988
 10
431.4850862623232
 20
105.0040505786541
 10
431.48465208338916
 20
104.96253798673249
 10
431.4811786519168
 20
104.88142846439
 10
431.4742317889721
 20
104.80287315738185
 10
431.46381149455505
 20
104.72687206570805
 10
431.4499177686656
 20
104.65342518936856
 10
431.43255061130384
 20
104.58253252836343
 10
431.4117100224697
 20
104.51419408269261
 10
431.38739600216326
 20
104.44840985235614
 10
431.35960855038445
 20
104.385179837354
 10
431.32834766713324
 20
104.32450403768618
 10
431.2936133524097
 20
104.26638245335272
 10
431.25540560621386
 20
104.21081508435357
 10
431.2137244285456
 20
104.15780193068876
 10
431.168569819405
 20
104.10734299235828
 10
431.11994177879205
 20
104.05943826936215
 10
431.0678403067068
 20
104.01408776170032
 10
431.04048703386195
 20
103.9923703386198
 10
431.0122804722661
 20
103.97130653848987
 10
430.95335269017227
 20
103.93118501443287
 10
430.89107202954216
 20
103.89373825864632
 10
430.82543849037586
 20
103.85896627113024
 10
430.7564520726733
 20
103.82686905188464
 10
430.6841127764346
 20
103.79744660090951
 10
430.6084206016596
 20
103.77069891820483
 10
430.5293755483484
 20
103.74662600377063
 10
430.44697761650104
 20
103.72522785760688
 10
430.3612268061174
 20
103.70650447971362
 10
430.27212311719757
 20
103.69045587009082
 10
430.17966654974146
 20
103.67708202873848
 10
430.034695051302
 20
103.6620364572171
 10
429.82966464517256
 20
103.65133738413523
 10
429.7221201243035
 20
103.65
 10
429.61421394462604
 20
103.65133738413523
 10
429.40846022087976
 20
103.6620364572171
 10
429.2629462342277
 20
103.67708202873848
 10
429.17012800796317
 20
103.69045587009082
 10
429.08066266023496
 20
103.70650447971362
 10
428.9945501910429
 20
103.72522785760688
 10
428.9117906003871
 20
103.74662600377063
 10
428.83238388826754
 20
103.77069891820483
 10
428.75633005468416
 20
103.79744660090951
 10
428.683629099637
 20
103.82686905188464
 10
428.61428102312607
 20
103.85896627113024
 10
428.54828582515137
 20
103.89373825864632
 10
428.48564350571286
 20
103.93118501443287
 10
428.4263540648106
 20
103.97130653848987
 10
428.3979666738105
 20
103.9923703386198
 10
428.370435397021
 20
104.01408776170032
 10
428.3179948698028
 20
104.05943826936215
 10
428.2690503777325
 20
104.10734299235828
 10
428.2236019208101
 20
104.15780193068876
 10
428.1816494990356
 20
104.21081508435357
 10
428.14319311240894
 20
104.26638245335272
 10
428.10823276093015
 20
104.32450403768618
 10
428.0767684445992
 20
104.385179837354
 10
428.0488001634162
 20
104.44840985235614
 10
428.0243279173811
 20
104.51419408269261
 10
428.0033517064938
 20
104.58253252836343
 10
427.98587153075437
 20
104.65342518936856
 10
427.97188739016286
 20
104.72687206570805
 10
427.9613992847193
 20
104.80287315738185
 10
427.9544072144235
 20
104.88142846439
 10
427.95091117927564
 20
104.96253798673249
 10
427.9504741748821
 20
105.0040505786541
 10
427.9513858564616
 20
105.05771547162988
 10
427.95867930909776
 20
105.16154168787506
 10
427.9732662143699
 20
105.26069647784504
 10
427.9951465722782
 20
105.35517984153987
 10
428.02432038282257
 20
105.44499177895949
 10
428.060787646003
 20
105.53013229010395
 10
428.1045483618195
 20
105.61060137497321
 10
428.1556025302722
 20
105.6863990335673
 10
428.18386465923703
 20
105.72254607801115
 10
428.2139162458476
 20
105.75749136037291
 10
428.27928607546613
 20
105.82367492231033
 10
428.35167811361447
 20
105.88491581386626
 10
428.43109236029255
 20
105.94121403504072
 10
428.51752881550044
 20
105.99256958583369
 10
428.61098747923813
 20
106.03898246624517
 10
428.7114683515056
 20
106.08045267627519
 10
428.8189714323028
 20
106.1169802159237
 10
428.87535630090014
 20
106.1333904843549
 10
428.8249086644074
 20
106.14945416309473
 10
428.7287375596067
 20
106.18465562044578
 10
428.638865345719
 20
106.22395587762537
 10
428.5552920227443
 20
106.26735493463352
 10
428.4780175906826
 20
106.3148527914702
 10
428.40704204953386
 20
106.36644944813546
 10
428.3423653992981
 20
106.42214490462923
 10
428.28398763997535
 20
106.48193916095157
 10
428.25716084440637
 20
106.51337333904843
  0
LWPOLYLINE
  5
4A
330
17
100
AcDbEntity
  8
LEGEND_TEXT
100
AcDbPolyline
 90
72
 70
1
 10
429.200446129581
 20
105.55027593227604
 10
429.1622609870607
 20
105.50109033433347
 10
429.12953086490035
 20
105.44708261894556
 10
429.10225576310006
 20
105.3882527861123
 10
429.0804356816599
 20
105.32460083583369
 10
429.06407062057974
 20
105.25612676810974
 10
429.05316057985965
 20
105.18283058294043
 10
429.04770555949955
 20
105.10471228032576
 10
429.04702368195456
 20
105.06384483497642
 10
429.04770555949955
 20
105.02298115690634
 10
429.05316057985965
 20
104.94489299252572
 10
429.06407062057974
 20
104.87165708382447
 10
429.0804356816599
 20
104.80327343080262
 10
429.10225576310006
 20
104.73974203346013
 10
429.12953086490035
 20
104.68106289179704
 10
429.1622609870607
 20
104.62723600581333
 10
429.200446129581
 20
104.578261375509
 10
429.2215843334762
 20
104.55559365623661
 10
429.24410889613694
 20
104.53433866668453
 10
429.2926615911648
 20
104.49594255652593
 10
429.34588571246786
 20
104.46303160496143
 10
429.40378126004606
 20
104.435605811991
 10
429.4663482338995
 20
104.41366517761466
 10
429.5335866340281
 20
104.39720970183241
 10
429.6054964604318
 20
104.38623938464423
 10
429.6820777131108
 20
104.38075422605016
 10
429.7221201243035
 20
104.38006858122588
 10
429.7619138950654
 20
104.38075422605016
 10
429.8379526595317
 20
104.38623938464423
 10
429.90925972125484
 20
104.39720970183241
 10
429.9758350802347
 20
104.41366517761466
 10
430.03767873647126
 20
104.435605811991
 10
430.0947906899646
 20
104.46303160496143
 10
430.1471709407148
 20
104.49594255652593
 10
430.1948194887216
 20
104.53433866668453
 10
430.21686937419634
 20
104.55559365623661
 10
430.23765722112086
 20
104.578261375509
 10
430.2752094607265
 20
104.62723600581333
 10
430.30739709467423
 20
104.68106289179704
 10
430.334220122964
 20
104.73974203346013
 10
430.3556785455958
 20
104.80327343080262
 10
430.37177236256963
 20
104.87165708382447
 10
430.3825015738856
 20
104.94489299252572
 10
430.3878661795435
 20
105.02298115690634
 10
430.38853675525075
 20
105.06384483497642
 10
430.3878661795435
 20
105.10505887001715
 10
430.3825015738856
 20
105.18377993731247
 10
430.37177236256963
 20
105.25755833422632
 10
430.3556785455958
 20
105.32639406075867
 10
430.334220122964
 20
105.39028711690956
 10
430.30739709467423
 20
105.44923750267895
 10
430.2752094607265
 20
105.50324521806687
 10
430.23765722112086
 20
105.5523102630733
 10
430.21686937419634
 20
105.57498928418346
 10
430.1948194887216
 20
105.59636105939242
 10
430.1471709407148
 20
105.63496813718925
 10
430.0947906899646
 20
105.66805991815795
 10
430.03767873647126
 20
105.69563640229855
 10
429.9758350802347
 20
105.71769758961102
 10
429.90925972125484
 20
105.73424348009537
 10
429.8379526595317
 20
105.7452740737516
 10
429.7619138950654
 20
105.75078937057972
 10
429.7221201243035
 20
105.75147878268324
 10
429.6820777131108
 20
105.75078183602122
 10
429.6054964604318
 20
105.74520626272503
 10
429.5335866340281
 20
105.73405511613267
 10
429.4663482338995
 20
105.71732839624411
 10
429.40378126004606
 20
105.69502610305936
 10
429.34588571246786
 20
105.66714823657844
 10
429.2926615911648
 20
105.63369479680134
 10
429.24410889613694
 20
105.59466578372803
 10
429.2215843334762
 20
105.57306043720531
  0
LWPOLYLINE
  5
4B
330
17
100
AcDbEntity
  8
LEGEND_TEXT
100
AcDbPolyline
 90
72
 70
1
 10
429.31502792809687
 20
106.60483534478139
 10
429.3563775851907
 20
106.5731901990463
 10
429.401705489177
 20
106.5460657884162
 10
429.45101164005575
 20
106.52346211289112
 10
429.50429603782686
 20
106.50537917247107
 10
429.5615586824904
 20
106.49181696715603
 10
429.62279957404627
 20
106.48277549694599
 10
429.6880187124946
 20
106.47825476184097
 10
429.7221201243035
 20
106.47768966995285
 10
429.75551328761253
 20
106.47825476184097
 10
429.8194063437634
 20
106.48277549694599
 10
429.879441705958
 20
106.49181696715603
 10
429.93561937419634
 20
106.50537917247107
 10
429.98793934847833
 20
106.52346211289112
 10
430.03640162880413
 20
106.5460657884162
 10
430.0810062151736
 20
106.5731901990463
 10
430.1217531075868
 20
106.60483534478139
 10
430.1406799185598
 20
106.62235319331333
 10
430.1586649097193
 20
106.64091834547793
 10
430.1911539260073
 20
106.68094192027432
 10
430.21900165425416
 20
106.724823189027
 10
430.2422080944599
 20
106.77256215173597
 10
430.2607732466245
 20
106.8241588084012
 10
430.274697110748
 20
106.87961315902271
 10
430.28397968683026
 20
106.93892520360052
 10
430.2886209748714
 20
107.00209494213459
 10
430.28920113587657
 20
107.03512644663523
 10
430.2886209748714
 20
107.06815041657737
 10
430.28397968683026
 20
107.13125987864338
 10
430.274697110748
 20
107.19045137028505
 10
430.2607732466245
 20
107.24572489150236
 10
430.2422080944599
 20
107.29708044229533
 10
430.21900165425416
 20
107.34451802266395
 10
430.1911539260073
 20
107.38803763260823
 10
430.1586649097193
 20
107.42763927212816
 10
430.1406799185598
 20
107.445970852979
 10
430.1217531075868
 20
107.46337191585405
 10
430.0810062151736
 20
107.49480609395093
 10
430.03640162880413
 20
107.5217496751768
 10
429.98793934847833
 20
107.54420265953172
 10
429.93561937419634
 20
107.56216504701564
 10
429.879441705958
 20
107.5756368376286
 10
429.8194063437634
 20
107.58461803137055
 10
429.75551328761253
 20
107.58910862824153
 10
429.7221201243035
 20
107.58966995285041
 10
429.6880187124946
 20
107.58910486096228
 10
429.62279957404627
 20
107.58458412585726
 10
429.5615586824904
 20
107.57554265564724
 10
429.50429603782686
 20
107.56198045033219
 10
429.45101164005575
 20
107.54389750991213
 10
429.401705489177
 20
107.52129383438705
 10
429.3563775851907
 20
107.49416942375697
 10
429.31502792809687
 20
107.46252427802186
 10
429.2958449421346
 20
107.44500642948992
 10
429.27774316531827
 20
107.4264525791631
 10
429.24504318139196
 20
107.38651941906879
 10
429.2170146237409
 20
107.34281897972032
 10
429.193657492365
 20
107.29535126111766
 10
429.17497178726427
 20
107.24411626326082
 10
429.1609575084387
 20
107.1891139861498
 10
429.15161465588835
 20
107.13034442978461
 10
429.14694322961316
 20
107.06780759416523
 10
429.14635930132874
 20
107.03512644663523
 10
429.14694322961316
 20
107.00209494213459
 10
429.15161465588835
 20
106.93892520360052
 10
429.1609575084387
 20
106.87961315902271
 10
429.17497178726427
 20
106.8241588084012
 10
429.193657492365
 20
106.77256215173597
 10
429.2170146237409
 20
106.724823189027
 10
429.24504318139196
 20
106.68094192027432
 10
429.27774316531827
 20
106.64091834547793
 10
429.2958449421346
 20
106.62235319331333
  0
LWPOLYLINE
  5
4C
330
17
100
AcDbEntity
  8
LEGEND_TEXT
100
AcDbPolyline
 90
136
 70
1
 10
435.697548673248
 20
104.83545070473238
 10
435.6598758807062
 20
104.73558766626259
 10
435.6184358089102
 20
104.63971040924373
 10
435.57322845786007
 20
104.54781893367579
 10
435.52425382755575
 20
104.45991323955877
 10
435.4715119179972
 20
104.37599332689268
 10
435.41500272918455
 20
104.29605919567751
 10
435.38533540505784
 20
104.25758679811402
 10
435.35480254852257
 20
104.22020596971443
 10
435.2913691004407
 20
104.14900439181044
 10
435.2247786723438
 20
104.08254958576671
 10
435.1550312642319
 20
104.02084155158326
 10
435.08212687610506
 20
103.96388028926008
 10
435.00606550796317
 20
103.91166579879715
 10
434.9268471598063
 20
103.86419808019448
 10
434.84447183163445
 20
103.8214771334521
 10
434.75893952344757
 20
103.78350295856997
 10
434.67025023524565
 20
103.75027555554811
 10
434.57840396702875
 20
103.72179492438651
 10
434.4834007187969
 20
103.6980610650852
 10
434.38524049055
 20
103.67907397764412
 10
434.2839232822881
 20
103.66483366206333
 10
434.1794490940112
 20
103.65534011834279
 10
434.0718179257193
 20
103.65059334648254
 10
434.01681847406775
 20
103.65
 10
433.96164101847137
 20
103.65059334648254
 10
433.8536707950466
 20
103.65534011834279
 10
433.74888015531235
 20
103.66483366206333
 10
433.64726909926867
 20
103.67907397764412
 10
433.54883762691543
 20
103.6980610650852
 10
433.4535857382528
 20
103.72179492438651
 10
433.36151343328066
 20
103.75027555554811
 10
433.272620711999
 20
103.78350295856997
 10
433.18690757440794
 20
103.8214771334521
 10
433.1043740205074
 20
103.86419808019448
 10
433.02502005029737
 20
103.91166579879715
 10
432.9488456637779
 20
103.96388028926008
 10
432.8758508609489
 20
104.02084155158326
 10
432.80603564181047
 20
104.08254958576671
 10
432.73940000636253
 20
104.14900439181044
 10
432.67594395460515
 20
104.22020596971443
 10
432.6454082726104
 20
104.25758679811402
 10
432.61574094848373
 20
104.29605919567751
 10
432.55923175967104
 20
104.37599332689268
 10
432.50648985011253
 20
104.45991323955877
 10
432.4575152198082
 20
104.54781893367579
 10
432.41230786875803
 20
104.63971040924373
 10
432.37086779696205
 20
104.73558766626259
 10
432.3331950044203
 20
104.83545070473238
 10
432.29928949113264
 20
104.93929952465308
 10
432.2691512570992
 20
105.0471341260247
 10
432.24278030231994
 20
105.15895450884724
 10
432.2201766267949
 20
105.27476067312071
 10
432.201340230524
 20
105.3945526188451
 10
432.1862711135073
 20
105.5183303460204
 10
432.17496927574473
 20
105.64609385464665
 10
432.1674347172364
 20
105.7778431447238
 10
432.1636674379822
 20
105.91357821625188
 10
432.16319652807545
 20
105.98294042006
 10
432.1636674379822
 20
106.05253902064135
 10
432.1674347172364
 20
106.18871863112142
 10
432.17496927574473
 20
106.32087478735801
 10
432.1862711135073
 20
106.44900748935116
 10
432.201340230524
 20
106.57311673710083
 10
432.2201766267949
 20
106.69320253060705
 10
432.24278030231994
 20
106.8092648698698
 10
432.2691512570992
 20
106.9213037548891
 10
432.29928949113264
 20
107.02931918566492
 10
432.3331950044203
 20
107.13331116219727
 10
432.37086779696205
 20
107.23327968448618
 10
432.41230786875803
 20
107.32922475253162
 10
432.4575152198082
 20
107.42114636633359
 10
432.50648985011253
 20
107.5090445258921
 10
432.55923175967104
 20
107.59291923120713
 10
432.61574094848373
 20
107.67277048227872
 10
432.6454082726104
 20
107.71118731247321
 10
432.67594395460515
 20
107.7485681408728
 10
432.73940000636253
 20
107.8197697187768
 10
432.80603564181047
 20
107.8862245248205
 10
432.8758508609489
 20
107.94793255900396
 10
432.9488456637779
 20
108.00489382132716
 10
433.02502005029737
 20
108.05710831179007
 10
433.1043740205074
 20
108.10457603039274
 10
433.18690757440794
 20
108.14729697713513
 10
433.272620711999
 20
108.18527115201725
 10
433.36151343328066
 20
108.2184985550391
 10
433.4535857382528
 20
108.2469791862007
 10
433.54883762691543
 20
108.27071304550203
 10
433.64726909926867
 20
108.2897001329431
 10
433.74888015531235
 20
108.30394044852389
 10
433.8536707950466
 20
108.31343399224443
 10
433.96164101847137
 20
108.3181807641047
 10
434.01681847406775
 20
108.31877411058723
 10
434.0718179257193
 20
108.3181807641047
 10
434.1794490940112
 20
108.31343399224443
 10
434.2839232822881
 20
108.30394044852389
 10
434.38524049055
 20
108.2897001329431
 10
434.4834007187969
 20
108.27071304550203
 10
434.57840396702875
 20
108.2469791862007
 10
434.67025023524565
 20
108.2184985550391
 10
434.75893952344757
 20
108.18527115201725
 10
434.84447183163445
 20
108.14729697713513
 10
434.9268471598063
 20
108.10457603039274
 10
435.00606550796317
 20
108.05710831179007
 10
435.08212687610506
 20
108.00489382132716
 10
435.1550312642319
 20
107.94793255900396
 10
435.2247786723438
 20
107.8862245248205
 10
435.2913691004407
 20
107.8197697187768
 10
435.35480254852257
 20
107.7485681408728
 10
435.38533540505784
 20
107.71118731247321
 10
435.41500272918455
 20
107.67277048227872
 10
435.4715119179972
 20
107.59291923120713
 10
435.52425382755575
 20
107.5090445258921
 10
435.57322845786007
 20
107.42114636633359
 10
435.6184358089102
 20
107.32922475253162
 10
435.6598758807062
 20
107.23327968448618
 10
435.697548673248
 20
107.13331116219727
 10
435.7314541865356
 20
107.02931918566492
 10
435.761592420569
 20
106.9213037548891
 10
435.7879633753483
 20
106.8092648698698
 10
435.8105670508733
 20
106.69320253060705
 10
435.8294034471442
 20
106.57311673710083
 10
435.8444725641609
 20
106.44900748935116
 10
435.8557744019235
 20
106.32087478735801
 10
435.8633089604318
 20
106.18871863112142
 10
435.867076239686
 20
106.05253902064135
 10
435.8675471495928
 20
105.98294042006
 10
435.867076239686
 20
105.91357821625188
 10
435.8633089604318
 20
105.7778431447238
 10
435.8557744019235
 20
105.64609385464665
 10
435.8444725641609
 20
105.5183303460204
 10
435.8294034471442
 20
105.3945526188451
 10
435.8105670508733
 20
105.27476067312071
 10
435.7879633753483
 20
105.15895450884724
 10
435.761592420569
 20
105.0471341260247
 10
435.7314541865356
 20
104.93929952465308
  0
LWPOLYLINE
  5
4D
330
17
100
AcDbEntity
  8
LEGEND_TEXT
100
AcDbPolyline
 90
84
 70
1
 10
434.5285656879554
 20
107.22256365864766
 10
434.48227336048006
 20
107.29809007313546
 10
434.4292300685812
 20
107.36282699983926
 10
434.38501727925416
 20
107.4042990935089
 10
434.35343240998714
 20
107.42857544102283
 10
434.3201597996142
 20
107.45015441659076
 10
434.2851994481355
 20
107.46903602021271
 10
434.2485513555508
 20
107.48522025188866
 10
434.2102155218603
 20
107.49870711161863
 10
434.14954725675096
 20
107.51387982881482
 10
434.0627491427347
 20
107.5246693165988
 10
434.01681847406775
 20
107.52601800257179
 10
433.97099705649913
 20
107.5246693165988
 10
433.884349633653
 20
107.51387982881482
 10
433.8237350522731
 20
107.49870711161863
 10
433.78540675314105
 20
107.48522025188866
 10
433.7487435914394
 20
107.46903602021271
 10
433.7137455671681
 20
107.45015441659076
 10
433.6804126803271
 20
107.42857544102283
 10
433.64874493091645
 20
107.4042990935089
 10
433.6043654394824
 20
107.36282699983926
 10
433.55102076524327
 20
107.29809007313546
 10
433.50433664072546
 20
107.22256365864766
 10
433.4834922846121
 20
107.18075439348479
 10
433.4641058655701
 20
107.13576554463137
 10
433.4290852376232
 20
107.03407914300257
 10
433.39906755652595
 20
106.91678113614445
 10
433.3740528222782
 20
106.783871524057
 10
433.35404103487997
 20
106.63535030674025
 10
433.3390321943313
 20
106.47121748419417
 10
433.3290263006322
 20
106.29147305641877
 10
433.3240233537827
 20
106.09611702341405
 10
433.3233979854265
 20
105.9925846549507
 10
433.3240233537827
 20
105.88786182624304
 10
433.3290263006322
 20
105.69021528745178
 10
433.3390321943313
 20
105.50830090682598
 10
433.35404103487997
 20
105.34211868436563
 10
433.3740528222782
 20
105.19166862007073
 10
433.39906755652595
 20
105.05695071394128
 10
433.4290852376232
 20
104.93796496597729
 10
433.4641058655701
 20
104.83471137617875
 10
433.4834922846121
 20
104.78898414059151
 10
433.50433664072546
 20
104.74670773280111
 10
433.55102076524327
 20
104.6703374477604
 10
433.6043654394824
 20
104.60487720343977
 10
433.64874493091645
 20
104.56294173442188
 10
433.6804126803271
 20
104.53839414280165
 10
433.7137455671681
 20
104.51657406136144
 10
433.7487435914394
 20
104.49748149010126
 10
433.78540675314105
 20
104.48111642902111
 10
433.8237350522731
 20
104.46747887812099
 10
433.884349633653
 20
104.45213663335834
 10
433.97099705649913
 20
104.44122659263823
 10
434.01681847406775
 20
104.43986283754822
 10
434.0624025530433
 20
104.44122659263823
 10
434.1485979023789
 20
104.45213663335834
 10
434.20889320684205
 20
104.46747887812099
 10
434.2470180728943
 20
104.48111642902111
 10
434.2834853360748
 20
104.49748149010126
 10
434.31829499638343
 20
104.51657406136144
 10
434.3514470538202
 20
104.53839414280165
 10
434.3829415083851
 20
104.56294173442188
 10
434.4270751848478
 20
104.60487720343977
 10
434.48011847674667
 20
104.6703374477604
 10
434.52653135715815
 20
104.74670773280111
 10
434.5472513930562
 20
104.78898414059151
 10
434.5666378120982
 20
104.83471137617875
 10
434.601658440045
 20
104.93796496597729
 10
434.6316761211423
 20
105.05695071394128
 10
434.65669085539
 20
105.19166862007073
 10
434.67670264278826
 20
105.34211868436563
 10
434.6917114833369
 20
105.50830090682598
 10
434.701717377036
 20
105.69021528745178
 10
434.7067203238856
 20
105.88786182624304
 10
434.70734569224174
 20
105.9925846549507
 10
434.7067278584441
 20
106.09611702341405
 10
434.70178518806256
 20
106.29147305641877
 10
434.6918998472996
 20
106.47121748419417
 10
434.67707183615516
 20
106.63535030674025
 10
434.65730115462924
 20
106.783871524057
 10
434.6325878027218
 20
106.91678113614445
 10
434.6029317804329
 20
107.03407914300257
 10
434.56833308776254
 20
107.13576554463137
 10
434.5491802400343
 20
107.18075439348479
  0
LWPOLYLINE
  5
4E
330
17
100
AcDbEntity
  8
LEGEND_TEXT
100
AcDbPolyline
 90
11
 70
1
 10
424.002003857694
 20
103.73776253750536
 10
424.002003857694
 20
104.53919845692242
 10
425.02718602657524
 20
104.53919845692242
 10
425.02718602657524
 20
107.44789969995713
 10
423.975
 20
107.23090441491641
 10
423.975
 20
108.02076725246464
 10
425.0204350621517
 20
108.23776253750536
 10
426.1237355336477
 20
108.23776253750536
 10
426.1237355336477
 20
104.53919845692242
 10
427.14891770252893
 20
104.53919845692242
 10
427.14891770252893
 20
103.73776253750536
  0
LWPOLYLINE
  5
4F
330
17
100
AcDbEntity
  8
LEGEND_TEXT
100
AcDbPolyline
 90
112
 70
1
 10
441.19364744628695
 20
106.45327393310652
 10
441.21664291885446
 20
106.5012238634537
 10
441.23635332391234
 20
106.5496258673114
 10
441.2527786614606
 20
106.5984799446796
 10
441.26591893149913
 20
106.6477860955583
 10
441.2757741340281
 20
106.6975443199475
 10
441.28234426904737
 20
106.74775461784719
 10
441.285629336557
 20
106.79841698925739
 10
441.2860399699957
 20
106.82391770252893
 10
441.2852111685598
 20
106.86297685383626
 10
441.27858075707246
 20
106.93820188598372
 10
441.26531993409776
 20
107.00956922417488
 10
441.2454286996357
 20
107.07707886840977
 10
441.2189070536862
 20
107.14073081868838
 10
441.18575499624944
 20
107.20052507501072
 10
441.14597252732534
 20
107.25646163737676
 10
441.09955964691386
 20
107.30854050578654
 10
441.07386680240035
 20
107.33313330475782
 10
441.0467951336798
 20
107.35649043613373
 10
440.9893516596121
 20
107.39868396378054
 10
440.92750800337546
 20
107.43484984462066
 10
440.86126416497
 20
107.4649880786541
 10
440.79062014439563
 20
107.48909866588085
 10
440.7155759416524
 20
107.5071816063009
 10
440.6361315567402
 20
107.51923689991428
 10
440.55228698965925
 20
107.52526454672096
 10
440.5087146378054
 20
107.52601800257179
 10
440.4746358296721
 20
107.52556592906129
 10
440.4052576149271
 20
107.52194934097729
 10
440.33425193554433
 20
107.51471616480926
 10
440.2616187915238
 20
107.50386640055723
 10
440.1873581828654
 20
107.48940004822117
 10
440.1114701095692
 20
107.47131710780111
 10
439.99458650342905
 20
107.4374115945135
 10
439.91462976853836
 20
107.41028718388341
 10
439.83339215870126
 20
107.37957632340334
 10
439.6666674480283
 20
107.30748566759537
 10
439.494276749357
 20
107.22116976532362
 10
439.31622006268753
 20
107.12062861658808
 10
439.2250669738534
 20
107.0650235747964
 10
439.2250669738534
 20
108.05355765109302
 10
439.32282033594083
 20
108.08490141448779
 10
439.51751332779685
 20
108.1418024003429
 10
439.7111213432276
 20
108.19098799828546
 10
439.90364438223315
 20
108.23245820831548
 10
439.9994990355765
 20
108.25030004286327
 10
440.0949769609944
 20
108.26634865248607
 10
440.28448617659666
 20
108.29202642788255
 10
440.47206654522074
 20
108.30914494481354
 10
440.65771806686666
 20
108.31770420327904
 10
440.7498205100729
 20
108.31877411058723
 10
440.8494349081119
 20
108.31738398454243
 10
441.0402099295435
 20
108.3062629761841
 10
441.17589414280167
 20
108.29062405818019
 10
441.2628278788711
 20
108.27672279773226
 10
441.3469436900584
 20
108.26004128519476
 10
441.4282415763636
 20
108.24057952056768
 10
441.50672153778663
 20
108.21833750385099
 10
441.5823835743276
 20
108.19331523504474
 10
441.6552276859864
 20
108.16551271414889
 10
441.72525387276306
 20
108.13492994116348
 10
441.7924621346576
 20
108.10156691608846
 10
441.85685247167004
 20
108.06542363892386
 10
441.91842488380036
 20
108.02650010966968
 10
441.9771793710485
 20
107.98479632832593
 10
442.00549989284184
 20
107.96290184312045
 10
442.0330311696314
 20
107.94044509148628
 10
442.08547169684954
 20
107.89388151990462
 10
442.13441618891983
 20
107.84511785723853
 10
442.17986464584226
 20
107.794154103488
 10
442.2218170676168
 20
107.74099025865303
 10
442.2602734542435
 20
107.68562632273361
 10
442.29523380572226
 20
107.62806229572975
 10
442.32669812205313
 20
107.56829817764145
 10
442.3546664032362
 20
107.50633396846871
 10
442.37913864927134
 20
107.44216966821153
 10
442.4001148601586
 20
107.37580527686991
 10
442.417595035898
 20
107.30724079444386
 10
442.4315791764895
 20
107.23647622093335
 10
442.44206728193313
 20
107.1635115563384
 10
442.4490593522289
 20
107.08834680065902
 10
442.4525553873768
 20
107.0109819538952
 10
442.45299239177024
 20
106.97147449635662
 10
442.4522502377572
 20
106.92573595893163
 10
442.4463130056526
 20
106.83541167153344
 10
442.4344385414434
 20
106.74662443407094
 10
442.41662684512966
 20
106.65937424654415
 10
442.3928779167113
 20
106.57366110895306
 10
442.36319175618837
 20
106.48948502129768
 10
442.3275683635609
 20
106.40684598357801
 10
442.28600773882874
 20
106.32574399579404
 10
442.2630009644235
 20
106.28576939562794
 10
442.23761703680884
 20
106.24525984180775
 10
442.17703918640166
 20
106.15915490717424
 10
442.1033813424239
 20
106.0662688698832
 10
442.0166435048757
 20
105.96660172993464
 10
441.916825673757
 20
105.86015348732855
 10
441.8039278490677
 20
105.74692414206494
 10
441.677950030808
 20
105.62691369414381
 10
441.5388922189777
 20
105.50012214356515
 10
441.4644583154736
 20
105.43418345477926
 10
440.50292809687096
 20
104.59031290184312
 10
442.4828895199314
 20
104.59031290184312
 10
442.4828895199314
 20
103.73776253750536
 10
439.2125294684955
 20
103.73776253750536
 10
439.2125294684955
 20
104.59031290184312
 10
440.8549426703815
 20
106.0408058294042
 10
440.90834762108875
 20
106.09033801703815
 10
441.0043077582512
 20
106.18858865998715
 10
441.0858015430776
 20
106.28575432651093
 10
441.15282897556796
 20
106.38183501660951
 10
441.1809178096871
 20
106.42946849549935
  0
LWPOLYLINE
  5
50
330
17
100
AcDbEntity
  8
LEGEND_TEXT
100
AcDbPolyline
 90
4
 70
1
 10
438.38963512644665
 20
113.27638234033434
 10
436.49743624089155
 20
113.27638234033434
 10
436.49743624089155
 20
114.15304329189884
 10
438.38963512644665
 20
114.15304329189884
  0
LWPOLYLINE
  5
51
330
17
100
AcDbEntity
  8
LEGEND_TEXT
100
AcDbPolyline
 90
136
 70
1
 10
435.697548673248
 20
113.03545070473237
 10
435.6598758807062
 20
112.93558766626259
 10
435.6184358089102
 20
112.83971040924374
 10
435.57322845786007
 20
112.74781893367579
 10
435.52425382755575
 20
112.65991323955878
 10
435.4715119179972
 20
112.57599332689267
 10
435.41500272918455
 20
112.4960591956775
 10
435.38533540505784
 20
112.45758679811402
 10
435.35480254852257
 20
112.42020596971443
 10
435.2913691004407
 20
112.34900439181044
 10
435.2247786723438
 20
112.28254958576672
 10
435.1550312642319
 20
112.22084155158326
 10
435.08212687610506
 20
112.16388028926008
 10
435.00606550796317
 20
112.11166579879715
 10
434.9268471598063
 20
112.06419808019449
 10
434.84447183163445
 20
112.0214771334521
 10
434.75893952344757
 20
111.98350295856997
 10
434.67025023524565
 20
111.95027555554812
 10
434.57840396702875
 20
111.92179492438652
 10
434.4834007187969
 20
111.89806106508519
 10
434.38524049055
 20
111.87907397764413
 10
434.2839232822881
 20
111.86483366206333
 10
434.1794490940112
 20
111.8553401183428
 10
434.0718179257193
 20
111.85059334648253
 10
434.01681847406775
 20
111.85
 10
433.96164101847137
 20
111.85059334648253
 10
433.8536707950466
 20
111.8553401183428
 10
433.74888015531235
 20
111.86483366206333
 10
433.64726909926867
 20
111.87907397764413
 10
433.54883762691543
 20
111.89806106508519
 10
433.4535857382528
 20
111.92179492438652
 10
433.36151343328066
 20
111.95027555554812
 10
433.272620711999
 20
111.98350295856997
 10
433.18690757440794
 20
112.0214771334521
 10
433.1043740205074
 20
112.06419808019449
 10
433.02502005029737
 20
112.11166579879715
 10
432.9488456637779
 20
112.16388028926008
 10
432.8758508609489
 20
112.22084155158326
 10
432.80603564181047
 20
112.28254958576672
 10
432.73940000636253
 20
112.34900439181044
 10
432.67594395460515
 20
112.42020596971443
 10
432.6454082726104
 20
112.45758679811402
 10
432.61574094848373
 20
112.4960591956775
 10
432.55923175967104
 20
112.57599332689267
 10
432.50648985011253
 20
112.65991323955878
 10
432.4575152198082
 20
112.74781893367579
 10
432.41230786875803
 20
112.83971040924374
 10
432.37086779696205
 20
112.93558766626259
 10
432.3331950044203
 20
113.03545070473237
 10
432.29928949113264
 20
113.13929952465307
 10
432.2691512570992
 20
113.24713412602469
 10
432.24278030231994
 20
113.35895450884725
 10
432.2201766267949
 20
113.47476067312071
 10
432.201340230524
 20
113.5945526188451
 10
432.1862711135073
 20
113.71833034602041
 10
432.17496927574473
 20
113.84609385464665
 10
432.1674347172364
 20
113.9778431447238
 10
432.1636674379822
 20
114.11357821625188
 10
432.16319652807545
 20
114.18294042006
 10
432.1636674379822
 20
114.25253902064134
 10
432.1674347172364
 20
114.3887186311214
 10
432.17496927574473
 20
114.52087478735801
 10
432.1862711135073
 20
114.64900748935116
 10
432.201340230524
 20
114.77311673710084
 10
432.2201766267949
 20
114.89320253060706
 10
432.24278030231994
 20
115.00926486986981
 10
432.2691512570992
 20
115.12130375488908
 10
432.29928949113264
 20
115.22931918566492
 10
432.3331950044203
 20
115.33331116219728
 10
432.37086779696205
 20
115.43327968448618
 10
432.41230786875803
 20
115.5292247525316
 10
432.4575152198082
 20
115.62114636633359
 10
432.50648985011253
 20
115.7090445258921
 10
432.55923175967104
 20
115.79291923120714
 10
432.61574094848373
 20
115.87277048227872
 10
432.6454082726104
 20
115.9111873124732
 10
432.67594395460515
 20
115.9485681408728
 10
432.73940000636253
 20
116.01976971877679
 10
432.80603564181047
 20
116.08622452482051
 10
432.8758508609489
 20
116.14793255900396
 10
432.9488456637779
 20
116.20489382132715
 10
433.02502005029737
 20
116.25710831179008
 10
433.1043740205074
 20
116.30457603039274
 10
433.18690757440794
 20
116.34729697713513
 10
433.272620711999
 20
116.38527115201725
 10
433.36151343328066
 20
116.41849855503911
 10
433.4535857382528
 20
116.4469791862007
 10
433.54883762691543
 20
116.47071304550204
 10
433.64726909926867
 20
116.4897001329431
 10
433.74888015531235
 20
116.50394044852389
 10
433.8536707950466
 20
116.51343399224443
 10
433.96164101847137
 20
116.5181807641047
 10
434.01681847406775
 20
116.51877411058723
 10
434.0718179257193
 20
116.5181807641047
 10
434.1794490940112
 20
116.51343399224443
 10
434.2839232822881
 20
116.50394044852389
 10
434.38524049055
 20
116.4897001329431
 10
434.4834007187969
 20
116.47071304550204
 10
434.57840396702875
 20
116.4469791862007
 10
434.67025023524565
 20
116.41849855503911
 10
434.75893952344757
 20
116.38527115201725
 10
434.84447183163445
 20
116.34729697713513
 10
434.9268471598063
 20
116.30457603039274
 10
435.00606550796317
 20
116.25710831179008
 10
435.08212687610506
 20
116.20489382132715
 10
435.1550312642319
 20
116.14793255900396
 10
435.2247786723438
 20
116.08622452482051
 10
435.2913691004407
 20
116.01976971877679
 10
435.35480254852257
 20
115.9485681408728
 10
435.38533540505784
 20
115.9111873124732
 10
435.41500272918455
 20
115.87277048227872
 10
435.4715119179972
 20
115.79291923120714
 10
435.52425382755575
 20
115.7090445258921
 10
435.57322845786007
 20
115.62114636633359
 10
435.6184358089102
 20
115.5292247525316
 10
435.6598758807062
 20
115.43327968448618
 10
435.697548673248
 20
115.33331116219728
 10
435.7314541865356
 20
115.22931918566492
 10
435.761592420569
 20
115.12130375488908
 10
435.7879633753483
 20
115.00926486986981
 10
435.8105670508733
 20
114.89320253060706
 10
435.8294034471442
 20
114.77311673710084
 10
435.8444725641609
 20
114.64900748935116
 10
435.8557744019235
 20
114.52087478735801
 10
435.8633089604318
 20
114.3887186311214
 10
435.867076239686
 20
114.25253902064134
 10
435.8675471495928
 20
114.18294042006
 10
435.867076239686
 20
114.11357821625188
 10
435.8633089604318
 20
113.9778431447238
 10
435.8557744019235
 20
113.84609385464665
 10
435.8444725641609
 20
113.71833034602041
 10
435.8294034471442
 20
113.5945526188451
 10
435.8105670508733
 20
113.47476067312071
 10
435.7879633753483
 20
113.35895450884725
 10
435.761592420569
 20
113.24713412602469
 10
435.7314541865356
 20
113.13929952465307
  0
LWPOLYLINE
  5
52
330
17
100
AcDbEntity
  8
LEGEND_TEXT
100
AcDbPolyline
 90
84
 70
1
 10
434.5285656879554
 20
115.42256365864766
 10
434.48227336048006
 20
115.49809007313544
 10
434.4292300685812
 20
115.56282699983926
 10
434.38501727925416
 20
115.6042990935089
 10
434.35343240998714
 20
115.62857544102283
 10
434.3201597996142
 20
115.65015441659077
 10
434.2851994481355
 20
115.6690360202127
 10
434.2485513555508
 20
115.68522025188867
 10
434.2102155218603
 20
115.69870711161863
 10
434.14954725675096
 20
115.71387982881483
 10
434.0627491427347
 20
115.7246693165988
 10
434.01681847406775
 20
115.72601800257179
 10
433.97099705649913
 20
115.7246693165988
 10
433.884349633653
 20
115.71387982881483
 10
433.8237350522731
 20
115.69870711161863
 10
433.78540675314105
 20
115.68522025188867
 10
433.7487435914394
 20
115.6690360202127
 10
433.7137455671681
 20
115.65015441659077
 10
433.6804126803271
 20
115.62857544102283
 10
433.64874493091645
 20
115.6042990935089
 10
433.6043654394824
 20
115.56282699983926
 10
433.55102076524327
 20
115.49809007313544
 10
433.50433664072546
 20
115.42256365864766
 10
433.4834922846121
 20
115.38075439348478
 10
433.4641058655701
 20
115.33576554463137
 10
433.4290852376232
 20
115.23407914300257
 10
433.39906755652595
 20
115.11678113614445
 10
433.3740528222782
 20
114.98387152405701
 10
433.35404103487997
 20
114.83535030674025
 10
433.3390321943313
 20
114.67121748419417
 10
433.3290263006322
 20
114.49147305641877
 10
433.3240233537827
 20
114.29611702341406
 10
433.3233979854265
 20
114.1925846549507
 10
433.3240233537827
 20
114.08786182624303
 10
433.3290263006322
 20
113.89021528745178
 10
433.3390321943313
 20
113.70830090682597
 10
433.35404103487997
 20
113.54211868436562
 10
433.3740528222782
 20
113.39166862007073
 10
433.39906755652595
 20
113.25695071394128
 10
433.4290852376232
 20
113.13796496597729
 10
433.4641058655701
 20
113.03471137617873
 10
433.4834922846121
 20
112.98898414059151
 10
433.50433664072546
 20
112.94670773280112
 10
433.55102076524327
 20
112.87033744776039
 10
433.6043654394824
 20
112.80487720343977
 10
433.64874493091645
 20
112.76294173442187
 10
433.6804126803271
 20
112.73839414280165
 10
433.7137455671681
 20
112.71657406136144
 10
433.7487435914394
 20
112.69748149010127
 10
433.78540675314105
 20
112.6811164290211
 10
433.8237350522731
 20
112.66747887812099
 10
433.884349633653
 20
112.65213663335834
 10
433.97099705649913
 20
112.64122659263823
 10
434.01681847406775
 20
112.63986283754822
 10
434.0624025530433
 20
112.64122659263823
 10
434.1485979023789
 20
112.65213663335834
 10
434.20889320684205
 20
112.66747887812099
 10
434.2470180728943
 20
112.6811164290211
 10
434.2834853360748
 20
112.69748149010127
 10
434.31829499638343
 20
112.71657406136144
 10
434.3514470538202
 20
112.73839414280165
 10
434.3829415083851
 20
112.76294173442187
 10
434.4270751848478
 20
112.80487720343977
 10
434.48011847674667
 20
112.87033744776039
 10
434.52653135715815
 20
112.94670773280112
 10
434.5472513930562
 20
112.98898414059151
 10
434.5666378120982
 20
113.03471137617873
 10
434.601658440045
 20
113.13796496597729
 10
434.6316761211423
 20
113.25695071394128
 10
434.65669085539
 20
113.39166862007073
 10
434.67670264278826
 20
113.54211868436562
 10
434.6917114833369
 20
113.70830090682597
 10
434.701717377036
 20
113.89021528745178
 10
434.7067203238856
 20
114.08786182624303
 10
434.70734569224174
 20
114.1925846549507
 10
434.7067278584441
 20
114.29611702341406
 10
434.70178518806256
 20
114.49147305641877
 10
434.6918998472996
 20
114.67121748419417
 10
434.67707183615516
 20
114.83535030674025
 10
434.65730115462924
 20
114.98387152405701
 10
434.6325878027218
 20
115.11678113614445
 10
434.6029317804329
 20
115.23407914300257
 10
434.56833308776254
 20
115.33576554463137
 10
434.5491802400343
 20
115.38075439348478
  0
LWPOLYLINE
  5
53
330
17
100
AcDbEntity
  8
LEGEND_TEXT
100
AcDbPolyline
 90
214
 70
1
 10
431.22044996383414
 20
113.8408827656183
 10
431.26493399726746
 20
113.75836428083477
 10
431.3020040251286
 20
113.6708729874357
 10
431.3316600474175
 20
113.57840888542113
 10
431.35390206413416
 20
113.48097197479103
 10
431.3687300752786
 20
113.37856225554543
 10
431.37614408085085
 20
113.27117972768431
 10
431.37707083154737
 20
113.21562366052294
 10
431.3765697834066
 20
113.17410541768244
 10
431.37256139828014
 20
113.0929506879889
 10
431.3645446280272
 20
113.01430496627867
 10
431.3525194726479
 20
112.9381682525517
 10
431.33648593214207
 20
112.86454054680803
 10
431.31644400650987
 20
112.79342184904763
 10
431.2923936957512
 20
112.72481215927053
 10
431.26433499986604
 20
112.65871147747669
 10
431.23226791885446
 20
112.59511980366615
 10
431.19619245271645
 20
112.53403713783888
 10
431.156108601452
 20
112.47546347999491
 10
431.1120163650611
 20
112.41939883013421
 10
431.0639157435437
 20
112.3658431882568
 10
431.0118067368999
 20
112.31479655436267
 10
430.95568934512966
 20
112.26625892845183
 10
430.89556356823294
 20
112.22023031052427
 10
430.8639975353622
 20
112.19815687955422
 10
430.8315320645695
 20
112.17673707153477
 10
430.7638491254889
 20
112.13593743721201
 10
430.6924968564148
 20
112.09785777851077
 10
430.61747525734705
 20
112.06249809543104
 10
430.5387843282857
 20
112.02985838797284
 10
430.4564240692309
 20
111.99993865613615
 10
430.3703944801824
 20
111.97273889992097
 10
430.2806955611404
 20
111.94825911932732
 10
430.18732731210486
 20
111.92649931435517
 10
430.0902897330757
 20
111.90745948500455
 10
429.989582824053
 20
111.89113963127545
 10
429.8852065850367
 20
111.87753975316787
 10
429.7217622327743
 20
111.86223989029682
 10
429.49099377478035
 20
111.85135998781075
 10
429.37010555079297
 20
111.85
 10
429.28329236765967
 20
111.85087400878697
 10
429.10957558669094
 20
111.85786607908273
 10
428.9357382527861
 20
111.87185021967423
 10
428.7617803659451
 20
111.89282643056151
 10
428.6747562151736
 20
111.90593656236605
 10
428.58783754822116
 20
111.92079471174453
 10
428.41472353193313
 20
111.95575506322332
 10
428.24257393913416
 20
111.99770748499786
 10
428.07138876982424
 20
112.04665197706815
 10
427.9861578439777
 20
112.07374624946421
 10
427.9861578439777
 20
112.96873124732105
 10
428.067561214102
 20
112.92923509162023
 10
428.22982546613804
 20
112.85774720049292
 10
428.3913664005572
 20
112.79626520306472
 10
428.55218401735965
 20
112.74478909933562
 10
428.63232158165454
 20
112.72280325760823
 10
428.7124440768324
 20
112.70336409665666
 10
428.8716945054651
 20
112.67226143913416
 10
429.02961885180025
 20
112.65152633411915
 10
429.18621711583796
 20
112.64115878161167
 10
429.2640189669953
 20
112.63986283754822
 10
429.3208031671935
 20
112.64048443862515
 10
429.4293309479479
 20
112.64545724724067
 10
429.53113790251285
 20
112.65540286447171
 10
429.62622403088835
 20
112.67032129031826
 10
429.7145893330744
 20
112.69021252478032
 10
429.79623380907094
 20
112.7150765678579
 10
429.87115745887803
 20
112.74491341955101
 10
429.9393602824957
 20
112.77972307985962
 10
429.97094138448347
 20
112.79899271324474
 10
430.00072172698776
 20
112.81954698885555
 10
430.05451847473745
 20
112.86391046935276
 10
430.10062997280863
 20
112.91261385555079
 10
430.13905622120126
 20
112.96565714744963
 10
430.1697972199153
 20
113.0230403450493
 10
430.19285296895094
 20
113.08476344834976
 10
430.20822346830795
 20
113.15082645735104
 10
430.2159087179865
 20
113.22122937205314
 10
430.21686937419634
 20
113.258058294042
 10
430.215886114311
 20
113.29593075238427
 10
430.20802003522823
 20
113.36817209936241
 10
430.19228787706277
 20
113.43574202006536
 10
430.1686896398146
 20
113.49864051449313
 10
430.13722532348373
 20
113.55686758264574
 10
430.0978949280701
 20
113.61042322452315
 10
430.0506984535737
 20
113.65930744012537
 10
429.9956358999946
 20
113.70352022945242
 10
429.9651548435491
 20
113.72387483926275
 10
429.93275247468387
 20
113.743027686991
 10
429.86231942174777
 20
113.77762637966137
 10
429.7843819485373
 20
113.80728240195027
 10
429.6989400550525
 20
113.8319957538577
 10
429.6059937412934
 20
113.85176643538362
 10
429.50554300726
 20
113.86659444652807
 10
429.3975878529522
 20
113.87647978729103
 10
429.2821282783701
 20
113.88142245767253
 10
429.2215843334762
 20
113.8820402914702
 10
428.75769663523363
 20
113.8820402914702
 10
428.75769663523363
 20
114.62946849549935
 10
429.24569492070293
 20
114.62946849549935
 10
429.29954817764144
 20
114.63000344915345
 10
429.40198803512106
 20
114.6342830783862
 10
429.49740568407094
 20
114.64284233685169
 10
429.585801124491
 20
114.65568122454994
 10
429.6671743563813
 20
114.67279974148093
 10
429.74152537974174
 20
114.69419788764466
 10
429.80885419457246
 20
114.71987566304115
 10
429.8691608008733
 20
114.74983306767038
 10
429.89668077582513
 20
114.76641663094728
 10
429.9226071916524
 20
114.78409647248714
 10
429.9694420073403
 20
114.8228241032201
 10
430.0095861350729
 20
114.86604233082404
 10
430.04303957484996
 20
114.91375115529897
 10
430.06980232667166
 20
114.96595057664487
 10
430.08987439053794
 20
115.02264059486177
 10
430.1032557664488
 20
115.08382120994963
 10
430.1099464544042
 20
115.14949242190849
 10
430.1107827903986
 20
115.18401200171454
 10
430.10996905807974
 20
115.21586434780862
 10
430.1034591995285
 20
115.27683399525824
 10
430.09043948242606
 20
115.33415691638984
 10
430.0709099067724
 20
115.38783311120338
 10
430.0448704725675
 20
115.43786257969889
 10
430.0123211798114
 20
115.48424532187633
 10
429.97326202850405
 20
115.52698133773575
 10
429.9276930186455
 20
115.56607062727711
 10
429.90246731675956
 20
115.58424774967852
 10
429.8758740925043
 20
115.60141524123982
 10
429.8186415860748
 20
115.63242748406023
 10
429.7560143357533
 20
115.65900940647771
 10
429.6879923415399
 20
115.68116100849228
 10
429.61457560343445
 20
115.69888229010394
 10
429.535764121437
 20
115.71217325131269
 10
429.4515578955476
 20
115.72103389211851
 10
429.3619569257662
 20
115.72546421252143
 10
429.315133411916
 20
115.72601800257179
 10
429.2451072251393
 20
115.72502344084869
 10
429.10442194867124
 20
115.71706694706387
 10
428.96289280165024
 20
115.7011539594942
 10
428.8205197840763
 20
115.67728447813974
 10
428.749016823832
 20
115.66236605229318
 10
428.6774535871196
 20
115.64574481622375
 10
428.5345983578011
 20
115.60680621785255
 10
428.39210478729103
 20
115.56027278450493
 10
428.2499728755894
 20
115.50614451618088
 10
428.17904254179166
 20
115.4762323189027
 10
428.17904254179166
 20
116.32588941277325
 10
428.2647858176168
 20
116.34924654414917
 10
428.43572988105444
 20
116.39144007179597
 10
428.60595062687526
 20
116.42760595263609
 10
428.7754480550793
 20
116.45774418666952
 10
428.859925525075
 20
116.47055293613373
 10
428.9441317509644
 20
116.48185477389627
 10
429.11145922631806
 20
116.49993771431633
 10
429.27734006643806
 20
116.5119930079297
 10
429.44177427132445
 20
116.51802065473639
 10
429.52344888555507
 20
116.51877411058723
 10
429.6313060906022
 20
116.51764769409023
 10
429.83666801730607
 20
116.50863636211423
 10
430.02822663282257
 20
116.49061369816224
 10
430.2059819371517
 20
116.46357970223426
 10
430.3699339302936
 20
116.42753437433026
 10
430.48383950218334
 20
116.39458669179302
 10
430.5554630153638
 20
116.36980552885903
 10
430.6236357007474
 20
116.34277153293104
 10
430.68835755833425
 20
116.31348470400906
 10
430.7496285881242
 20
116.28194504209307
 10
430.80744879011735
 20
116.24815254718308
 10
430.8350648306901
 20
116.23041148735534
 10
430.86188409170063
 20
116.21216467028772
 10
430.91296839838725
 20
116.17396445865035
 10
430.96064708462814
 20
116.13348881034344
 10
431.0049201504233
 20
116.09073772536702
 10
431.0457875957726
 20
116.04571120372107
 10
431.08324942067617
 20
115.9984092454056
 10
431.11730562513395
 20
115.94883185042059
 10
431.14795620914595
 20
115.89697901876607
 10
431.17520117271215
 20
115.84285075044203
 10
431.1990405158326
 20
115.78644704544845
 10
431.2194742385073
 20
115.72776790378536
 10
431.2365023407362
 20
115.66681332545275
 10
431.2501248225193
 20
115.6035833104506
 10
431.2603416838566
 20
115.53807785877893
 10
431.2671529247482
 20
115.47029697043774
 10
431.270558545194
 20
115.40024064542703
 10
431.27098424774965
 20
115.36435919417059
 10
431.2701705154308
 20
115.31561060062151
 10
431.26366065687955
 20
115.22145875750107
 10
431.2506409397771
 20
115.13176737301757
 10
431.2311113641234
 20
115.04653644717102
 10
431.2050719299186
 20
114.96576597996142
 10
431.17252263716244
 20
114.88945597138877
 10
431.13346348585515
 20
114.81760642145306
 10
431.08789447599656
 20
114.7502173301543
 10
431.0626687741106
 20
114.71819545649379
 10
431.0359700660362
 20
114.68731506844728
 10
430.9778936890538
 20
114.62905786206065
 10
430.91357869762646
 20
114.57547208194921
 10
430.84302509175416
 20
114.52655772811295
 10
430.766232871437
 20
114.48231480055186
 10
430.68320203667486
 20
114.44274329926597
 10
430.59393258746786
 20
114.40784322425525
 10
430.4984245238159
 20
114.37761457551971
 10
430.4483310115731
 20
114.36425203600514
 10
430.5043768250375
 20
114.34886646753108
 10
430.61133741762217
 20
114.31402666898842
 10
430.7114566310812
 20
114.27376198831976
 10
430.8047344654147
 20
114.22807242552507
 10
430.8911709206226
 20
114.17695798060437
 10
430.97076599670487
 20
114.12041865355765
 10
431.0435196936616
 20
114.0584544443849
 10
431.1094320114927
 20
113.99106535308616
 10
431.1398226532362
 20
113.95533647663952
 10
431.16855192482853
 20
113.91842844178632
  0
LWPOLYLINE
  5
54
330
17
100
AcDbEntity
  8
LEGEND_TEXT
100
AcDbPolyline
 90
11
 70
1
 10
439.44784879982853
 20
112.73919845692242
 10
440.4730309687098
 20
112.73919845692242
 10
440.4730309687098
 20
115.64789969995714
 10
439.4208449421346
 20
115.43090441491641
 10
439.4208449421346
 20
116.22076725246464
 10
440.4662800042863
 20
116.43776253750536
 10
441.56958047578223
 20
116.43776253750536
 10
441.56958047578223
 20
112.73919845692242
 10
442.59476264466355
 20
112.73919845692242
 10
442.59476264466355
 20
111.93776253750536
 10
439.44784879982853
 20
111.93776253750536
  0
LWPOLYLINE
  5
55
330
17
100
AcDbEntity
  8
LEGEND_TEXT
100
AcDbPolyline
 90
11
 70
1
 10
424.002003857694
 20
111.93776253750536
 10
424.002003857694
 20
112.73919845692242
 10
425.02718602657524
 20
112.73919845692242
 10
425.02718602657524
 20
115.64789969995714
 10
423.975
 20
115.43090441491641
 10
423.975
 20
116.22076725246464
 10
425.0204350621517
 20
116.43776253750536
 10
426.1237355336477
 20
116.43776253750536
 10
426.1237355336477
 20
112.73919845692242
 10
427.14891770252893
 20
112.73919845692242
 10
427.14891770252893
 20
111.93776253750536
  0
LWPOLYLINE
  5
56
330
17
100
AcDbEntity
  8
LEGEND_TEXT
100
AcDbPolyline
 90
4
 70
1
 10
438.38963512644665
 20
121.47638234033433
 10
436.49743624089155
 20
121.47638234033433
 10
436.49743624089155
 20
122.35304329189884
 10
438.38963512644665
 20
122.35304329189884
  0
LWPOLYLINE
  5
57
330
17
100
AcDbEntity
  8
LEGEND_TEXT
100
AcDbPolyline
 90
136
 70
1
 10
435.6598758807062
 20
121.13558766626258
 10
435.6184358089102
 20
121.03971040924372
 10
435.57322845786007
 20
120.94781893367579
 10
435.52425382755575
 20
120.85991323955878
 10
435.4715119179972
 20
120.77599332689267
 10
435.41500272918455
 20
120.69605919567749
 10
435.38533540505784
 20
120.65758679811401
 10
435.35480254852257
 20
120.62020596971442
 10
435.2913691004407
 20
120.54900439181043
 10
435.2247786723438
 20
120.48254958576672
 10
435.1550312642319
 20
120.42084155158327
 10
435.08212687610506
 20
120.36388028926007
 10
435.00606550796317
 20
120.31166579879715
 10
434.9268471598063
 20
120.26419808019449
 10
434.84447183163445
 20
120.2214771334521
 10
434.75893952344757
 20
120.18350295856996
 10
434.67025023524565
 20
120.1502755555481
 10
434.57840396702875
 20
120.1217949243865
 10
434.4834007187969
 20
120.09806106508518
 10
434.38524049055
 20
120.07907397764413
 10
434.2839232822881
 20
120.06483366206332
 10
434.1794490940112
 20
120.0553401183428
 10
434.0718179257193
 20
120.05059334648253
 10
434.01681847406775
 20
120.05
 10
433.96164101847137
 20
120.05059334648253
 10
433.8536707950466
 20
120.0553401183428
 10
433.74888015531235
 20
120.06483366206332
 10
433.64726909926867
 20
120.07907397764413
 10
433.54883762691543
 20
120.09806106508518
 10
433.4535857382528
 20
120.1217949243865
 10
433.36151343328066
 20
120.1502755555481
 10
433.272620711999
 20
120.18350295856996
 10
433.18690757440794
 20
120.2214771334521
 10
433.1043740205074
 20
120.26419808019449
 10
433.02502005029737
 20
120.31166579879715
 10
432.9488456637779
 20
120.36388028926007
 10
432.8758508609489
 20
120.42084155158327
 10
432.80603564181047
 20
120.48254958576672
 10
432.73940000636253
 20
120.54900439181043
 10
432.67594395460515
 20
120.62020596971442
 10
432.6454082726104
 20
120.65758679811401
 10
432.61574094848373
 20
120.69605919567749
 10
432.55923175967104
 20
120.77599332689267
 10
432.50648985011253
 20
120.85991323955878
 10
432.4575152198082
 20
120.94781893367579
 10
432.41230786875803
 20
121.03971040924372
 10
432.37086779696205
 20
121.13558766626258
 10
432.3331950044203
 20
121.23545070473236
 10
432.29928949113264
 20
121.33929952465307
 10
432.2691512570992
 20
121.4471341260247
 10
432.24278030231994
 20
121.55895450884725
 10
432.2201766267949
 20
121.67476067312072
 10
432.201340230524
 20
121.7945526188451
 10
432.1862711135073
 20
121.91833034602041
 10
432.17496927574473
 20
122.04609385464664
 10
432.1674347172364
 20
122.1778431447238
 10
432.1636674379822
 20
122.31357821625187
 10
432.16319652807545
 20
122.38294042006001
 10
432.1636674379822
 20
122.45253902064134
 10
432.1674347172364
 20
122.5887186311214
 10
432.17496927574473
 20
122.72087478735801
 10
432.1862711135073
 20
122.84900748935115
 10
432.201340230524
 20
122.97311673710084
 10
432.2201766267949
 20
123.09320253060704
 10
432.24278030231994
 20
123.2092648698698
 10
432.2691512570992
 20
123.32130375488909
 10
432.29928949113264
 20
123.42931918566491
 10
432.3331950044203
 20
123.53331116219726
 10
432.37086779696205
 20
123.63327968448617
 10
432.41230786875803
 20
123.72922475253161
 10
432.4575152198082
 20
123.82114636633358
 10
432.50648985011253
 20
123.90904452589209
 10
432.55923175967104
 20
123.99291923120714
 10
432.61574094848373
 20
124.07277048227871
 10
432.6454082726104
 20
124.1111873124732
 10
432.67594395460515
 20
124.1485681408728
 10
432.73940000636253
 20
124.21976971877677
 10
432.80603564181047
 20
124.28622452482051
 10
432.8758508609489
 20
124.34793255900397
 10
432.9488456637779
 20
124.40489382132715
 10
433.02502005029737
 20
124.45710831179008
 10
433.1043740205074
 20
124.50457603039273
 10
433.18690757440794
 20
124.54729697713512
 10
433.272620711999
 20
124.58527115201724
 10
433.36151343328066
 20
124.61849855503911
 10
433.4535857382528
 20
124.6469791862007
 10
433.54883762691543
 20
124.67071304550203
 10
433.64726909926867
 20
124.6897001329431
 10
433.74888015531235
 20
124.7039404485239
 10
433.8536707950466
 20
124.71343399224443
 10
433.96164101847137
 20
124.71818076410469
 10
434.01681847406775
 20
124.71877411058722
 10
434.0718179257193
 20
124.71818076410469
 10
434.1794490940112
 20
124.71343399224443
 10
434.2839232822881
 20
124.7039404485239
 10
434.38524049055
 20
124.6897001329431
 10
434.4834007187969
 20
124.67071304550203
 10
434.57840396702875
 20
124.6469791862007
 10
434.67025023524565
 20
124.61849855503911
 10
434.75893952344757
 20
124.58527115201724
 10
434.84447183163445
 20
124.54729697713512
 10
434.9268471598063
 20
124.50457603039273
 10
435.00606550796317
 20
124.45710831179008
 10
435.08212687610506
 20
124.40489382132715
 10
435.1550312642319
 20
124.34793255900397
 10
435.2247786723438
 20
124.28622452482051
 10
435.2913691004407
 20
124.21976971877677
 10
435.35480254852257
 20
124.1485681408728
 10
435.38533540505784
 20
124.1111873124732
 10
435.41500272918455
 20
124.07277048227871
 10
435.4715119179972
 20
123.99291923120714
 10
435.52425382755575
 20
123.90904452589209
 10
435.57322845786007
 20
123.82114636633358
 10
435.6184358089102
 20
123.72922475253161
 10
435.6598758807062
 20
123.63327968448617
 10
435.697548673248
 20
123.53331116219726
 10
435.7314541865356
 20
123.42931918566491
 10
435.761592420569
 20
123.32130375488909
 10
435.7879633753483
 20
123.2092648698698
 10
435.8105670508733
 20
123.09320253060704
 10
435.8294034471442
 20
122.97311673710084
 10
435.8444725641609
 20
122.84900748935115
 10
435.8557744019235
 20
122.72087478735801
 10
435.8633089604318
 20
122.5887186311214
 10
435.867076239686
 20
122.45253902064134
 10
435.8675471495928
 20
122.38294042006001
 10
435.867076239686
 20
122.31357821625187
 10
435.8633089604318
 20
122.1778431447238
 10
435.8557744019235
 20
122.04609385464664
 10
435.8444725641609
 20
121.91833034602041
 10
435.8294034471442
 20
121.7945526188451
 10
435.8105670508733
 20
121.67476067312072
 10
435.7879633753483
 20
121.55895450884725
 10
435.761592420569
 20
121.4471341260247
 10
435.7314541865356
 20
121.33929952465307
 10
435.697548673248
 20
121.23545070473236
  0
LWPOLYLINE
  5
58
330
17
100
AcDbEntity
  8
LEGEND_TEXT
100
AcDbPolyline
 90
84
 70
1
 10
434.48227336048006
 20
123.69809007313543
 10
434.4292300685812
 20
123.76282699983926
 10
434.38501727925416
 20
123.80429909350889
 10
434.35343240998714
 20
123.82857544102282
 10
434.3201597996142
 20
123.85015441659075
 10
434.2851994481355
 20
123.8690360202127
 10
434.2485513555508
 20
123.88522025188865
 10
434.2102155218603
 20
123.89870711161862
 10
434.14954725675096
 20
123.91387982881483
 10
434.0627491427347
 20
123.9246693165988
 10
434.01681847406775
 20
123.9260180025718
 10
433.97099705649913
 20
123.9246693165988
 10
433.884349633653
 20
123.91387982881483
 10
433.8237350522731
 20
123.89870711161862
 10
433.78540675314105
 20
123.88522025188865
 10
433.7487435914394
 20
123.8690360202127
 10
433.7137455671681
 20
123.85015441659075
 10
433.6804126803271
 20
123.82857544102282
 10
433.64874493091645
 20
123.80429909350889
 10
433.6043654394824
 20
123.76282699983926
 10
433.55102076524327
 20
123.69809007313543
 10
433.50433664072546
 20
123.62256365864766
 10
433.4834922846121
 20
123.58075439348478
 10
433.4641058655701
 20
123.53576554463137
 10
433.4290852376232
 20
123.43407914300256
 10
433.39906755652595
 20
123.31678113614444
 10
433.3740528222782
 20
123.183871524057
 10
433.35404103487997
 20
123.03535030674024
 10
433.3390321943313
 20
122.87121748419416
 10
433.3290263006322
 20
122.69147305641877
 10
433.3240233537827
 20
122.49611702341406
 10
433.3233979854265
 20
122.3925846549507
 10
433.3240233537827
 20
122.28786182624303
 10
433.3290263006322
 20
122.09021528745177
 10
433.3390321943313
 20
121.90830090682597
 10
433.35404103487997
 20
121.74211868436562
 10
433.3740528222782
 20
121.59166862007072
 10
433.39906755652595
 20
121.45695071394127
 10
433.4290852376232
 20
121.33796496597728
 10
433.4641058655701
 20
121.23471137617874
 10
433.4834922846121
 20
121.18898414059151
 10
433.50433664072546
 20
121.1467077328011
 10
433.55102076524327
 20
121.07033744776038
 10
433.6043654394824
 20
121.00487720343978
 10
433.64874493091645
 20
120.96294173442188
 10
433.6804126803271
 20
120.93839414280164
 10
433.7137455671681
 20
120.91657406136144
 10
433.7487435914394
 20
120.89748149010126
 10
433.78540675314105
 20
120.8811164290211
 10
433.8237350522731
 20
120.86747887812098
 10
433.884349633653
 20
120.85213663335833
 10
433.97099705649913
 20
120.84122659263824
 10
434.01681847406775
 20
120.83986283754822
 10
434.0624025530433
 20
120.84122659263824
 10
434.1485979023789
 20
120.85213663335833
 10
434.20889320684205
 20
120.86747887812098
 10
434.2470180728943
 20
120.8811164290211
 10
434.2834853360748
 20
120.89748149010126
 10
434.31829499638343
 20
120.91657406136144
 10
434.3514470538202
 20
120.93839414280164
 10
434.3829415083851
 20
120.96294173442188
 10
434.4270751848478
 20
121.00487720343978
 10
434.48011847674667
 20
121.07033744776038
 10
434.52653135715815
 20
121.1467077328011
 10
434.5472513930562
 20
121.18898414059151
 10
434.5666378120982
 20
121.23471137617874
 10
434.601658440045
 20
121.33796496597728
 10
434.6316761211423
 20
121.45695071394127
 10
434.65669085539
 20
121.59166862007072
 10
434.67670264278826
 20
121.74211868436562
 10
434.6917114833369
 20
121.90830090682597
 10
434.701717377036
 20
122.09021528745177
 10
434.7067203238856
 20
122.28786182624303
 10
434.70734569224174
 20
122.3925846549507
 10
434.7067278584441
 20
122.49611702341406
 10
434.70178518806256
 20
122.69147305641877
 10
434.6918998472996
 20
122.87121748419416
 10
434.67707183615516
 20
123.03535030674024
 10
434.65730115462924
 20
123.183871524057
 10
434.6325878027218
 20
123.31678113614444
 10
434.6029317804329
 20
123.43407914300256
 10
434.56833308776254
 20
123.53576554463137
 10
434.5491802400343
 20
123.58075439348478
 10
434.5285656879554
 20
123.62256365864766
  0
LWPOLYLINE
  5
59
330
17
100
AcDbEntity
  8
LEGEND_TEXT
100
AcDbPolyline
 90
136
 70
1
 10
431.40285032348373
 20
121.23545070473236
 10
431.36517753094193
 20
121.13558766626258
 10
431.32373745914595
 20
121.03971040924372
 10
431.2785301080958
 20
120.94781893367579
 10
431.22955547779145
 20
120.85991323955878
 10
431.17681356823294
 20
120.77599332689267
 10
431.1203043794203
 20
120.69605919567749
 10
431.0906370552936
 20
120.65758679811401
 10
431.0601041987583
 20
120.62020596971442
 10
430.99667075067646
 20
120.54900439181043
 10
430.93008032257956
 20
120.48254958576672
 10
430.8603329144677
 20
120.42084155158327
 10
430.7874285263408
 20
120.36388028926007
 10
430.7113671581989
 20
120.31166579879715
 10
430.63214881004205
 20
120.26419808019449
 10
430.54977348187015
 20
120.2214771334521
 10
430.46424117368326
 20
120.18350295856996
 10
430.3755518854814
 20
120.1502755555481
 10
430.2837056172645
 20
120.1217949243865
 10
430.1887023690326
 20
120.09806106508518
 10
430.0905421407857
 20
120.07907397764413
 10
429.9892249325238
 20
120.06483366206332
 10
429.88475074424696
 20
120.0553401183428
 10
429.77711957595506
 20
120.05059334648253
 10
429.7221201243035
 20
120.05
 10
429.6669426687071
 20
120.05059334648253
 10
429.5589724452824
 20
120.0553401183428
 10
429.4541818055481
 20
120.06483366206332
 10
429.35257074950437
 20
120.07907397764413
 10
429.2541392771512
 20
120.09806106508518
 10
429.15888738848855
 20
120.1217949243865
 10
429.0668150835164
 20
120.1502755555481
 10
428.9779223622348
 20
120.18350295856996
 10
428.8922092246437
 20
120.2214771334521
 10
428.80967567074316
 20
120.26419808019449
 10
428.7303217005331
 20
120.31166579879715
 10
428.6541473140136
 20
120.36388028926007
 10
428.58115251118465
 20
120.42084155158327
 10
428.51133729204616
 20
120.48254958576672
 10
428.4447016565983
 20
120.54900439181043
 10
428.38124560484084
 20
120.62020596971442
 10
428.35070992284614
 20
120.65758679811401
 10
428.3210425987195
 20
120.69605919567749
 10
428.2645334099068
 20
120.77599332689267
 10
428.2117915003483
 20
120.85991323955878
 10
428.1628168700439
 20
120.94781893367579
 10
428.1176095189938
 20
121.03971040924372
 10
428.0761694471978
 20
121.13558766626258
 10
428.038496654656
 20
121.23545070473236
 10
428.0045911413684
 20
121.33929952465307
 10
427.974452907335
 20
121.4471341260247
 10
427.94808195255575
 20
121.55895450884725
 10
427.92547827703066
 20
121.67476067312072
 10
427.90664188075976
 20
121.7945526188451
 10
427.89157276374306
 20
121.91833034602041
 10
427.8802709259805
 20
122.04609385464664
 10
427.87273636747216
 20
122.1778431447238
 10
427.86896908821797
 20
122.31357821625187
 10
427.8684981783112
 20
122.38294042006001
 10
427.86896908821797
 20
122.45253902064134
 10
427.87273636747216
 20
122.5887186311214
 10
427.8802709259805
 20
122.72087478735801
 10
427.89157276374306
 20
122.84900748935115
 10
427.90664188075976
 20
122.97311673710084
 10
427.92547827703066
 20
123.09320253060704
 10
427.94808195255575
 20
123.2092648698698
 10
427.974452907335
 20
123.32130375488909
 10
428.0045911413684
 20
123.42931918566491
 10
428.038496654656
 20
123.53331116219726
 10
428.0761694471978
 20
123.63327968448617
 10
428.1176095189938
 20
123.72922475253161
 10
428.1628168700439
 20
123.82114636633358
 10
428.2117915003483
 20
123.90904452589209
 10
428.2645334099068
 20
123.99291923120714
 10
428.3210425987195
 20
124.07277048227871
 10
428.35070992284614
 20
124.1111873124732
 10
428.38124560484084
 20
124.1485681408728
 10
428.4447016565983
 20
124.21976971877677
 10
428.51133729204616
 20
124.28622452482051
 10
428.58115251118465
 20
124.34793255900397
 10
428.6541473140136
 20
124.40489382132715
 10
428.7303217005331
 20
124.45710831179008
 10
428.80967567074316
 20
124.50457603039273
 10
428.8922092246437
 20
124.54729697713512
 10
428.9779223622348
 20
124.58527115201724
 10
429.0668150835164
 20
124.61849855503911
 10
429.15888738848855
 20
124.6469791862007
 10
429.2541392771512
 20
124.67071304550203
 10
429.35257074950437
 20
124.6897001329431
 10
429.4541818055481
 20
124.7039404485239
 10
429.5589724452824
 20
124.71343399224443
 10
429.6669426687071
 20
124.71818076410469
 10
429.7221201243035
 20
124.71877411058722
 10
429.77711957595506
 20
124.71818076410469
 10
429.88475074424696
 20
124.71343399224443
 10
429.9892249325238
 20
124.7039404485239
 10
430.0905421407857
 20
124.6897001329431
 10
430.1887023690326
 20
124.67071304550203
 10
430.2837056172645
 20
124.6469791862007
 10
430.3755518854814
 20
124.61849855503911
 10
430.46424117368326
 20
124.58527115201724
 10
430.54977348187015
 20
124.54729697713512
 10
430.63214881004205
 20
124.50457603039273
 10
430.7113671581989
 20
124.45710831179008
 10
430.7874285263408
 20
124.40489382132715
 10
430.8603329144677
 20
124.34793255900397
 10
430.93008032257956
 20
124.28622452482051
 10
430.99667075067646
 20
124.21976971877677
 10
431.0601041987583
 20
124.1485681408728
 10
431.0906370552936
 20
124.1111873124732
 10
431.1203043794203
 20
124.07277048227871
 10
431.17681356823294
 20
123.99291923120714
 10
431.22955547779145
 20
123.90904452589209
 10
431.2785301080958
 20
123.82114636633358
 10
431.32373745914595
 20
123.72922475253161
 10
431.36517753094193
 20
123.63327968448617
 10
431.40285032348373
 20
123.53331116219726
 10
431.43675583677134
 20
123.42931918566491
 10
431.46689407080476
 20
123.32130375488909
 10
431.49326502558404
 20
123.2092648698698
 10
431.51586870110907
 20
123.09320253060704
 10
431.53470509737997
 20
122.97311673710084
 10
431.5497742143967
 20
122.84900748935115
 10
431.56107605215925
 20
122.72087478735801
 10
431.5686106106676
 20
122.5887186311214
 10
431.57237788992177
 20
122.45253902064134
 10
431.57284879982853
 20
122.38294042006001
 10
431.57237788992177
 20
122.31357821625187
 10
431.5686106106676
 20
122.1778431447238
 10
431.56107605215925
 20
122.04609385464664
 10
431.5497742143967
 20
121.91833034602041
 10
431.53470509737997
 20
121.7945526188451
 10
431.51586870110907
 20
121.67476067312072
 10
431.49326502558404
 20
121.55895450884725
 10
431.46689407080476
 20
121.4471341260247
 10
431.43675583677134
 20
121.33929952465307
  0
LWPOLYLINE
  5
5A
330
17
100
AcDbEntity
  8
LEGEND_TEXT
100
AcDbPolyline
 90
84
 70
1
 10
430.23386733819115
 20
123.62256365864766
 10
430.1875750107158
 20
123.69809007313543
 10
430.13453171881696
 20
123.76282699983926
 10
430.0903189294899
 20
123.80429909350889
 10
430.0587340602229
 20
123.82857544102282
 10
430.02546144984996
 20
123.85015441659075
 10
429.99050109837117
 20
123.8690360202127
 10
429.9538530057865
 20
123.88522025188865
 10
429.91551717209603
 20
123.89870711161862
 10
429.8548489069867
 20
123.91387982881483
 10
429.7680507929704
 20
123.9246693165988
 10
429.7221201243035
 20
123.9260180025718
 10
429.6762987067349
 20
123.9246693165988
 10
429.58965128388877
 20
123.91387982881483
 10
429.52903670250885
 20
123.89870711161862
 10
429.4907084033768
 20
123.88522025188865
 10
429.45404524167515
 20
123.8690360202127
 10
429.41904721740383
 20
123.85015441659075
 10
429.38571433056285
 20
123.82857544102282
 10
429.3540465811522
 20
123.80429909350889
 10
429.3096670897182
 20
123.76282699983926
 10
429.256322415479
 20
123.69809007313543
 10
429.2096382909612
 20
123.62256365864766
 10
429.1887939348478
 20
123.58075439348478
 10
429.1694075158058
 20
123.53576554463137
 10
429.13438688785897
 20
123.43407914300256
 10
429.1043692067617
 20
123.31678113614444
 10
429.07935447251396
 20
123.183871524057
 10
429.0593426851157
 20
123.03535030674024
 10
429.04433384456706
 20
122.87121748419416
 10
429.034327950868
 20
122.69147305641877
 10
429.02932500401846
 20
122.49611702341406
 10
429.02869963566224
 20
122.3925846549507
 10
429.02932500401846
 20
122.28786182624303
 10
429.034327950868
 20
122.09021528745177
 10
429.04433384456706
 20
121.90830090682597
 10
429.0593426851157
 20
121.74211868436562
 10
429.07935447251396
 20
121.59166862007072
 10
429.1043692067617
 20
121.45695071394127
 10
429.13438688785897
 20
121.33796496597728
 10
429.1694075158058
 20
121.23471137617874
 10
429.1887939348478
 20
121.18898414059151
 10
429.2096382909612
 20
121.1467077328011
 10
429.256322415479
 20
121.07033744776038
 10
429.3096670897182
 20
121.00487720343978
 10
429.3540465811522
 20
120.96294173442188
 10
429.38571433056285
 20
120.93839414280164
 10
429.41904721740383
 20
120.91657406136144
 10
429.45404524167515
 20
120.89748149010126
 10
429.4907084033768
 20
120.8811164290211
 10
429.52903670250885
 20
120.86747887812098
 10
429.58965128388877
 20
120.85213663335833
 10
429.6762987067349
 20
120.84122659263824
 10
429.7221201243035
 20
120.83986283754822
 10
429.76770420327904
 20
120.84122659263824
 10
429.8538995526147
 20
120.85213663335833
 10
429.9141948570778
 20
120.86747887812098
 10
429.9523197231301
 20
120.8811164290211
 10
429.9887869863105
 20
120.89748149010126
 10
430.0235966466192
 20
120.91657406136144
 10
430.05674870405596
 20
120.93839414280164
 10
430.08824315862086
 20
120.96294173442188
 10
430.13237683508356
 20
121.00487720343978
 10
430.1854201269824
 20
121.07033744776038
 10
430.2318330073939
 20
121.1467077328011
 10
430.25255304329187
 20
121.18898414059151
 10
430.2719394623339
 20
121.23471137617874
 10
430.30696009028077
 20
121.33796496597728
 10
430.33697777137803
 20
121.45695071394127
 10
430.36199250562584
 20
121.59166862007072
 10
430.382004293024
 20
121.74211868436562
 10
430.39701313357267
 20
121.90830090682597
 10
430.40701902727176
 20
122.09021528745177
 10
430.41202197412133
 20
122.28786182624303
 10
430.4126473424775
 20
122.3925846549507
 10
430.4120295086798
 20
122.49611702341406
 10
430.4070868382983
 20
122.69147305641877
 10
430.3972014975354
 20
122.87121748419416
 10
430.3823734863909
 20
123.03535030674024
 10
430.362602804865
 20
123.183871524057
 10
430.3378894529576
 20
123.31678113614444
 10
430.3082334306687
 20
123.43407914300256
 10
430.2736347379983
 20
123.53576554463137
 10
430.25448189027003
 20
123.58075439348478
  0
LWPOLYLINE
  5
5B
330
17
100
AcDbEntity
  8
LEGEND_TEXT
100
AcDbPolyline
 90
11
 70
1
 10
424.002003857694
 20
120.13776253750535
 10
424.002003857694
 20
120.93919845692241
 10
425.02718602657524
 20
120.93919845692241
 10
425.02718602657524
 20
123.84789969995714
 10
423.975
 20
123.63090441491642
 10
423.975
 20
124.42076725246463
 10
425.0204350621517
 20
124.63776253750535
 10
426.1237355336477
 20
124.63776253750535
 10
426.1237355336477
 20
120.93919845692241
 10
427.14891770252893
 20
120.93919845692241
 10
427.14891770252893
 20
120.13776253750535
  0
LWPOLYLINE
  5
5C
330
17
100
AcDbEntity
  8
LEGEND_TEXT
100
AcDbPolyline
 90
11
 70
1
 10
439.44784879982853
 20
120.13776253750535
 10
439.44784879982853
 20
120.93919845692241
 10
440.4730309687098
 20
120.93919845692241
 10
440.4730309687098
 20
123.84789969995714
 10
439.4208449421346
 20
123.63090441491642
 10
439.4208449421346
 20
124.42076725246463
 10
440.4662800042863
 20
124.63776253750535
 10
441.56958047578223
 20
124.63776253750535
 10
441.56958047578223
 20
120.93919845692241
 10
442.59476264466355
 20
120.93919845692241
 10
442.59476264466355
 20
120.13776253750535
  0
LWPOLYLINE
  5
5D
330
17
100
AcDbEntity
  8
LEGEND_TEXT
100
AcDbPolyline
 90
4
 70
1
 10
432.48627839691386
 20
129.67638234033433
 10
432.48627839691386
 20
130.55304329189883
 10
434.3784772824689
 20
130.55304329189883
 10
434.3784772824689
 20
129.67638234033433
  0
LWPOLYLINE
  5
5E
330
17
100
AcDbEntity
  8
LEGEND_TEXT
100
AcDbPolyline
 90
185
 70
1
 10
430.49076564509215
 20
132.15302186026577
 10
430.42692156357157
 20
132.15189544376875
 10
430.30459047162987
 20
132.14288411179274
 10
430.1894021411541
 20
132.12486144784077
 10
430.0813565721442
 20
132.09782745191276
 10
429.9804537646003
 20
132.0617821240088
 10
429.8866937185223
 20
132.0167254641288
 10
429.8000764339102
 20
131.96265747227284
 10
429.72060191076406
 20
131.89957814844084
 10
429.6835431847407
 20
131.86465923703386
 10
429.6483191237141
 20
131.82764571836157
 10
429.58352192054224
 20
131.74708621879017
 10
429.5262592758787
 20
131.65781676958315
 10
429.4765311897235
 20
131.55983737074047
 10
429.4343376620767
 20
131.4531480222621
 10
429.39967869293827
 20
131.3377487241481
 10
429.3725542823082
 20
131.2136394763984
 10
429.3529644301865
 20
131.08082027901307
 10
429.3459949635662
 20
131.01114444920702
 10
429.3961751232319
 20
131.04687332565368
 10
429.49960954243465
 20
131.1113691464852
 10
429.6071427614659
 20
131.16658239123444
 10
429.71877478032576
 20
131.21251305990143
 10
429.7761278396914
 20
131.231997428204
 10
429.8348973960566
 20
131.24940225835834
 10
429.95641475567936
 20
131.27724998660523
 10
430.08323644449206
 20
131.29581513876983
 10
430.2153624624946
 20
131.3050977148521
 10
430.28341459494214
 20
131.3062580368624
 10
430.3262523273414
 20
131.30586341436054
 10
430.4103681385287
 20
131.30270643434554
 10
430.49240441156775
 20
131.29639247431552
 10
430.57236114645843
 20
131.2869215342705
 10
430.65023834320084
 20
131.2742936142105
 10
430.7260360017949
 20
131.2585087141355
 10
430.7997541222407
 20
131.2395668340455
 10
430.87139270453815
 20
131.21746797394047
 10
430.9409517486873
 20
131.19221213382045
 10
431.00843125468816
 20
131.16379931368544
 10
431.0738312225407
 20
131.1322295135354
 10
431.13715165224494
 20
131.0975027333704
 10
431.1983925438009
 20
131.05961897319037
 10
431.25755389720854
 20
131.01857823299534
 10
431.31463571246786
 20
130.9743805127853
 10
431.36963798957885
 20
130.92702581256026
 10
431.39635930132874
 20
130.90216459494212
 10
431.42240721191195
 20
130.87672415813864
 10
431.4720222796895
 20
130.8243740456226
 10
431.5183296762819
 20
130.77006494789435
 10
431.5613294016891
 20
130.7137968649539
 10
431.6010214559111
 20
130.65556979680133
 10
431.637405838948
 20
130.59538374343657
 10
431.67048255079965
 20
130.53323870485963
 10
431.7002515914662
 20
130.4691346810705
 10
431.72671296094757
 20
130.40307167206922
 10
431.7498666592437
 20
130.33504967785575
 10
431.76971268635475
 20
130.26506869843013
 10
431.7862510422806
 20
130.19312873379232
 10
431.79948172702126
 20
130.11922978394233
 10
431.8094047405768
 20
130.04337184888018
 10
431.81602008294715
 20
129.96555492860585
 10
431.8193277541323
 20
129.88577902311937
 10
431.81974121303045
 20
129.84515645092156
 10
431.819278779502
 20
129.80022976217583
 10
431.8155793112744
 20
129.71206035851102
 10
431.8081803748192
 20
129.62613625328171
 10
431.79708197013633
 20
129.5424574464879
 10
431.78228409722595
 20
129.46102393812956
 10
431.76378675608794
 20
129.3818357282067
 10
431.7415899467223
 20
129.30489281671936
 10
431.71569366912905
 20
129.23019520366748
 10
431.68609792330824
 20
129.15774288905112
 10
431.6528027092598
 20
129.08753587287023
 10
431.61580802698376
 20
129.01957415512484
 10
431.57511387648015
 20
128.95385773581495
 10
431.5307202577489
 20
128.89038661494052
 10
431.48262717079
 20
128.8291607925016
 10
431.43083461560354
 20
128.77018026849817
 10
431.3753425921895
 20
128.71344504293023
 10
431.34620927989715
 20
128.68591941705958
 10
431.3163583009068
 20
128.65910015604908
 10
431.254763285101
 20
128.6080158493624
 10
431.1906441921949
 20
128.56033716312152
 10
431.12400102218845
 20
128.5160640973264
 10
431.0548337750817
 20
128.47519665197706
 10
430.98314245087465
 20
128.4377348270735
 10
430.90892704956735
 20
128.40367862261573
 10
430.8321875711597
 20
128.37302803860374
 10
430.7529240156518
 20
128.3457830750375
 10
430.6711363830436
 20
128.32194373191706
 10
430.58682467333506
 20
128.3015100092424
 10
430.4999888865262
 20
128.28448190701351
 10
430.41062902261706
 20
128.27085942523038
 10
430.31874508160763
 20
128.26064256389304
 10
430.2243370634979
 20
128.2538313230015
 10
430.12740496828786
 20
128.25042570255573
 10
430.07799239177024
 20
128.25
 10
430.02358722842104
 20
128.25057827736552
 10
429.9170937784639
 20
128.25520449628965
 10
429.8136894974952
 20
128.2644569341379
 10
429.7133743855149
 20
128.2783355909103
 10
429.616148442523
 20
128.29684046660682
 10
429.5220116685196
 20
128.3199715612275
 10
429.43096406350463
 20
128.3477288747723
 10
429.343005627478
 20
128.3801124072412
 10
429.2581363604399
 20
128.41712215863427
 10
429.1763562623902
 20
128.45875812895144
 10
429.09766533332885
 20
128.50502031819278
 10
429.022063573256
 20
128.5559087263582
 10
428.94955098217156
 20
128.6114233534478
 10
428.88012756007555
 20
128.67156419946153
 10
428.81379330696797
 20
128.73633126439938
 10
428.7505482228488
 20
128.80572454826137
 10
428.7200841191599
 20
128.8421560222889
 10
428.69053546432974
 20
128.87970920371436
 10
428.6342523122723
 20
128.9577144879514
 10
428.581721370352
 20
129.03958500070323
 10
428.5329426385689
 20
129.12532074196983
 10
428.487916116923
 20
129.21492171175123
 10
428.4466418054142
 20
129.30838791004743
 10
428.40911970404255
 20
129.4057193368584
 10
428.37534981280805
 20
129.50691599218413
 10
428.3453321317108
 20
129.6119778760247
 10
428.31906666075065
 20
129.72090498838003
 10
428.2965533999277
 20
129.83369732925016
 10
428.27779234924185
 20
129.95035489863506
 10
428.2627835086932
 20
130.07087769653478
 10
428.2515268782817
 20
130.19526572294927
 10
428.2440224580074
 20
130.32351897787854
 10
428.2402702478702
 20
130.4556374613226
 10
428.2398012216031
 20
130.52314616373766
 10
428.24035030255436
 20
130.59235956001527
 10
428.2447429501648
 20
130.72798914772423
 10
428.2535282453855
 20
130.85988912897153
 10
428.26670618821663
 20
130.98805950375723
 10
428.2842767786581
 20
131.11250027208126
 10
428.30624001671
 20
131.2332114339437
 10
428.3325959023722
 20
131.35019298934446
 10
428.3633444356448
 20
131.4634449382836
 10
428.3984856165278
 20
131.57296728076108
 10
428.43801944502115
 20
131.67876001677695
 10
428.4819459211249
 20
131.78082314633116
 10
428.530265044839
 20
131.87915666942376
 10
428.58297681616347
 20
131.9737605860547
 10
428.6400812350983
 20
132.06463489622402
 10
428.70157830164356
 20
132.15177959993167
 10
428.7674680157991
 20
132.23519469717772
 10
428.8020601157308
 20
132.27550364337762
 10
428.8376081627733
 20
132.31472384587306
 10
428.9111454538148
 20
132.38942899348345
 10
428.987937674132
 20
132.45915379791978
 10
429.0679848237248
 20
132.52389825918212
 10
429.15128690259326
 20
132.5836623772704
 10
429.23784391073724
 20
132.63844615218468
 10
429.3276558481569
 20
132.68824958392494
 10
429.4207227148521
 20
132.73307267249115
 10
429.517044510823
 20
132.77291541788335
 10
429.6166212360694
 20
132.80777782010153
 10
429.7194528905915
 20
132.8376598791457
 10
429.8255394743892
 20
132.8625615950158
 10
429.9348809874625
 20
132.8824829677119
 10
430.0474774298114
 20
132.89742399723397
 10
430.1633288014359
 20
132.90738468358202
 10
430.2824351023361
 20
132.91236502675605
 10
430.3432088512645
 20
132.9129875696528
 10
430.4205586289113
 20
132.91223411380196
 10
430.573540304865
 20
132.9062064669953
 10
430.7242314750321
 20
132.8941511733819
 10
430.87263213941276
 20
132.87606823296184
 10
430.94597353193313
 20
132.8647663951993
 10
431.0189381965281
 20
132.8519576457351
 10
431.16432503750536
 20
132.82181941170165
 10
431.3089885608658
 20
132.78565353086157
 10
431.4529287666095
 20
132.74346000321475
 10
431.52462762537505
 20
132.72010287183883
 10
431.52462762537505
 20
131.88780540077153
 10
431.4535315312902
 20
131.920686214102
 10
431.31441344299185
 20
131.97975715280754
 10
431.1793941545221
 20
132.02990717423918
 10
431.04847366588086
 20
132.07113627839692
 10
430.98455047149594
 20
132.08840548649806
 10
430.92156156236604
 20
132.1035499490999
 10
430.7966687205315
 20
132.12778108926275
 10
430.67322251393057
 20
132.14393518270467
 10
430.55122294256324
 20
132.15201222942562
  0
LWPOLYLINE
  5
5F
330
17
100
AcDbEntity
  8
LEGEND_TEXT
100
AcDbPolyline
 90
72
 70
1
 10
429.5816081426811
 20
130.28036008492285
 10
429.55303709681743
 20
130.2187575345585
 10
429.529227891931
 20
130.1509465079833
 10
429.51018052802186
 20
130.07692700519718
 10
429.49589500509
 20
129.99669902620016
 10
429.4863713231355
 20
129.91026257099227
 10
429.48160948215815
 20
129.8176176395735
 10
429.481014252036
 20
129.76896699528504
 10
429.48160948215815
 20
129.7204293693742
 10
429.4863713231355
 20
129.62796526735963
 10
429.49589500509
 20
129.54164936508786
 10
429.51018052802186
 20
129.46148166255892
 10
429.529227891931
 20
129.38746215977284
 10
429.55303709681743
 20
129.31959085672952
 10
429.5816081426811
 20
129.25786775342905
 10
429.6149410295221
 20
129.2022928498714
 10
429.63339316330905
 20
129.17681097299612
 10
429.6530357573403
 20
129.15298669899272
 10
429.6958923261359
 20
129.10994930079298
 10
429.7435107359087
 20
129.07306010233606
 10
429.79589098665883
 20
129.04231910362194
 10
429.8530330783862
 20
129.01772630465067
 10
429.91493701109084
 20
128.9992817054222
 10
429.9816027847728
 20
128.98698530593657
 10
430.0530303994321
 20
128.98083710619375
 10
430.09052989712814
 20
128.98006858122588
 10
430.12826296613804
 20
128.98083710619375
 10
430.2001125160737
 20
128.98698530593657
 10
430.2671399485641
 20
128.9992817054222
 10
430.32934526360907
 20
129.01772630465067
 10
430.38672846120875
 20
129.04231910362194
 10
430.43928954136305
 20
129.07306010233606
 10
430.487028504072
 20
129.10994930079298
 10
430.5299453493356
 20
129.15298669899272
 10
430.54959547792544
 20
129.17681097299612
 10
430.56804761171236
 20
129.2022928498714
 10
430.60138049855334
 20
129.25786775342905
 10
430.62995154441705
 20
129.31959085672952
 10
430.6537607493035
 20
129.38746215977284
 10
430.6728081132126
 20
129.46148166255892
 10
430.6870936361445
 20
129.54164936508786
 10
430.696617318099
 20
129.62796526735963
 10
430.7013791590763
 20
129.7204293693742
 10
430.7019743891985
 20
129.76896699528504
 10
430.7013791590763
 20
129.8176176395735
 10
430.696617318099
 20
129.91026257099227
 10
430.6870936361445
 20
129.99669902620016
 10
430.6728081132126
 20
130.07692700519718
 10
430.6537607493035
 20
130.1509465079833
 10
430.62995154441705
 20
130.2187575345585
 10
430.60138049855334
 20
130.28036008492285
 10
430.56804761171236
 20
130.3357541590763
 10
430.54959547792544
 20
130.36112301757393
 10
430.5299453493356
 20
130.38506407723423
 10
430.487028504072
 20
130.42831244307223
 10
430.43928954136305
 20
130.46538247093335
 10
430.38672846120875
 20
130.49627416081762
 10
430.32934526360907
 20
130.52098751272501
 10
430.2671399485641
 20
130.5395225266556
 10
430.2001125160737
 20
130.5518792026093
 10
430.12826296613804
 20
130.55805754058616
 10
430.09052989712814
 20
130.55882983283325
 10
430.0530303994321
 20
130.55805754058616
 10
429.9816027847728
 20
130.5518792026093
 10
429.91493701109084
 20
130.5395225266556
 10
429.8530330783862
 20
130.52098751272501
 10
429.79589098665883
 20
130.49627416081762
 10
429.7435107359087
 20
130.46538247093335
 10
429.6958923261359
 20
130.42831244307223
 10
429.6530357573403
 20
130.38506407723423
 10
429.63339316330905
 20
130.36112301757393
 10
429.6149410295221
 20
130.3357541590763
  0
LWPOLYLINE
  5
60
330
17
100
AcDbEntity
  8
LEGEND_TEXT
100
AcDbPolyline
 90
11
 70
1
 10
438.5836048006858
 20
128.33776253750534
 10
435.43669095585085
 20
128.33776253750534
 10
435.43669095585085
 20
129.13919845692243
 10
436.4618731247321
 20
129.13919845692243
 10
436.4618731247321
 20
132.04789969995713
 10
435.4096870981569
 20
131.8309044149164
 10
435.4096870981569
 20
132.62076725246465
 10
436.45512216030863
 20
132.83776253750534
 10
437.55842263180455
 20
132.83776253750534
 10
437.55842263180455
 20
129.13919845692243
 10
438.5836048006858
 20
129.13919845692243
  0
LWPOLYLINE
  5
61
330
17
100
AcDbEntity
  8
LEGEND_TEXT
100
AcDbPolyline
 90
7
 70
1
 10
425.6116266609516
 20
128.33776253750534
 10
424.4813223317617
 20
128.33776253750534
 10
426.14205957994
 20
131.98424774967853
 10
423.975
 20
131.98424774967853
 10
423.975
 20
132.83776253750534
 10
427.3659129875697
 20
132.83776253750534
 10
427.3659129875697
 20
132.18388341191599
  0
LWPOLYLINE
  5
62
330
17
100
AcDbEntity
  8
LEGEND_TEXT
100
AcDbPolyline
 90
168
 70
1
 10
462.6396794966245
 20
90.6501578908594
 10
462.71183042890056
 20
90.6860223893592
 10
462.78572937875055
 20
90.7167633880733
 10
462.86137634617444
 20
90.74238088700172
 10
462.93877133117235
 20
90.76287488614444
 10
463.0179143337441
 20
90.7782453855015
 10
463.0988053538898
 20
90.78849238507287
 10
463.1814443916095
 20
90.79361588485855
 10
463.2234194170596
 20
90.79425632233176
 10
463.2950316284023
 20
90.7928548944492
 10
463.43176879621194
 20
90.78164347138878
 10
463.528645324053
 20
90.76587740771004
 10
463.5905266530821
 20
90.75186312888448
 10
463.6502455638194
 20
90.73504599429383
 10
463.70780205626477
 20
90.71542600393806
 10
463.7631961304182
 20
90.69300315781719
 10
463.81642778627975
 20
90.6677774559312
 10
463.8674970238494
 20
90.63974889828012
 10
463.9164038431271
 20
90.60891748486391
 10
463.963148244113
 20
90.5752832156826
 10
464.007730226807
 20
90.53884609073617
 10
464.05014979120904
 20
90.49960611002464
 10
464.0904069373192
 20
90.457563273548
 10
464.1097246035148
 20
90.43549078439777
 10
464.12847435236284
 20
90.41280893782817
 10
464.16418815969246
 20
90.36552958318822
 10
464.19752104653344
 20
90.31569601321394
 10
464.2284730128858
 20
90.26330822790533
 10
464.25704405874944
 20
90.20836622726237
 10
464.2832341841245
 20
90.1508700112851
 10
464.3180551462709
 20
90.05983653356729
 10
464.35614987408917
 20
89.92951880960673
 10
464.3847209199529
 20
89.78898422430883
 10
464.40376828386195
 20
89.6382327776736
 10
464.41329196581654
 20
89.47726446970103
 10
464.4144824260609
 20
89.39294899271324
 10
464.4144824260609
 20
87.33776253750536
 10
463.32950600085724
 20
87.33776253750536
 10
463.32950600085724
 20
89.09783540505786
 10
463.33191705957995
 20
89.13785897985426
 10
463.33336369481356
 20
89.17884697813973
 10
463.33481033004716
 20
89.23020252893271
 10
463.33529254179166
 20
89.29939991427347
 10
463.3348781410737
 20
89.34347331426811
 10
463.33156293533006
 20
89.42698636077475
 10
463.3249325238427
 20
89.50432106930454
 10
463.3149869066117
 20
89.57547743985748
 10
463.30172608363694
 20
89.64045547243356
 10
463.2851500549186
 20
89.69925516703279
 10
463.2652588204565
 20
89.75187652365517
 10
463.24205238025075
 20
89.79831954230069
 10
463.229205957994
 20
89.81922417488212
 10
463.2155571052561
 20
89.83884416523789
 10
463.18520790358446
 20
89.87428672846121
 10
463.15079004031827
 20
89.90466606836691
 10
463.1123035154576
 20
89.929982184955
 10
463.0697483290023
 20
89.95023507822546
 10
463.0231244809527
 20
89.96542474817831
 10
462.9724319713084
 20
89.97555119481355
 10
462.9176708000697
 20
89.98061441813117
 10
462.8887644663523
 20
89.98124732104586
 10
462.8509711208744
 20
89.98025652660202
 10
462.7786393591942
 20
89.97233017105123
 10
462.7106475032148
 20
89.95647745994964
 10
462.6469955529361
 20
89.93269839329726
 10
462.58768350835834
 20
89.90099297109408
 10
462.5327113694814
 20
89.86136119334012
 10
462.4820791363052
 20
89.81380306003537
 10
462.43578680882985
 20
89.75831857117981
 10
462.41426810972996
 20
89.72760394342049
 10
462.39403782013505
 20
89.69513376352872
 10
462.3573294510823
 20
89.62488153999678
 10
462.32562402887913
 20
89.547546831467
 10
462.2989215535255
 20
89.46312963793935
 10
462.27722202502144
 20
89.37162995941384
 10
462.2605254433669
 20
89.27304779589048
 10
462.24883180856193
 20
89.16738314736926
 10
462.2421411206065
 20
89.0546360138502
 10
462.2406718816974
 20
88.99560651521647
 10
462.2406718816974
 20
87.33776253750536
 10
461.1556954564938
 20
87.33776253750536
 10
461.1556954564938
 20
89.09783540505786
 10
461.1553187285684
 20
89.16631700734034
 10
461.152304905165
 20
89.29392229023789
 10
461.14627725835834
 20
89.4090503442456
 10
461.1372357881483
 20
89.51170116936348
 10
461.1251804945349
 20
89.60187476559152
 10
461.11011137751825
 20
89.67957113292971
 10
461.0920284370982
 20
89.74479027137805
 10
461.07093167327474
 20
89.79753218093656
 10
461.0592531075868
 20
89.81922417488212
 10
461.0466101184098
 20
89.83884416523789
 10
461.0177979666738
 20
89.87428672846121
 10
460.98428425042863
 20
89.90466606836691
 10
460.94606896967423
 20
89.929982184955
 10
460.90315212441067
 20
89.95023507822546
 10
460.8555337146378
 20
89.96542474817831
 10
460.8032137403558
 20
89.97555119481355
 10
460.7461922015645
 20
89.98061441813117
 10
460.7159183454779
 20
89.98124732104586
 10
460.67765409009326
 20
89.98025275932277
 10
460.60444831962604
 20
89.97229626553793
 10
460.5356728695617
 20
89.95638327796829
 10
460.47132773990035
 20
89.9325137966138
 10
460.41141293064186
 20
89.90068782147449
 10
460.3559284417863
 20
89.86090535255036
 10
460.30487427333367
 20
89.8131663898414
 10
460.25825042528396
 20
89.75747093334762
 10
460.2365998714102
 20
89.72663951993142
 10
460.2161623814563
 20
89.69395837240141
 10
460.1792430447653
 20
89.62346504299721
 10
460.1475978990302
 20
89.54613033446742
 10
460.12122694425096
 20
89.46195424681204
 10
460.1001301804275
 20
89.37093678003107
 10
460.08430760756
 20
89.27307793412452
 10
460.0737592256483
 20
89.16837770909237
 10
460.06848503469246
 20
89.05683610493463
 10
460.067825760823
 20
88.99849978568366
 10
460.067825760823
 20
87.33776253750536
 10
458.98284933561933
 20
87.33776253750536
 10
458.98284933561933
 20
90.7132447492499
 10
460.067825760823
 20
90.7132447492499
 10
460.067825760823
 20
90.21945992284613
 10
460.0930062553579
 20
90.2545935691706
 10
460.14472346495927
 20
90.32156072519288
 10
460.1982489686027
 20
90.38412769904629
 10
460.25358276628805
 20
90.44229449073082
 10
460.3107248580154
 20
90.49606110024646
 10
460.36967524378485
 20
90.54542752759323
 10
460.43043392359624
 20
90.59039377277111
 10
460.49300089744963
 20
90.63095983578012
 10
460.52496249464207
 20
90.64959279897128
 10
460.5573573289488
 20
90.66711064750322
 10
460.623390199716
 20
90.69875579323832
 10
460.69108067335515
 20
90.72588020386841
 10
460.76042874986604
 20
90.74848387939349
 10
460.8314344292488
 20
90.76656681981355
 10
460.9040977115034
 20
90.78012902512859
 10
460.97841859662987
 20
90.78917049533862
 10
461.05439708462814
 20
90.79369123044364
 10
461.09300792970424
 20
90.79425632233176
 10
461.1363316411273
 20
90.79359704846227
 10
461.22108035522933
 20
90.78832285750643
 10
461.30329745767256
 20
90.77777447559473
 10
461.3829829484569
 20
90.76195190272718
 10
461.4601368275825
 20
90.74085513890377
 10
461.53475909504925
 20
90.71448418412452
 10
461.60684975085724
 20
90.68283903838942
 10
461.6764087950064
 20
90.64591970169846
 10
461.71023896270896
 20
90.62548221174454
 10
461.7433608819117
 20
90.60385802882554
 10
461.80653062044576
 20
90.55744514841406
 10
461.8656015591513
 20
90.50681291523789
 10
461.9205736980283
 20
90.45196132929705
 10
461.9714470370767
 20
90.39289039059152
 10
462.0182215762966
 20
90.32960009912131
 10
462.06089731568795
 20
90.26209045488642
 10
462.09947425525075
 20
90.19036145788684
 10
462.11722567509645
 20
90.1529147021003
 10
462.143201065554
 20
90.19151047805937
 10
462.1969375368356
 20
90.26519846027111
 10
462.2530549286059
 20
90.33421501620768
 10
462.3115532408648
 20
90.39856014586906
 10
462.3724324736123
 20
90.45823384925525
 10
462.4356926268485
 20
90.51323612636627
 10
462.5013337005733
 20
90.5635669772021
 10
462.56935569478674
 20
90.60922640176275
 10
462.6042595370767
 20
90.63030432918988
  0
LWPOLYLINE
  5
63
330
17
100
AcDbEntity
  8
LEGEND_TEXT
100
AcDbPolyline
 90
136
 70
1
 10
447.22958226733283
 20
88.3355876662626
 10
447.18814219553684
 20
88.23971040924373
 10
447.1429348444867
 20
88.1478189336758
 10
447.0939602141824
 20
88.05991323955878
 10
447.0412183046239
 20
87.97599332689268
 10
446.9847091158112
 20
87.89605919567751
 10
446.9550417916845
 20
87.85758679811401
 10
446.9245089351492
 20
87.82020596971442
 10
446.86107548706735
 20
87.74900439181043
 10
446.7944850589705
 20
87.68254958576672
 10
446.72473765085863
 20
87.62084155158327
 10
446.6518332627317
 20
87.56388028926007
 10
446.5757718945898
 20
87.51166579879715
 10
446.49655354643295
 20
87.46419808019449
 10
446.4141782182611
 20
87.4214771334521
 10
446.3286459100742
 20
87.38350295856998
 10
446.23995662187235
 20
87.35027555554811
 10
446.14811035365545
 20
87.32179492438652
 10
446.0531071054235
 20
87.2980610650852
 10
445.95494687717667
 20
87.27907397764413
 10
445.8536296689148
 20
87.26483366206332
 10
445.74915548063785
 20
87.2553401183428
 10
445.64152431234595
 20
87.25059334648253
 10
445.5865248606944
 20
87.25
 10
445.531347405098
 20
87.25059334648253
 10
445.4233771816733
 20
87.2553401183428
 10
445.318586541939
 20
87.26483366206332
 10
445.2169754858953
 20
87.27907397764413
 10
445.11854401354213
 20
87.2980610650852
 10
445.02329212487945
 20
87.32179492438652
 10
444.9312198199073
 20
87.35027555554811
 10
444.8423270986257
 20
87.38350295856998
 10
444.7566139610346
 20
87.4214771334521
 10
444.67408040713406
 20
87.46419808019449
 10
444.594726436924
 20
87.51166579879715
 10
444.51855205040454
 20
87.56388028926007
 10
444.44555724757555
 20
87.62084155158327
 10
444.3757420284371
 20
87.68254958576672
 10
444.3091063929892
 20
87.74900439181043
 10
444.2456503412318
 20
87.82020596971442
 10
444.21511465923703
 20
87.85758679811401
 10
444.1854473351104
 20
87.89605919567751
 10
444.1289381462977
 20
87.97599332689268
 10
444.0761962367392
 20
88.05991323955878
 10
444.02722160643486
 20
88.1478189336758
 10
443.9820142553847
 20
88.23971040924373
 10
443.94057418358875
 20
88.3355876662626
 10
443.90290139104695
 20
88.43545070473238
 10
443.8689958777593
 20
88.53929952465307
 10
443.8388576437259
 20
88.6471341260247
 10
443.81248668894665
 20
88.75895450884724
 10
443.78988301342156
 20
88.87476067312072
 10
443.77104661715066
 20
88.9945526188451
 10
443.75597750013395
 20
89.11833034602041
 10
443.7446756623714
 20
89.24609385464665
 10
443.73714110386305
 20
89.3778431447238
 10
443.73337382460886
 20
89.51357821625187
 10
443.7329029147021
 20
89.58294042006001
 10
443.73337382460886
 20
89.65253902064134
 10
443.73714110386305
 20
89.78871863112141
 10
443.7446756623714
 20
89.92087478735802
 10
443.75597750013395
 20
90.04900748935115
 10
443.77104661715066
 20
90.17311673710084
 10
443.78988301342156
 20
90.29320253060705
 10
443.81248668894665
 20
90.4092648698698
 10
443.8388576437259
 20
90.52130375488909
 10
443.8689958777593
 20
90.62931918566491
 10
443.90290139104695
 20
90.73331116219728
 10
443.94057418358875
 20
90.83327968448617
 10
443.9820142553847
 20
90.92922475253161
 10
444.02722160643486
 20
91.02114636633358
 10
444.0761962367392
 20
91.10904452589209
 10
444.1289381462977
 20
91.19291923120714
 10
444.1854473351104
 20
91.27277048227872
 10
444.21511465923703
 20
91.31118731247321
 10
444.2456503412318
 20
91.3485681408728
 10
444.3091063929892
 20
91.41976971877679
 10
444.3757420284371
 20
91.48622452482051
 10
444.44555724757555
 20
91.54793255900397
 10
444.51855205040454
 20
91.60489382132715
 10
444.594726436924
 20
91.65710831179008
 10
444.67408040713406
 20
91.70457603039273
 10
444.7566139610346
 20
91.74729697713512
 10
444.8423270986257
 20
91.78527115201726
 10
444.9312198199073
 20
91.81849855503911
 10
445.02329212487945
 20
91.84697918620071
 10
445.11854401354213
 20
91.87071304550204
 10
445.2169754858953
 20
91.8897001329431
 10
445.318586541939
 20
91.9039404485239
 10
445.4233771816733
 20
91.91343399224442
 10
445.531347405098
 20
91.91818076410469
 10
445.5865248606944
 20
91.91877411058722
 10
445.64152431234595
 20
91.91818076410469
 10
445.74915548063785
 20
91.91343399224442
 10
445.8536296689148
 20
91.9039404485239
 10
445.95494687717667
 20
91.8897001329431
 10
446.0531071054235
 20
91.87071304550204
 10
446.14811035365545
 20
91.84697918620071
 10
446.23995662187235
 20
91.81849855503911
 10
446.3286459100742
 20
91.78527115201726
 10
446.4141782182611
 20
91.74729697713512
 10
446.49655354643295
 20
91.70457603039273
 10
446.5757718945898
 20
91.65710831179008
 10
446.6518332627317
 20
91.60489382132715
 10
446.72473765085863
 20
91.54793255900397
 10
446.7944850589705
 20
91.48622452482051
 10
446.86107548706735
 20
91.41976971877679
 10
446.9245089351492
 20
91.3485681408728
 10
446.9550417916845
 20
91.31118731247321
 10
446.9847091158112
 20
91.27277048227872
 10
447.0412183046239
 20
91.19291923120714
 10
447.0939602141824
 20
91.10904452589209
 10
447.1429348444867
 20
91.02114636633358
 10
447.18814219553684
 20
90.92922475253161
 10
447.22958226733283
 20
90.83327968448617
 10
447.2672550598746
 20
90.73331116219728
 10
447.30116057316224
 20
90.62931918566491
 10
447.33129880719565
 20
90.52130375488909
 10
447.35766976197493
 20
90.4092648698698
 10
447.3802734375
 20
90.29320253060705
 10
447.3991098337709
 20
90.17311673710084
 10
447.41417895078763
 20
90.04900748935115
 10
447.42548078855015
 20
89.92087478735802
 10
447.43301534705853
 20
89.78871863112141
 10
447.4367826263127
 20
89.65253902064134
 10
447.4372535362195
 20
89.58294042006001
 10
447.4367826263127
 20
89.51357821625187
 10
447.43301534705853
 20
89.3778431447238
 10
447.42548078855015
 20
89.24609385464665
 10
447.41417895078763
 20
89.11833034602041
 10
447.3991098337709
 20
88.9945526188451
 10
447.3802734375
 20
88.87476067312072
 10
447.35766976197493
 20
88.75895450884724
 10
447.33129880719565
 20
88.6471341260247
 10
447.30116057316224
 20
88.53929952465307
 10
447.2672550598746
 20
88.43545070473238
  0
LWPOLYLINE
  5
64
330
17
100
AcDbEntity
  8
LEGEND_TEXT
100
AcDbPolyline
 90
84
 70
1
 10
446.0519797471067
 20
90.89809007313545
 10
445.99893645520785
 20
90.96282699983927
 10
445.9547236658808
 20
91.00429909350889
 10
445.9231387966138
 20
91.02857544102282
 10
445.8898661862409
 20
91.05015441659076
 10
445.8549058347621
 20
91.0690360202127
 10
445.8182577421775
 20
91.08522025188866
 10
445.7799219084869
 20
91.09870711161862
 10
445.7192536433776
 20
91.11387982881483
 10
445.6324555293613
 20
91.1246693165988
 10
445.5865248606944
 20
91.1260180025718
 10
445.54070344312584
 20
91.1246693165988
 10
445.45405602027967
 20
91.11387982881483
 10
445.39344143889974
 20
91.09870711161862
 10
445.35511313976775
 20
91.08522025188866
 10
445.31844997806604
 20
91.0690360202127
 10
445.2834519537947
 20
91.05015441659076
 10
445.25011906695374
 20
91.02857544102282
 10
445.2184513175431
 20
91.00429909350889
 10
445.17407182610907
 20
90.96282699983927
 10
445.1207271518699
 20
90.89809007313545
 10
445.0740430273521
 20
90.82256365864767
 10
445.05319867123876
 20
90.78075439348478
 10
445.03381225219675
 20
90.73576554463138
 10
444.99879162424986
 20
90.63407914300257
 10
444.9687739431526
 20
90.51678113614444
 10
444.94375920890485
 20
90.38387152405701
 10
444.9237474215066
 20
90.23535030674024
 10
444.908738580958
 20
90.07121748419416
 10
444.89873268725887
 20
89.89147305641877
 10
444.89372974040936
 20
89.69611702341406
 10
444.89310437205313
 20
89.59258465495071
 10
444.89372974040936
 20
89.48786182624303
 10
444.89873268725887
 20
89.29021528745177
 10
444.908738580958
 20
89.10830090682597
 10
444.9237474215066
 20
88.94211868436562
 10
444.94375920890485
 20
88.79166862007072
 10
444.9687739431526
 20
88.65695071394127
 10
444.99879162424986
 20
88.53796496597728
 10
445.03381225219675
 20
88.43471137617874
 10
445.05319867123876
 20
88.38898414059152
 10
445.0740430273521
 20
88.34670773280112
 10
445.1207271518699
 20
88.2703374477604
 10
445.17407182610907
 20
88.20487720343978
 10
445.2184513175431
 20
88.16294173442188
 10
445.25011906695374
 20
88.13839414280164
 10
445.2834519537947
 20
88.11657406136145
 10
445.31844997806604
 20
88.09748149010126
 10
445.35511313976775
 20
88.08111642902111
 10
445.39344143889974
 20
88.06747887812098
 10
445.45405602027967
 20
88.05213663335833
 10
445.54070344312584
 20
88.04122659263824
 10
445.5865248606944
 20
88.03986283754823
 10
445.63210893966993
 20
88.04122659263824
 10
445.7183042890056
 20
88.05213663335833
 10
445.7785995934687
 20
88.06747887812098
 10
445.81672445952097
 20
88.08111642902111
 10
445.85319172270147
 20
88.09748149010126
 10
445.8880013830101
 20
88.11657406136145
 10
445.92115344044686
 20
88.13839414280164
 10
445.9526478950118
 20
88.16294173442188
 10
445.9967815714745
 20
88.20487720343978
 10
446.0498248633733
 20
88.2703374477604
 10
446.09623774378485
 20
88.34670773280112
 10
446.1169577796828
 20
88.38898414059152
 10
446.1363441987248
 20
88.43471137617874
 10
446.17136482667166
 20
88.53796496597728
 10
446.201382507769
 20
88.65695071394127
 10
446.22639724201673
 20
88.79166862007072
 10
446.2464090294149
 20
88.94211868436562
 10
446.26141786996357
 20
89.10830090682597
 10
446.27142376366265
 20
89.29021528745177
 10
446.2764267105122
 20
89.48786182624303
 10
446.2770520788684
 20
89.59258465495071
 10
446.27643424507073
 20
89.69611702341406
 10
446.2714915746892
 20
89.89147305641877
 10
446.2616062339263
 20
90.07121748419416
 10
446.2467782227818
 20
90.23535030674024
 10
446.2270075412559
 20
90.38387152405701
 10
446.2022941893485
 20
90.51678113614444
 10
446.1726381670596
 20
90.63407914300257
 10
446.1380394743892
 20
90.73576554463138
 10
446.1188866266609
 20
90.78075439348478
 10
446.0982720745821
 20
90.82256365864767
  0
LWPOLYLINE
  5
65
330
17
100
AcDbEntity
  8
LEGEND_TEXT
100
AcDbPolyline
 90
11
 70
1
 10
439.8664085940849
 20
88.13919845692241
 10
440.89159076296613
 20
88.13919845692241
 10
440.89159076296613
 20
91.04789969995714
 10
439.8394047363909
 20
90.83090441491642
 10
439.8394047363909
 20
91.62076725246465
 10
440.88483979854266
 20
91.83776253750536
 10
441.98814027003857
 20
91.83776253750536
 10
441.98814027003857
 20
88.13919845692241
 10
443.01332243891983
 20
88.13919845692241
 10
443.01332243891983
 20
87.33776253750536
 10
439.8664085940849
 20
87.33776253750536
  0
LWPOLYLINE
  5
66
330
17
100
AcDbEntity
  8
LEGEND_TEXT
100
AcDbPolyline
 90
11
 70
1
 10
452.3049399914273
 20
89.15184312044578
 10
454.10648306900987
 20
91.83776253750536
 10
455.3968816973853
 20
91.83776253750536
 10
455.3968816973853
 20
88.99849978568366
 10
456.0382233176168
 20
88.99849978568366
 10
456.0382233176168
 20
88.15752250321475
 10
455.3968816973853
 20
88.15752250321475
 10
455.3968816973853
 20
87.33776253750536
 10
454.2993677668238
 20
87.33776253750536
 10
454.2993677668238
 20
88.15752250321475
 10
452.3049399914273
 20
88.15752250321475
  0
LWPOLYLINE
  5
67
330
17
100
AcDbEntity
  8
LEGEND_TEXT
100
AcDbPolyline
 90
3
 70
1
 10
453.02825760822975
 20
88.99849978568366
 10
454.2993677668238
 20
88.99849978568366
 10
454.2993677668238
 20
90.88201885983712
  0
LWPOLYLINE
  5
68
330
17
100
AcDbEntity
  8
LEGEND_TEXT
100
AcDbPolyline
 90
11
 70
1
 10
448.45580529361337
 20
87.33776253750536
 10
448.45580529361337
 20
88.13919845692241
 10
449.4809874624946
 20
88.13919845692241
 10
449.4809874624946
 20
91.04789969995714
 10
448.4288014359194
 20
90.83090441491642
 10
448.4288014359194
 20
91.62076725246465
 10
449.47423649807115
 20
91.83776253750536
 10
450.57753696956706
 20
91.83776253750536
 10
450.57753696956706
 20
88.13919845692241
 10
451.6027191384484
 20
88.13919845692241
 10
451.6027191384484
 20
87.33776253750536
  0
LWPOLYLINE
  5
69
330
17
100
AcDbEntity
  8
LEGEND_TEXT
100
AcDbPolyline
 90
168
 70
1
 10
458.13473682624306
 20
98.8501578908594
 10
458.2068877585191
 20
98.8860223893592
 10
458.2807867083691
 20
98.91676338807329
 10
458.35643367579297
 20
98.94238088700172
 10
458.4338286607908
 20
98.96287488614445
 10
458.51297166336263
 20
98.9782453855015
 10
458.59386268350835
 20
98.98849238507287
 10
458.676501721228
 20
98.99361588485854
 10
458.7184767466781
 20
98.99425632233176
 10
458.79008895802076
 20
98.99285489444921
 10
458.9268261258305
 20
98.98164347138876
 10
459.02370265367153
 20
98.96587740771002
 10
459.08558398270065
 20
98.95186312888448
 10
459.14530289343793
 20
98.93504599429383
 10
459.20285938588324
 20
98.91542600393807
 10
459.2582534600367
 20
98.89300315781719
 10
459.3114851158982
 20
98.8677774559312
 10
459.3625543534679
 20
98.8397488982801
 10
459.41146117274565
 20
98.80891748486391
 10
459.4582055737315
 20
98.77528321568259
 10
459.50278755642546
 20
98.73884609073617
 10
459.5452071208275
 20
98.69960611002465
 10
459.5854642669377
 20
98.657563273548
 10
459.6047819331333
 20
98.63549078439777
 10
459.6235316819814
 20
98.61280893782816
 10
459.659245489311
 20
98.56552958318822
 10
459.6925783761519
 20
98.51569601321394
 10
459.7235303425043
 20
98.46330822790533
 10
459.752101388368
 20
98.40836622726238
 10
459.77829151374306
 20
98.3508700112851
 10
459.8131124758894
 20
98.2598365335673
 10
459.85120720370765
 20
98.12951880960674
 10
459.87977824957136
 20
97.98898422430882
 10
459.8988256134805
 20
97.8382327776736
 10
459.9083492954351
 20
97.67726446970103
 10
459.90953975567936
 20
97.59294899271325
 10
459.90953975567936
 20
95.53776253750536
 10
458.82456333047577
 20
95.53776253750536
 10
458.82456333047577
 20
97.29783540505787
 10
458.8269743891984
 20
97.33785897985426
 10
458.82842102443203
 20
97.37884697813973
 10
458.82986765966564
 20
97.43020252893271
 10
458.8303498714102
 20
97.49939991427347
 10
458.82993547069225
 20
97.54347331426811
 10
458.8266202649486
 20
97.62698636077475
 10
458.8199898534612
 20
97.70432106930454
 10
458.81004423623017
 20
97.77547743985748
 10
458.79678341325547
 20
97.84045547243356
 10
458.7802073845371
 20
97.89925516703279
 10
458.760316150075
 20
97.95187652365516
 10
458.7371097098693
 20
97.99831954230069
 10
458.72426328761253
 20
98.01922417488213
 10
458.7106144348746
 20
98.03884416523789
 10
458.68026523320293
 20
98.0742867284612
 10
458.64584736993675
 20
98.10466606836691
 10
458.6073608450761
 20
98.129982184955
 10
458.5648056586209
 20
98.15023507822546
 10
458.51818181057115
 20
98.16542474817831
 10
458.4674893009269
 20
98.17555119481355
 10
458.41272812968816
 20
98.18061441813116
 10
458.38382179597085
 20
98.18124732104586
 10
458.3460284504929
 20
98.18025652660201
 10
458.2736966888127
 20
98.17233017105121
 10
458.20570483283325
 20
98.15647745994963
 10
458.14205288255465
 20
98.13269839329726
 10
458.08274083797687
 20
98.10099297109409
 10
458.02776869909985
 20
98.06136119334012
 10
457.9771364659237
 20
98.01380306003536
 10
457.9308441384484
 20
97.9583185711798
 10
457.9093254393485
 20
97.9276039434205
 10
457.88909514975353
 20
97.89513376352872
 10
457.85238678070084
 20
97.82488153999678
 10
457.8206813584976
 20
97.74754683146699
 10
457.793978883144
 20
97.66312963793935
 10
457.77227935464
 20
97.57162995941384
 10
457.75558277298546
 20
97.47304779589048
 10
457.74388913818046
 20
97.36738314736927
 10
457.73719845022504
 20
97.25463601385019
 10
457.7357292113159
 20
97.19560651521645
 10
457.7357292113159
 20
95.53776253750536
 10
456.6507527861123
 20
95.53776253750536
 10
456.6507527861123
 20
97.29783540505787
 10
456.6503760581869
 20
97.36631700734033
 10
456.64736223478354
 20
97.49392229023789
 10
456.64133458797687
 20
97.6090503442456
 10
456.63229311776684
 20
97.71170116936348
 10
456.6202378241535
 20
97.8018747655915
 10
456.6051687071367
 20
97.8795711329297
 10
456.58708576671665
 20
97.94479027137805
 10
456.5659890028933
 20
97.99753218093656
 10
456.55431043720534
 20
98.01922417488213
 10
456.5416674480283
 20
98.03884416523789
 10
456.51285529629234
 20
98.0742867284612
 10
456.47934158004716
 20
98.10466606836691
 10
456.44112629929276
 20
98.129982184955
 10
456.39820945402914
 20
98.15023507822546
 10
456.35059104425636
 20
98.16542474817831
 10
456.29827106997425
 20
98.17555119481355
 10
456.24124953118303
 20
98.18061441813116
 10
456.21097567509645
 20
98.18124732104586
 10
456.17271141971173
 20
98.18025275932276
 10
456.0995056492445
 20
98.17229626553794
 10
456.03073019918025
 20
98.15638327796827
 10
455.9663850695189
 20
98.13251379661381
 10
455.9064702602604
 20
98.1006878214745
 10
455.85098577140485
 20
98.06090535255036
 10
455.7999316029522
 20
98.0131663898414
 10
455.7533077549025
 20
97.95747093334762
 10
455.7316572010287
 20
97.92663951993141
 10
455.7112197110748
 20
97.89395837240141
 10
455.67430037438385
 20
97.82346504299721
 10
455.6426552286487
 20
97.74613033446742
 10
455.6162842738695
 20
97.66195424681204
 10
455.5951875100461
 20
97.57093678003108
 10
455.5793649371785
 20
97.47307793412452
 10
455.56881655526684
 20
97.36837770909237
 10
455.563542364311
 20
97.25683610493464
 10
455.56288309044146
 20
97.19849978568367
 10
455.56288309044146
 20
95.53776253750536
 10
454.4779066652379
 20
95.53776253750536
 10
454.4779066652379
 20
98.91324474924988
 10
455.56288309044146
 20
98.91324474924988
 10
455.56288309044146
 20
98.41945992284612
 10
455.58806358497645
 20
98.4545935691706
 10
455.6397807945778
 20
98.52156072519288
 10
455.69330629822116
 20
98.58412769904629
 10
455.7486400959066
 20
98.64229449073082
 10
455.80578218763395
 20
98.69606110024647
 10
455.86473257340333
 20
98.74542752759322
 10
455.9254912532148
 20
98.79039377277111
 10
455.98805822706817
 20
98.8309598357801
 10
456.0200198242606
 20
98.84959279897129
 10
456.0524146585673
 20
98.86711064750321
 10
456.11844752933456
 20
98.89875579323832
 10
456.1861380029736
 20
98.9258802038684
 10
456.25548607948457
 20
98.94848387939348
 10
456.32649175886735
 20
98.96656681981355
 10
456.39915504112196
 20
98.98012902512859
 10
456.4734759262484
 20
98.98917049533861
 10
456.54945441424667
 20
98.99369123044363
 10
456.5880652593228
 20
98.99425632233176
 10
456.63138897074583
 20
98.99359704846228
 10
456.7161376848478
 20
98.98832285750643
 10
456.79835478729103
 20
98.97777447559473
 10
456.87804027807545
 20
98.96195190272718
 10
456.95519415720105
 20
98.94085513890377
 10
457.02981642466784
 20
98.91448418412452
 10
457.10190708047577
 20
98.8828390383894
 10
457.17146612462494
 20
98.84591970169845
 10
457.2052962923275
 20
98.82548221174453
 10
457.2384182115302
 20
98.80385802882554
 10
457.3015879500643
 20
98.75744514841406
 10
457.3606588887698
 20
98.70681291523789
 10
457.4156310276468
 20
98.65196132929704
 10
457.46650436669523
 20
98.5928903905915
 10
457.5132789059151
 20
98.5296000991213
 10
457.5559546453065
 20
98.46209045488641
 10
457.5945315848693
 20
98.39036145788684
 10
457.612283004715
 20
98.35291470210029
 10
457.63825839517256
 20
98.39151047805936
 10
457.69199486645414
 20
98.46519846027111
 10
457.7481122582244
 20
98.53421501620767
 10
457.80661057048326
 20
98.59856014586904
 10
457.8674898032308
 20
98.65823384925525
 10
457.930749956467
 20
98.71323612636627
 10
457.99639103019183
 20
98.7635669772021
 10
458.06441302440527
 20
98.80922640176274
 10
458.09931686669523
 20
98.83030432918989
  0
LWPOLYLINE
  5
6A
330
17
100
AcDbEntity
  8
LEGEND_TEXT
100
AcDbPolyline
 90
4
 70
1
 10
467.1785201457351
 20
96.87638234033433
 10
467.1785201457351
 20
97.75304329189885
 10
469.0707190312902
 20
97.75304329189885
 10
469.0707190312902
 20
96.87638234033433
  0
LWPOLYLINE
  5
6B
330
17
100
AcDbEntity
  8
LEGEND_TEXT
100
AcDbPolyline
 90
195
 70
1
 10
443.8408543017306
 20
98.41401620432383
 10
443.8019759798275
 20
98.48604658366374
 10
443.76957737824154
 20
98.56202507166202
 10
443.7436584969728
 20
98.64195166831868
 10
443.72421933602124
 20
98.72582637363374
 10
443.71125989538683
 20
98.81364918760715
 10
443.7047801750697
 20
98.90542011023896
 10
443.70397021003
 20
98.95278611230175
 10
443.704384610748
 20
98.9880845770936
 10
443.70769981649164
 20
99.05709359847165
 10
443.714330227979
 20
99.12398540890887
 10
443.72427584521006
 20
99.18876000840521
 10
443.73753666818476
 20
99.25141739696073
 10
443.7541126969031
 20
99.31195757457539
 10
443.7740039313652
 20
99.37038054124919
 10
443.79721037157094
 20
99.42668629698215
 10
443.82373201752034
 20
99.48087484177427
 10
443.85356886921346
 20
99.53294617562554
 10
443.88672092665024
 20
99.58290029853595
 10
443.9231881898307
 20
99.63073721050552
 10
443.96297065875484
 20
99.67645691153423
 10
444.0060683334226
 20
99.72005940162211
 10
444.05248121383414
 20
99.76154468076913
 10
444.1022092999893
 20
99.80091274897529
 10
444.12831654522074
 20
99.81980282897557
 10
444.15528649740145
 20
99.8381965699341
 10
444.21155458034184
 20
99.87323226699796
 10
444.2709269013877
 20
99.90593225092424
 10
444.333403460539
 20
99.93629652171292
 10
444.39898425779575
 20
99.96432507936402
 10
444.46766929315794
 20
99.99001792387752
 10
444.53945856662557
 20
100.01337505525342
 10
444.6143520781987
 20
100.03439647349174
 10
444.732512792006
 20
100.06154913871625
 10
444.90092524378485
 20
100.08957769636734
 10
445.0817546479854
 20
100.10826340146807
 10
445.2750010046078
 20
100.11760625401843
 10
445.3762805400772
 20
100.11877411058722
 10
445.47685559432597
 20
100.11761378857693
 10
445.6688060068849
 20
100.10833121249465
 10
445.84849015819225
 20
100.08976606033005
 10
446.015908048248
 20
100.06191833208315
 10
446.1710596770521
 20
100.02478802775397
 10
446.2793736647088
 20
99.99084860895306
 10
446.34774978317216
 20
99.96532152472675
 10
446.4130593363226
 20
99.93747379647985
 10
446.47530232416017
 20
99.90730542421238
 10
446.5344787466848
 20
99.87481640792434
 10
446.59058860389655
 20
99.84000674761573
 10
446.6174935705101
 20
99.82173167595371
 10
446.6436601503898
 20
99.80289810514225
 10
446.6935012549226
 20
99.76362045163818
 10
446.7400196191532
 20
99.72219544895923
 10
446.7832152430816
 20
99.67862309710539
 10
446.82308812670783
 20
99.63290339607667
 10
446.8596382700319
 20
99.58503634587306
 10
446.89286567305373
 20
99.5350219464946
 10
446.9227703357734
 20
99.48286019794122
 10
446.9493522581909
 20
99.42855110021297
 10
446.9726114403062
 20
99.37209465330984
 10
446.9925478821193
 20
99.31349085723184
 10
447.00916158363026
 20
99.25273971197895
 10
447.022452544839
 20
99.18984121755116
 10
447.03242076574554
 20
99.1247953739485
 10
447.03906624634993
 20
99.05760218117096
 10
447.0423889866521
 20
98.98826163921855
 10
447.0428043291899
 20
98.95278611230175
 10
447.04198682959174
 20
98.90542011023896
 10
447.0354468328065
 20
98.81364918760715
 10
447.022366839236
 20
98.72582637363374
 10
447.0027468488802
 20
98.64195166831868
 10
446.9765868617392
 20
98.56202507166202
 10
446.94388687781293
 20
98.48604658366374
 10
446.9046468971014
 20
98.41401620432383
 10
446.85886691960457
 20
98.3459339336423
 10
446.8335244320617
 20
98.31337333904844
 10
446.8065808508358
 20
98.28193916095157
 10
446.74799212387484
 20
98.22214490462923
 10
446.6831346442349
 20
98.16644944813545
 10
446.612008411916
 20
98.11485279147021
 10
446.53461342691816
 20
98.06735493463351
 10
446.4509496892413
 20
98.02395587762537
 10
446.3610171988856
 20
97.98465562044578
 10
446.26481595585085
 20
97.94945416309473
 10
446.21436455207885
 20
97.9333904843549
 10
446.27074942067617
 20
97.9169802159237
 10
446.3782525014734
 20
97.88045267627518
 10
446.4787333737409
 20
97.83898246624517
 10
446.57219203747854
 20
97.79256958583369
 10
446.6586284926865
 20
97.74121403504071
 10
446.7380427393646
 20
97.68491581386627
 10
446.81043477751285
 20
97.62367492231033
 10
446.8758046071314
 20
97.55749136037291
 10
446.90585619374195
 20
97.52254607801115
 10
446.9341183227068
 20
97.4863990335673
 10
446.98517249115946
 20
97.41060137497321
 10
447.028933206976
 20
97.33013229010395
 10
447.0654004701565
 20
97.24499177895949
 10
447.09457428070084
 20
97.15517984153986
 10
447.11645463860907
 20
97.06069647784504
 10
447.1310415438813
 20
96.96154168787506
 10
447.13833499651736
 20
96.85771547162987
 10
447.13924667809687
 20
96.80405057865408
 10
447.13881249916284
 20
96.76253798673248
 10
447.1353390676905
 20
96.68142846439
 10
447.12839220474575
 20
96.60287315738185
 10
447.1179719103287
 20
96.52687206570805
 10
447.1040781844393
 20
96.45342518936857
 10
447.0867110270775
 20
96.38253252836343
 10
447.0658704382434
 20
96.31419408269261
 10
447.04155641793693
 20
96.24840985235613
 10
447.0137689661581
 20
96.185179837354
 10
446.9825080829069
 20
96.1245040376862
 10
446.9477737681834
 20
96.0663824533527
 10
446.90956602198753
 20
96.01081508435357
 10
446.8678848443193
 20
95.95780193068876
 10
446.8227302351787
 20
95.90734299235828
 10
446.7741021945657
 20
95.85943826936214
 10
446.72200072248046
 20
95.81408776170034
 10
446.6946474496357
 20
95.7923703386198
 10
446.6664408880398
 20
95.77130653848987
 10
446.60751310594594
 20
95.73118501443287
 10
446.54523244531583
 20
95.69373825864632
 10
446.47959890614953
 20
95.65896627113025
 10
446.410612488447
 20
95.62686905188464
 10
446.33827319220825
 20
95.5974466009095
 10
446.26258101743326
 20
95.57069891820483
 10
446.1835359641221
 20
95.54662600377063
 10
446.1011380322747
 20
95.5252278576069
 10
446.01538722189105
 20
95.50650447971361
 10
445.92628353297124
 20
95.49045587009081
 10
445.8338269655152
 20
95.47708202873848
 10
445.68885546707565
 20
95.4620364572171
 10
445.48382506094623
 20
95.45133738413523
 10
445.3762805400772
 20
95.45
 10
445.2683743603997
 20
95.45133738413523
 10
445.06262063665343
 20
95.4620364572171
 10
444.91710665000136
 20
95.47708202873848
 10
444.8242884237369
 20
95.49045587009081
 10
444.73482307600864
 20
95.50650447971361
 10
444.6487106068166
 20
95.5252278576069
 10
444.5659510161608
 20
95.54662600377063
 10
444.4865443040412
 20
95.57069891820483
 10
444.41049047045783
 20
95.5974466009095
 10
444.3377895154107
 20
95.62686905188464
 10
444.26844143889974
 20
95.65896627113025
 10
444.20244624092504
 20
95.69373825864632
 10
444.13980392148653
 20
95.73118501443287
 10
444.08051448058427
 20
95.77130653848987
 10
444.05212708958425
 20
95.7923703386198
 10
444.0245958127947
 20
95.81408776170034
 10
443.9721552855765
 20
95.85943826936214
 10
443.9232107935062
 20
95.90734299235828
 10
443.8777623365838
 20
95.95780193068876
 10
443.83580991480926
 20
96.01081508435357
 10
443.7973535281826
 20
96.0663824533527
 10
443.7623931767038
 20
96.1245040376862
 10
443.7309288603729
 20
96.185179837354
 10
443.7029605791899
 20
96.24840985235613
 10
443.67848833315475
 20
96.31419408269261
 10
443.65751212226746
 20
96.38253252836343
 10
443.6400319465281
 20
96.45342518936857
 10
443.62604780593654
 20
96.52687206570805
 10
443.61555970049295
 20
96.60287315738185
 10
443.6085676301972
 20
96.68142846439
 10
443.6050715950493
 20
96.76253798673248
 10
443.6046345906558
 20
96.80405057865408
 10
443.6055462722353
 20
96.85771547162987
 10
443.61283972487144
 20
96.96154168787506
 10
443.6274266301436
 20
97.06069647784504
 10
443.6493069880519
 20
97.15517984153986
 10
443.67848079859624
 20
97.24499177895949
 10
443.7149480617767
 20
97.33013229010395
 10
443.75870877759326
 20
97.41060137497321
 10
443.80976294604585
 20
97.4863990335673
 10
443.8380250750107
 20
97.52254607801115
 10
443.86807666162133
 20
97.55749136037291
 10
443.9334464912398
 20
97.62367492231033
 10
444.00583852938814
 20
97.68491581386627
 10
444.0852527760662
 20
97.74121403504071
 10
444.1716892312741
 20
97.79256958583369
 10
444.2651478950118
 20
97.83898246624517
 10
444.36562876727925
 20
97.88045267627518
 10
444.4731318480765
 20
97.9169802159237
 10
444.5295167166738
 20
97.9333904843549
 10
444.4790690801811
 20
97.94945416309473
 10
444.3828979753804
 20
97.98465562044578
 10
444.2930257614927
 20
98.02395587762537
 10
444.209452438518
 20
98.06735493463351
 10
444.1321780064563
 20
98.11485279147021
 10
444.06120246530753
 20
98.16644944813545
 10
443.9965258150718
 20
98.22214490462923
 10
443.938148055749
 20
98.28193916095157
 10
443.91132126018005
 20
98.31337333904844
 10
443.88621234395094
 20
98.3459339336423
  0
LWPOLYLINE
  5
6C
330
17
100
AcDbEntity
  8
LEGEND_TEXT
100
AcDbPolyline
 90
72
 70
1
 10
444.81642140283435
 20
97.30109033433348
 10
444.783691280674
 20
97.24708261894557
 10
444.7564161788738
 20
97.1882527861123
 10
444.73459609743355
 20
97.12460083583369
 10
444.7182310363534
 20
97.05612676810972
 10
444.7073209956333
 20
96.98283058294042
 10
444.7018659752732
 20
96.90471228032575
 10
444.70118409772823
 20
96.86384483497642
 10
444.7018659752732
 20
96.82298115690634
 10
444.7073209956333
 20
96.74489299252572
 10
444.7182310363534
 20
96.67165708382447
 10
444.73459609743355
 20
96.60327343080262
 10
444.7564161788738
 20
96.53974203346013
 10
444.783691280674
 20
96.48106289179704
 10
444.81642140283435
 20
96.42723600581333
 10
444.8546065453547
 20
96.378261375509
 10
444.87574474924986
 20
96.3555936562366
 10
444.8982693119106
 20
96.33433866668453
 10
444.9468220069385
 20
96.29594255652593
 10
445.00004612824154
 20
96.26303160496143
 10
445.05794167581973
 20
96.235605811991
 10
445.1205086496732
 20
96.21366517761466
 10
445.18774704980177
 20
96.1972097018324
 10
445.25965687620555
 20
96.18623938464424
 10
445.3362381288845
 20
96.18075422605014
 10
445.3762805400772
 20
96.18006858122588
 10
445.41607431083906
 20
96.18075422605014
 10
445.4921130753054
 20
96.18623938464424
 10
445.5634201370285
 20
96.1972097018324
 10
445.62999549600835
 20
96.21366517761466
 10
445.69183915224494
 20
96.235605811991
 10
445.74895110573834
 20
96.26303160496143
 10
445.80133135648845
 20
96.29594255652593
 10
445.8489799044953
 20
96.33433866668453
 10
445.87102978997
 20
96.3555936562366
 10
445.89181763689453
 20
96.378261375509
 10
445.92936987650023
 20
96.42723600581333
 10
445.9615575104479
 20
96.48106289179704
 10
445.98838053873766
 20
96.53974203346013
 10
446.0098389613695
 20
96.60327343080262
 10
446.0259327783433
 20
96.67165708382447
 10
446.03666198965925
 20
96.74489299252572
 10
446.04202659531717
 20
96.82298115690634
 10
446.04269717102443
 20
96.86384483497642
 10
446.04202659531717
 20
96.90505887001714
 10
446.03666198965925
 20
96.98377993731248
 10
446.0259327783433
 20
97.05755833422631
 10
446.0098389613695
 20
97.12639406075868
 10
445.98838053873766
 20
97.19028711690956
 10
445.9615575104479
 20
97.24923750267895
 10
445.92936987650023
 20
97.30324521806686
 10
445.89181763689453
 20
97.35231026307329
 10
445.87102978997
 20
97.37498928418346
 10
445.8489799044953
 20
97.3963610593924
 10
445.80133135648845
 20
97.43496813718924
 10
445.74895110573834
 20
97.46805991815795
 10
445.69183915224494
 20
97.49563640229854
 10
445.62999549600835
 20
97.51769758961102
 10
445.5634201370285
 20
97.53424348009537
 10
445.4921130753054
 20
97.54527407375161
 10
445.41607431083906
 20
97.55078937057972
 10
445.3762805400772
 20
97.55147878268323
 10
445.3362381288845
 20
97.55078183602122
 10
445.25965687620555
 20
97.54520626272503
 10
445.18774704980177
 20
97.53405511613266
 10
445.1205086496732
 20
97.51732839624411
 10
445.05794167581973
 20
97.49502610305936
 10
445.00004612824154
 20
97.46714823657844
 10
444.9468220069385
 20
97.43369479680133
 10
444.8982693119106
 20
97.39466578372803
 10
444.87574474924986
 20
97.37306043720531
 10
444.8546065453547
 20
97.35027593227603
  0
LWPOLYLINE
  5
6D
330
17
100
AcDbEntity
  8
LEGEND_TEXT
100
AcDbPolyline
 90
72
 70
1
 10
445.0105380009644
 20
98.37319019904629
 10
445.0558659049507
 20
98.3460657884162
 10
445.1051720558294
 20
98.32346211289112
 10
445.15845645360054
 20
98.30537917247106
 10
445.21571909826406
 20
98.29181696715602
 10
445.27695998981994
 20
98.28277549694599
 10
445.3421791282683
 20
98.27825476184097
 10
445.3762805400772
 20
98.27768966995285
 10
445.4096737033862
 20
98.27825476184097
 10
445.4735667595371
 20
98.28277549694599
 10
445.5336021217317
 20
98.29181696715602
 10
445.58977978997
 20
98.30537917247106
 10
445.64209976425207
 20
98.32346211289112
 10
445.6905620445778
 20
98.3460657884162
 10
445.7351666309473
 20
98.37319019904629
 10
445.7759135233605
 20
98.40483534478139
 10
445.79484033433346
 20
98.42235319331333
 10
445.81282532549295
 20
98.44091834547793
 10
445.845314341781
 20
98.48094192027432
 10
445.8731620700279
 20
98.524823189027
 10
445.89636851023363
 20
98.57256215173597
 10
445.9149336623982
 20
98.6241588084012
 10
445.92885752652165
 20
98.67961315902272
 10
445.93814010260394
 20
98.73892520360052
 10
445.9427813906451
 20
98.80209494213459
 10
445.94336155165024
 20
98.83512644663523
 10
445.9427813906451
 20
98.86815041657736
 10
445.93814010260394
 20
98.93125987864337
 10
445.92885752652165
 20
98.99045137028504
 10
445.9149336623982
 20
99.04572489150236
 10
445.89636851023363
 20
99.09708044229532
 10
445.8731620700279
 20
99.14451802266395
 10
445.845314341781
 20
99.18803763260823
 10
445.81282532549295
 20
99.22763927212816
 10
445.79484033433346
 20
99.245970852979
 10
445.7759135233605
 20
99.26337191585405
 10
445.7351666309473
 20
99.29480609395092
 10
445.6905620445778
 20
99.3217496751768
 10
445.64209976425207
 20
99.34420265953172
 10
445.58977978997
 20
99.36216504701565
 10
445.5336021217317
 20
99.37563683762859
 10
445.4735667595371
 20
99.38461803137055
 10
445.4096737033862
 20
99.38910862824153
 10
445.3762805400772
 20
99.38966995285041
 10
445.3421791282683
 20
99.38910486096228
 10
445.27695998981994
 20
99.38458412585726
 10
445.21571909826406
 20
99.37554265564724
 10
445.15845645360054
 20
99.36198045033218
 10
445.1051720558294
 20
99.34389750991213
 10
445.0558659049507
 20
99.32129383438705
 10
445.0105380009644
 20
99.29416942375697
 10
444.96918834387054
 20
99.26252427802186
 10
444.95000535790825
 20
99.24500642948993
 10
444.93190358109194
 20
99.2264525791631
 10
444.89920359716564
 20
99.18651941906879
 10
444.8711750395146
 20
99.14281897972032
 10
444.84781790813867
 20
99.09535126111766
 10
444.82913220303794
 20
99.04411626326082
 10
444.81511792421236
 20
98.9891139861498
 10
444.805775071662
 20
98.93034442978461
 10
444.80110364538683
 20
98.86780759416524
 10
444.8005197171025
 20
98.83512644663523
 10
444.80110364538683
 20
98.80209494213459
 10
444.805775071662
 20
98.73892520360052
 10
444.81511792421236
 20
98.67961315902272
 10
444.82913220303794
 20
98.6241588084012
 10
444.84781790813867
 20
98.57256215173597
 10
444.8711750395146
 20
98.524823189027
 10
444.89920359716564
 20
98.48094192027432
 10
444.93190358109194
 20
98.44091834547793
 10
444.95000535790825
 20
98.42235319331333
 10
444.96918834387054
 20
98.40483534478139
  0
LWPOLYLINE
  5
6E
330
17
100
AcDbEntity
  8
LEGEND_TEXT
100
AcDbPolyline
 90
136
 70
1
 10
451.35170908902165
 20
96.63545070473236
 10
451.31403629647986
 20
96.53558766626259
 10
451.27259622468387
 20
96.43971040924373
 10
451.22738887363374
 20
96.3478189336758
 10
451.1784142433294
 20
96.25991323955877
 10
451.1256723337709
 20
96.17599332689268
 10
451.0691631449582
 20
96.09605919567751
 10
451.0394958208316
 20
96.05758679811402
 10
451.00896296429624
 20
96.02020596971443
 10
450.9455295162144
 20
95.94900439181043
 10
450.8789390881175
 20
95.88254958576671
 10
450.8091916800056
 20
95.82084155158326
 10
450.73628729187874
 20
95.76388028926007
 10
450.6602259237369
 20
95.71166579879714
 10
450.58100757558
 20
95.6641980801945
 10
450.4986322474081
 20
95.6214771334521
 10
450.41309993922124
 20
95.58350295856997
 10
450.3244106510193
 20
95.55027555554811
 10
450.2325643828025
 20
95.52179492438651
 10
450.13756113457055
 20
95.49806106508518
 10
450.0394009063237
 20
95.47907397764413
 10
449.93808369806175
 20
95.46483366206333
 10
449.8336095097849
 20
95.4553401183428
 10
449.725978341493
 20
95.45059334648253
 10
449.6709788898414
 20
95.45
 10
449.6158014342451
 20
95.45059334648253
 10
449.5078312108203
 20
95.4553401183428
 10
449.4030405710861
 20
95.46483366206333
 10
449.30142951504234
 20
95.47907397764413
 10
449.20299804268916
 20
95.49806106508518
 10
449.1077461540265
 20
95.52179492438651
 10
449.01567384905434
 20
95.55027555554811
 10
448.9267811277727
 20
95.58350295856997
 10
448.8410679901816
 20
95.6214771334521
 10
448.7585344362811
 20
95.6641980801945
 10
448.67918046607105
 20
95.71166579879714
 10
448.60300607955156
 20
95.76388028926007
 10
448.5300112767226
 20
95.82084155158326
 10
448.46019605758414
 20
95.88254958576671
 10
448.3935604221362
 20
95.94900439181043
 10
448.3301043703788
 20
96.02020596971443
 10
448.29956868838406
 20
96.05758679811402
 10
448.2699013642574
 20
96.09605919567751
 10
448.2133921754447
 20
96.17599332689268
 10
448.1606502658862
 20
96.25991323955877
 10
448.1116756355819
 20
96.3478189336758
 10
448.0664682845317
 20
96.43971040924373
 10
448.0250282127357
 20
96.53558766626259
 10
447.987355420194
 20
96.63545070473236
 10
447.95344990690637
 20
96.73929952465308
 10
447.9233116728729
 20
96.8471341260247
 10
447.8969407180937
 20
96.95895450884724
 10
447.8743370425686
 20
97.07476067312071
 10
447.8555006462977
 20
97.19455261884511
 10
447.840431529281
 20
97.31833034602042
 10
447.82912969151846
 20
97.44609385464665
 10
447.8215951330101
 20
97.5778431447238
 10
447.8178278537559
 20
97.71357821625188
 10
447.8173569438491
 20
97.78294042006002
 10
447.8178278537559
 20
97.85253902064134
 10
447.8215951330101
 20
97.9887186311214
 10
447.82912969151846
 20
98.12087478735802
 10
447.840431529281
 20
98.24900748935116
 10
447.8555006462977
 20
98.37311673710083
 10
447.8743370425686
 20
98.49320253060705
 10
447.8969407180937
 20
98.6092648698698
 10
447.9233116728729
 20
98.72130375488909
 10
447.95344990690637
 20
98.82931918566491
 10
447.987355420194
 20
98.93331116219727
 10
448.0250282127357
 20
99.03327968448617
 10
448.0664682845317
 20
99.12922475253161
 10
448.1116756355819
 20
99.22114636633358
 10
448.1606502658862
 20
99.30904452589209
 10
448.2133921754447
 20
99.39291923120713
 10
448.2699013642574
 20
99.47277048227872
 10
448.29956868838406
 20
99.51118731247321
 10
448.3301043703788
 20
99.5485681408728
 10
448.3935604221362
 20
99.61976971877678
 10
448.46019605758414
 20
99.68622452482052
 10
448.5300112767226
 20
99.74793255900397
 10
448.60300607955156
 20
99.80489382132716
 10
448.67918046607105
 20
99.85710831179007
 10
448.7585344362811
 20
99.90457603039273
 10
448.8410679901816
 20
99.94729697713512
 10
448.9267811277727
 20
99.98527115201725
 10
449.01567384905434
 20
100.01849855503912
 10
449.1077461540265
 20
100.0469791862007
 10
449.20299804268916
 20
100.07071304550203
 10
449.30142951504234
 20
100.0897001329431
 10
449.4030405710861
 20
100.1039404485239
 10
449.5078312108203
 20
100.11343399224442
 10
449.6158014342451
 20
100.1181807641047
 10
449.6709788898414
 20
100.11877411058722
 10
449.725978341493
 20
100.1181807641047
 10
449.8336095097849
 20
100.11343399224442
 10
449.93808369806175
 20
100.1039404485239
 10
450.0394009063237
 20
100.0897001329431
 10
450.13756113457055
 20
100.07071304550203
 10
450.2325643828025
 20
100.0469791862007
 10
450.3244106510193
 20
100.01849855503912
 10
450.41309993922124
 20
99.98527115201725
 10
450.4986322474081
 20
99.94729697713512
 10
450.58100757558
 20
99.90457603039273
 10
450.6602259237369
 20
99.85710831179007
 10
450.73628729187874
 20
99.80489382132716
 10
450.8091916800056
 20
99.74793255900397
 10
450.8789390881175
 20
99.68622452482052
 10
450.9455295162144
 20
99.61976971877678
 10
451.00896296429624
 20
99.5485681408728
 10
451.0394958208316
 20
99.51118731247321
 10
451.0691631449582
 20
99.47277048227872
 10
451.1256723337709
 20
99.39291923120713
 10
451.1784142433294
 20
99.30904452589209
 10
451.22738887363374
 20
99.22114636633358
 10
451.27259622468387
 20
99.12922475253161
 10
451.31403629647986
 20
99.03327968448617
 10
451.35170908902165
 20
98.93331116219727
 10
451.38561460230926
 20
98.82931918566491
 10
451.4157528363427
 20
98.72130375488909
 10
451.44212379112196
 20
98.6092648698698
 10
451.464727466647
 20
98.49320253060705
 10
451.4835638629179
 20
98.37311673710083
 10
451.49863297993465
 20
98.24900748935116
 10
451.5099348176972
 20
98.12087478735802
 10
451.51746937620555
 20
97.9887186311214
 10
451.5212366554597
 20
97.85253902064134
 10
451.52170756536646
 20
97.78294042006002
 10
451.5212366554597
 20
97.71357821625188
 10
451.51746937620555
 20
97.5778431447238
 10
451.5099348176972
 20
97.44609385464665
 10
451.49863297993465
 20
97.31833034602042
 10
451.4835638629179
 20
97.19455261884511
 10
451.464727466647
 20
97.07476067312071
 10
451.44212379112196
 20
96.95895450884724
 10
451.4157528363427
 20
96.8471341260247
 10
451.38561460230926
 20
96.73929952465308
  0
LWPOLYLINE
  5
6F
330
17
100
AcDbEntity
  8
LEGEND_TEXT
100
AcDbPolyline
 90
84
 70
1
 10
450.1827261037291
 20
99.02256365864767
 10
450.13643377625374
 20
99.09809007313545
 10
450.08339048435494
 20
99.16282699983927
 10
450.0391776950279
 20
99.2042990935089
 10
450.0075928257608
 20
99.22857544102283
 10
449.97432021538793
 20
99.25015441659076
 10
449.93935986390915
 20
99.26903602021271
 10
449.90271177132445
 20
99.28522025188866
 10
449.86437593763395
 20
99.29870711161863
 10
449.80370767252464
 20
99.31387982881483
 10
449.71690955850835
 20
99.3246693165988
 10
449.6709788898414
 20
99.3260180025718
 10
449.6251574722728
 20
99.3246693165988
 10
449.5385100494267
 20
99.31387982881483
 10
449.47789546804677
 20
99.29870711161863
 10
449.4395671689148
 20
99.28522025188866
 10
449.40290400721307
 20
99.26903602021271
 10
449.36790598294175
 20
99.25015441659076
 10
449.33457309610077
 20
99.22857544102283
 10
449.3029053466902
 20
99.2042990935089
 10
449.2585258552561
 20
99.16282699983927
 10
449.20518118101694
 20
99.09809007313545
 10
449.15849705649913
 20
99.02256365864767
 10
449.1376527003858
 20
98.98075439348479
 10
449.1182662813438
 20
98.93576554463138
 10
449.08324565339694
 20
98.83407914300257
 10
449.0532279722996
 20
98.71678113614445
 10
449.0282132380519
 20
98.583871524057
 10
449.00820145065364
 20
98.43535030674025
 10
448.993192610105
 20
98.27121748419417
 10
448.9831867164059
 20
98.09147305641878
 10
448.9781837695564
 20
97.89611702341406
 10
448.97755840120016
 20
97.7925846549507
 10
448.9781837695564
 20
97.68786182624304
 10
448.9831867164059
 20
97.49021528745178
 10
448.993192610105
 20
97.30830090682598
 10
449.00820145065364
 20
97.14211868436563
 10
449.0282132380519
 20
96.99166862007073
 10
449.0532279722996
 20
96.85695071394127
 10
449.08324565339694
 20
96.73796496597728
 10
449.1182662813438
 20
96.63471137617874
 10
449.1376527003858
 20
96.5889841405915
 10
449.15849705649913
 20
96.54670773280111
 10
449.20518118101694
 20
96.47033744776039
 10
449.2585258552561
 20
96.40487720343978
 10
449.3029053466902
 20
96.36294173442188
 10
449.33457309610077
 20
96.33839414280165
 10
449.36790598294175
 20
96.31657406136145
 10
449.40290400721307
 20
96.29748149010126
 10
449.4395671689148
 20
96.28111642902111
 10
449.47789546804677
 20
96.26747887812098
 10
449.5385100494267
 20
96.25213663335833
 10
449.6251574722728
 20
96.24122659263823
 10
449.6709788898414
 20
96.23986283754822
 10
449.71656296881696
 20
96.24122659263823
 10
449.8027583181526
 20
96.25213663335833
 10
449.8630536226157
 20
96.26747887812098
 10
449.90117848866805
 20
96.28111642902111
 10
449.9376457518485
 20
96.29748149010126
 10
449.9724554121571
 20
96.31657406136145
 10
450.0056074695939
 20
96.33839414280165
 10
450.03710192415883
 20
96.36294173442188
 10
450.08123560062154
 20
96.40487720343978
 10
450.13427889252034
 20
96.47033744776039
 10
450.1806917729318
 20
96.54670773280111
 10
450.20141180882985
 20
96.5889841405915
 10
450.22079822787185
 20
96.63471137617874
 10
450.2558188558187
 20
96.73796496597728
 10
450.285836536916
 20
96.85695071394127
 10
450.31085127116376
 20
96.99166862007073
 10
450.33086305856193
 20
97.14211868436563
 10
450.3458718991106
 20
97.30830090682598
 10
450.3558777928097
 20
97.49021528745178
 10
450.36088073965925
 20
97.68786182624304
 10
450.3615061080154
 20
97.7925846549507
 10
450.36088827421776
 20
97.89611702341406
 10
450.3559456038363
 20
98.09147305641878
 10
450.3460602630733
 20
98.27121748419417
 10
450.33123225192884
 20
98.43535030674025
 10
450.3114615704029
 20
98.583871524057
 10
450.2867482184955
 20
98.71678113614445
 10
450.2570921962066
 20
98.83407914300257
 10
450.2224935035362
 20
98.93576554463138
 10
450.203340655808
 20
98.98075439348479
  0
LWPOLYLINE
  5
70
330
17
100
AcDbEntity
  8
LEGEND_TEXT
100
AcDbPolyline
 90
168
 70
1
 10
457.99857228487997
 20
107.08602238935919
 10
458.07247123472996
 20
107.1167633880733
 10
458.1481182021539
 20
107.1423808870017
 10
458.2255131871517
 20
107.16287488614445
 10
458.3046561897235
 20
107.1782453855015
 10
458.3855472098693
 20
107.18849238507286
 10
458.46818624758896
 20
107.19361588485856
 10
458.510161273039
 20
107.19425632233177
 10
458.5817734843817
 20
107.1928548944492
 10
458.7185106521914
 20
107.18164347138877
 10
458.8153871800324
 20
107.16587740771003
 10
458.87726850906154
 20
107.15186312888449
 10
458.9369874197988
 20
107.13504599429382
 10
458.9945439122441
 20
107.11542600393807
 10
459.0499379863976
 20
107.09300315781718
 10
459.10316964225916
 20
107.0677774559312
 10
459.1542388798288
 20
107.03974889828011
 10
459.2031456991066
 20
107.0089174848639
 10
459.24989010009244
 20
106.9752832156826
 10
459.2944720827864
 20
106.93884609073618
 10
459.33689164718845
 20
106.89960611002465
 10
459.3771487932986
 20
106.85756327354801
 10
459.3964664594942
 20
106.83549078439776
 10
459.41521620834226
 20
106.81280893782818
 10
459.4509300156719
 20
106.76552958318823
 10
459.48426290251285
 20
106.71569601321394
 10
459.5152148688652
 20
106.66330822790533
 10
459.5437859147289
 20
106.60836622726238
 10
459.56997604010394
 20
106.5508700112851
 10
459.60479700225034
 20
106.4598365335673
 10
459.6428917300686
 20
106.32951880960672
 10
459.67146277593224
 20
106.18898422430883
 10
459.6905101398414
 20
106.0382327776736
 10
459.70003382179596
 20
105.87726446970103
 10
459.7012242820403
 20
105.79294899271325
 10
459.7012242820403
 20
103.73776253750536
 10
458.6162478568367
 20
103.73776253750536
 10
458.6162478568367
 20
105.49783540505787
 10
458.61865891555937
 20
105.53785897985426
 10
458.62010555079297
 20
105.57884697813974
 10
458.6215521860266
 20
105.6302025289327
 10
458.62203439777113
 20
105.69939991427347
 10
458.62161999705313
 20
105.7434733142681
 10
458.61830479130947
 20
105.82698636077475
 10
458.61167437982215
 20
105.90432106930454
 10
458.60172876259105
 20
105.97547743985749
 10
458.5884679396164
 20
106.04045547243356
 10
458.571891910898
 20
106.0992551670328
 10
458.5520006764359
 20
106.15187652365516
 10
458.52879423623017
 20
106.19831954230068
 10
458.5159478139734
 20
106.21922417488213
 10
458.5022989612355
 20
106.2388441652379
 10
458.47194975956387
 20
106.2742867284612
 10
458.4375318962977
 20
106.30466606836691
 10
458.399045371437
 20
106.32998218495499
 10
458.3564901849818
 20
106.35023507822547
 10
458.30986633693203
 20
106.36542474817831
 10
458.25917382728784
 20
106.37555119481354
 10
458.20441265604904
 20
106.38061441813116
 10
458.1755063223318
 20
106.38124732104586
 10
458.13771297685383
 20
106.38025652660201
 10
458.0653812151736
 20
106.37233017105122
 10
457.9973893591942
 20
106.35647745994963
 10
457.9337374089156
 20
106.33269839329725
 10
457.87442536433775
 20
106.30099297109409
 10
457.8194532254608
 20
106.26136119334012
 10
457.76882099228465
 20
106.21380306003536
 10
457.72252866480926
 20
106.15831857117982
 10
457.7010099657094
 20
106.1276039434205
 10
457.6807796761144
 20
106.09513376352872
 10
457.6440713070617
 20
106.02488153999678
 10
457.61236588485855
 20
105.947546831467
 10
457.58566340950495
 20
105.86312963793935
 10
457.56396388100086
 20
105.77162995941384
 10
457.54726729934634
 20
105.67304779589048
 10
457.53557366454135
 20
105.56738314736927
 10
457.5288829765859
 20
105.45463601385019
 10
457.5274137376768
 20
105.39560651521646
 10
457.5274137376768
 20
103.73776253750536
 10
456.4424373124732
 20
103.73776253750536
 10
456.4424373124732
 20
105.49783540505787
 10
456.4420605845478
 20
105.56631700734033
 10
456.4390467611445
 20
105.6939222902379
 10
456.43301911433775
 20
105.8090503442456
 10
456.4239776441277
 20
105.91170116936348
 10
456.4119223505144
 20
106.00187476559151
 10
456.3968532334976
 20
106.0795711329297
 10
456.3787702930776
 20
106.14479027137806
 10
456.35767352925416
 20
106.19753218093656
 10
456.3459949635662
 20
106.21922417488213
 10
456.3333519743892
 20
106.2388441652379
 10
456.3045398226532
 20
106.2742867284612
 10
456.27102610640804
 20
106.30466606836691
 10
456.23281082565364
 20
106.32998218495499
 10
456.18989398039
 20
106.35023507822547
 10
456.14227557061724
 20
106.36542474817831
 10
456.0899555963352
 20
106.37555119481354
 10
456.0329340575439
 20
106.38061441813116
 10
456.00266020145733
 20
106.38124732104586
 10
455.96439594607267
 20
106.38025275932276
 10
455.89119017560546
 20
106.37229626553793
 10
455.82241472554114
 20
106.35638327796828
 10
455.75806959587976
 20
106.3325137966138
 10
455.69815478662133
 20
106.3006878214745
 10
455.64267029776573
 20
106.26090535255037
 10
455.59161612931314
 20
106.2131663898414
 10
455.5449922812634
 20
106.15747093334762
 10
455.5233417273896
 20
106.12663951993142
 10
455.5029042374357
 20
106.09395837240142
 10
455.46598490074473
 20
106.02346504299722
 10
455.43433975500966
 20
105.94613033446743
 10
455.4079688002304
 20
105.86195424681205
 10
455.386872036407
 20
105.77093678003108
 10
455.3710494635394
 20
105.67307793412452
 10
455.3605010816277
 20
105.56837770909237
 10
455.3552268906719
 20
105.45683610493464
 10
455.3545676168024
 20
105.39849978568367
 10
455.3545676168024
 20
103.73776253750536
 10
454.2695911915988
 20
103.73776253750536
 10
454.2695911915988
 20
107.1132447492499
 10
455.3545676168024
 20
107.1132447492499
 10
455.3545676168024
 20
106.61945992284612
 10
455.37974811133734
 20
106.6545935691706
 10
455.4314653209387
 20
106.72156072519289
 10
455.4849908245821
 20
106.7841276990463
 10
455.54032462226746
 20
106.84229449073082
 10
455.5974667139949
 20
106.89606110024647
 10
455.65641709976427
 20
106.94542752759322
 10
455.71717577957565
 20
106.99039377277111
 10
455.77974275342905
 20
107.03095983578011
 10
455.81170435062154
 20
107.04959279897128
 10
455.8440991849282
 20
107.06711064750321
 10
455.91013205569544
 20
107.09875579323833
 10
455.97782252933456
 20
107.1258802038684
 10
456.0471706058455
 20
107.14848387939348
 10
456.11817628522823
 20
107.16656681981354
 10
456.19083956748284
 20
107.1801290251286
 10
456.2651604526093
 20
107.18917049533862
 10
456.3411389406076
 20
107.19369123044363
 10
456.37974978568366
 20
107.19425632233177
 10
456.4230734971067
 20
107.19359704846228
 10
456.50782221120875
 20
107.18832285750642
 10
456.59003931365197
 20
107.17777447559473
 10
456.6697248044363
 20
107.16195190272717
 10
456.74687868356193
 20
107.14085513890377
 10
456.8215009510287
 20
107.11448418412452
 10
456.8935916068367
 20
107.08283903838941
 10
456.9631506509859
 20
107.04591970169845
 10
456.99698081868837
 20
107.02548221174453
 10
457.0301027378911
 20
107.00385802882555
 10
457.0932724764252
 20
106.95744514841405
 10
457.15234341513076
 20
106.9068129152379
 10
457.2073155540077
 20
106.85196132929704
 10
457.2581888930562
 20
106.79289039059151
 10
457.30496343227605
 20
106.7296000991213
 10
457.34763917166737
 20
106.66209045488641
 10
457.38621611123017
 20
106.59036145788684
 10
457.40396753107586
 20
106.5529147021003
 10
457.42994292153344
 20
106.59151047805936
 10
457.483679392815
 20
106.66519846027111
 10
457.5397967845853
 20
106.73421501620767
 10
457.5982950968442
 20
106.79856014586906
 10
457.65917432959174
 20
106.85823384925524
 10
457.7224344828279
 20
106.91323612636626
 10
457.7880755565527
 20
106.9635669772021
 10
457.8560975507662
 20
107.00922640176276
 10
457.8910013930562
 20
107.03030432918989
 10
457.92642135260394
 20
107.05015789085941
  0
LWPOLYLINE
  5
71
330
17
100
AcDbEntity
  8
LEGEND_TEXT
100
AcDbPolyline
 90
4
 70
1
 10
466.97020467209603
 20
105.07638234033433
 10
466.97020467209603
 20
105.95304329189884
 10
468.8624035576511
 20
105.95304329189884
 10
468.8624035576511
 20
105.07638234033433
  0
LWPOLYLINE
  5
72
330
17
100
AcDbEntity
  8
LEGEND_TEXT
100
AcDbPolyline
 90
214
 70
1
 10
472.79246694840333
 20
105.71842844178633
 10
472.8443649874089
 20
105.6408827656183
 10
472.88884902084226
 20
105.55836428083477
 10
472.9259190487034
 20
105.47087298743571
 10
472.95557507099227
 20
105.37840888542112
 10
472.97781708770896
 20
105.28097197479104
 10
472.9926450988534
 20
105.17856225554543
 10
473.00005910442565
 20
105.07117972768431
 10
473.00098585512217
 20
105.01562366052293
 10
473.0004848069814
 20
104.97410541768244
 10
472.99647642185494
 20
104.8929506879889
 10
472.988459651602
 20
104.81430496627867
 10
472.9764344962227
 20
104.7381682525517
 10
472.96040095571686
 20
104.66454054680803
 10
472.94035903008466
 20
104.59342184904763
 10
472.91630871932597
 20
104.52481215927052
 10
472.88825002344083
 20
104.4587114774767
 10
472.85618294242926
 20
104.39511980366615
 10
472.82010747629124
 20
104.33403713783889
 10
472.7800236250268
 20
104.27546347999491
 10
472.7359313886359
 20
104.21939883013421
 10
472.6878307671185
 20
104.1658431882568
 10
472.6357217604747
 20
104.11479655436267
 10
472.57960436870445
 20
104.06625892845183
 10
472.51947859180774
 20
104.02023031052427
 10
472.487912558937
 20
103.99815687955422
 10
472.4554470881443
 20
103.97673707153477
 10
472.3877641490637
 20
103.935937437212
 10
472.3164118799896
 20
103.89785777851077
 10
472.24139028092185
 20
103.86249809543105
 10
472.1626993518605
 20
103.82985838797283
 10
472.0803390928057
 20
103.79993865613615
 10
471.9943095037572
 20
103.77273889992097
 10
471.9046105847152
 20
103.74825911932732
 10
471.81124233567965
 20
103.72649931435518
 10
471.7142047566505
 20
103.70745948500455
 10
471.6134978476278
 20
103.69113963127545
 10
471.5091216086115
 20
103.67753975316786
 10
471.3456772563491
 20
103.66223989029683
 10
471.11490879835515
 20
103.65135998781076
 10
470.99402057436777
 20
103.65
 10
470.90720739123446
 20
103.65087400878697
 10
470.73349061026573
 20
103.65786607908272
 10
470.5596532763609
 20
103.67185021967424
 10
470.3856953895199
 20
103.69282643056151
 10
470.2986712387484
 20
103.70593656236605
 10
470.21175257179596
 20
103.72079471174453
 10
470.03863855550793
 20
103.75575506322332
 10
469.86648896270896
 20
103.79770748499786
 10
469.69530379339903
 20
103.84665197706815
 10
469.6100728675525
 20
103.8737462494642
 10
469.6100728675525
 20
104.76873124732104
 10
469.6914762376768
 20
104.72923509162024
 10
469.85374048971283
 20
104.65774720049293
 10
470.015281424132
 20
104.59626520306472
 10
470.17609904093445
 20
104.54478909933562
 10
470.25623660522933
 20
104.52280325760823
 10
470.3363591004072
 20
104.50336409665667
 10
470.4956095290399
 20
104.47226143913416
 10
470.65353387537505
 20
104.45152633411917
 10
470.81013213941276
 20
104.44115878161166
 10
470.8879339905701
 20
104.43986283754822
 10
470.9447181907683
 20
104.44048443862516
 10
471.0532459715227
 20
104.44545724724068
 10
471.15505292608765
 20
104.45540286447171
 10
471.25013905446315
 20
104.47032129031825
 10
471.3385043566492
 20
104.49021252478033
 10
471.42014883264574
 20
104.5150765678579
 10
471.4950724824529
 20
104.54491341955101
 10
471.5632753060705
 20
104.57972307985962
 10
471.59485640805826
 20
104.59899271324474
 10
471.62463675056256
 20
104.61954698885555
 10
471.67843349831224
 20
104.66391046935277
 10
471.72454499638343
 20
104.71261385555079
 10
471.76297124477605
 20
104.76565714744963
 10
471.7937122434902
 20
104.8230403450493
 10
471.8167679925257
 20
104.88476344834976
 10
471.8321384918828
 20
104.95082645735104
 10
471.8398237415613
 20
105.02122937205314
 10
471.84078439777113
 20
105.05805829404201
 10
471.8398011378858
 20
105.09593075238428
 10
471.831935058803
 20
105.16817209936241
 10
471.81620290063756
 20
105.23574202006537
 10
471.7926046633894
 20
105.29864051449314
 10
471.76114034705853
 20
105.35686758264573
 10
471.7218099516449
 20
105.41042322452314
 10
471.6746134771485
 20
105.45930744012537
 10
471.6195509235694
 20
105.50352022945242
 10
471.58906986712384
 20
105.52387483926276
 10
471.55666749825866
 20
105.543027686991
 10
471.48623444532257
 20
105.57762637966138
 10
471.4082969721121
 20
105.60728240195027
 10
471.3228550786273
 20
105.6319957538577
 10
471.2299087648682
 20
105.65176643538362
 10
471.12945803083477
 20
105.66659444652808
 10
471.021502876527
 20
105.67647978729104
 10
470.9060433019449
 20
105.68142245767253
 10
470.84549935705104
 20
105.6820402914702
 10
470.3816116588084
 20
105.6820402914702
 10
470.3816116588084
 20
106.42946849549935
 10
470.8696099442777
 20
106.42946849549935
 10
470.92346320121624
 20
106.43000344915345
 10
471.0259030586959
 20
106.4342830783862
 10
471.12132070764574
 20
106.4428423368517
 10
471.2097161480658
 20
106.45568122454993
 10
471.2910893799561
 20
106.47279974148093
 10
471.36544040331654
 20
106.49419788764466
 10
471.4327692181472
 20
106.51987566304115
 10
471.49307582444817
 20
106.54983306767038
 10
471.5205957993999
 20
106.56641663094727
 10
471.5465222152272
 20
106.58409647248715
 10
471.5933570309151
 20
106.6228241032201
 10
471.6335011586477
 20
106.66604233082404
 10
471.6669545984248
 20
106.71375115529898
 10
471.69371735024646
 20
106.76595057664488
 10
471.71378941411274
 20
106.82264059486177
 10
471.7271707900236
 20
106.88382120994963
 10
471.73386147797896
 20
106.94949242190849
 10
471.7346978139734
 20
106.98401200171453
 10
471.73388408165454
 20
107.01586434780862
 10
471.7273742231033
 20
107.07683399525826
 10
471.71435450600086
 20
107.13415691638984
 10
471.6948249303472
 20
107.18783311120339
 10
471.6687854961423
 20
107.23786257969888
 10
471.6362362033862
 20
107.28424532187634
 10
471.59717705207885
 20
107.32698133773575
 10
471.5516080422203
 20
107.36607062727711
 10
471.52638234033435
 20
107.38424774967852
 10
471.4997891160791
 20
107.40141524123982
 10
471.4425566096496
 20
107.43242748406023
 10
471.3799293593281
 20
107.45900940647772
 10
471.3119073651147
 20
107.48116100849228
 10
471.23849062700924
 20
107.49888229010395
 10
471.1596791450118
 20
107.51217325131269
 10
471.0754729191224
 20
107.52103389211851
 10
470.985871949341
 20
107.52546421252143
 10
470.9390484354908
 20
107.52601800257179
 10
470.8690222487141
 20
107.52502344084868
 10
470.72833697224604
 20
107.51706694706387
 10
470.58680782522504
 20
107.50115395949422
 10
470.4444348076511
 20
107.47728447813974
 10
470.3729318474068
 20
107.46236605229319
 10
470.3013686106944
 20
107.44574481622374
 10
470.1585133813759
 20
107.40680621785255
 10
470.0160198108658
 20
107.36027278450493
 10
469.8738878991642
 20
107.30614451618088
 10
469.80295756536646
 20
107.2762323189027
 10
469.80295756536646
 20
108.12588941277326
 10
469.8887008411916
 20
108.14924654414916
 10
470.05964490462924
 20
108.19144007179597
 10
470.22986565045005
 20
108.22760595263608
 10
470.3993630786541
 20
108.25774418666953
 10
470.4838405486498
 20
108.27055293613373
 10
470.5680467745392
 20
108.28185477389627
 10
470.73537424989286
 20
108.29993771431633
 10
470.90125509001285
 20
108.3119930079297
 10
471.06568929489924
 20
108.31802065473639
 10
471.14736390912987
 20
108.31877411058723
 10
471.255221114177
 20
108.31764769409023
 10
471.4605830408808
 20
108.30863636211423
 10
471.65214165639736
 20
108.29061369816223
 10
471.8298969607265
 20
108.26357970223424
 10
471.9938489538684
 20
108.22753437433026
 10
472.10775452575814
 20
108.19458669179302
 10
472.1793780389386
 20
108.16980552885903
 10
472.2475507243222
 20
108.14277153293105
 10
472.31227258190904
 20
108.11348470400905
 10
472.373543611699
 20
108.08194504209307
 10
472.43136381369214
 20
108.04815254718308
 10
472.4589798542649
 20
108.03041148735534
 10
472.4857991152754
 20
108.01216467028772
 10
472.53688342196205
 20
107.97396445865034
 10
472.58456210820293
 20
107.93348881034345
 10
472.6288351739981
 20
107.89073772536702
 10
472.6697026193474
 20
107.84571120372107
 10
472.70716444425096
 20
107.7984092454056
 10
472.74122064870875
 20
107.7488318504206
 10
472.77187123272074
 20
107.69697901876607
 10
472.79911619628695
 20
107.64285075044202
 10
472.8229555394074
 20
107.58644704544845
 10
472.8433892620821
 20
107.52776790378536
 10
472.860417364311
 20
107.46681332545275
 10
472.8740398460941
 20
107.4035833104506
 10
472.8842567074314
 20
107.33807785877893
 10
472.891067948323
 20
107.27029697043774
 10
472.8944735687688
 20
107.20024064542703
 10
472.89489927132445
 20
107.1643591941706
 10
472.8940855390056
 20
107.11561060062152
 10
472.88757568045435
 20
107.02145875750108
 10
472.8745559633519
 20
106.93176737301758
 10
472.8550263876982
 20
106.84653644717102
 10
472.82898695349337
 20
106.76576597996143
 10
472.79643766073724
 20
106.68945597138877
 10
472.75737850942994
 20
106.61760642145306
 10
472.71180949957136
 20
106.55021733015431
 10
472.6865837976854
 20
106.51819545649379
 10
472.659885089611
 20
106.48731506844727
 10
472.6018087126286
 20
106.42905786206066
 10
472.53749372120126
 20
106.3754720819492
 10
472.46694011532895
 20
106.32655772811295
 10
472.3901478950118
 20
106.28231480055186
 10
472.30711706024965
 20
106.24274329926597
 10
472.21784761104266
 20
106.20784322425524
 10
472.1223395473907
 20
106.17761457551971
 10
472.0722460351479
 20
106.16425203600514
 10
472.1282918486123
 20
106.14886646753108
 10
472.23525244119696
 20
106.11402666898843
 10
472.335371654656
 20
106.07376198831976
 10
472.4286494889895
 20
106.02807242552507
 10
472.5150859441974
 20
105.97695798060437
 10
472.59468102027967
 20
105.92041865355765
 10
472.6674347172364
 20
105.8584544443849
 10
472.7333470350675
 20
105.79106535308615
 10
472.763737676811
 20
105.75533647663951
  0
LWPOLYLINE
  5
73
330
17
100
AcDbEntity
  8
LEGEND_TEXT
100
AcDbPolyline
 90
195
 70
1
 10
443.6325388280915
 20
106.61401620432383
 10
443.59366050618837
 20
106.68604658366374
 10
443.5612619046025
 20
106.76202507166202
 10
443.53534302333367
 20
106.84195166831869
 10
443.5159038623821
 20
106.92582637363373
 10
443.50294442174777
 20
107.01364918760716
 10
443.49646470143057
 20
107.10542011023897
 10
443.4956547363909
 20
107.15278611230175
 10
443.49606913710886
 20
107.1880845770936
 10
443.4993843428525
 20
107.25709359847166
 10
443.5060147543399
 20
107.32398540890887
 10
443.51596037157094
 20
107.38876000840521
 10
443.52922119454564
 20
107.45141739696072
 10
443.54579722326406
 20
107.51195757457538
 10
443.5656884577261
 20
107.5703805412492
 10
443.5888948979318
 20
107.62668629698216
 10
443.6154165438813
 20
107.68087484177427
 10
443.6452533955744
 20
107.73294617562553
 10
443.6784054530111
 20
107.78290029853595
 10
443.7148727161916
 20
107.83073721050552
 10
443.7546551851157
 20
107.87645691153423
 10
443.79775285978354
 20
107.9200594016221
 10
443.844165740195
 20
107.96154468076912
 10
443.8938938263502
 20
108.0009127489753
 10
443.9200010715816
 20
108.01980282897557
 10
443.94697102376233
 20
108.0381965699341
 10
444.0032391067027
 20
108.07323226699796
 10
444.0626114277486
 20
108.10593225092424
 10
444.1250879868999
 20
108.13629652171292
 10
444.1906687841567
 20
108.16432507936402
 10
444.2593538195189
 20
108.19001792387752
 10
444.3311430929865
 20
108.21337505525344
 10
444.4060366045596
 20
108.23439647349176
 10
444.52419731836693
 20
108.26154913871625
 10
444.69260977014574
 20
108.28957769636733
 10
444.87343917434634
 20
108.30826340146807
 10
445.0666855309687
 20
108.31760625401843
 10
445.16796506643806
 20
108.31877411058723
 10
445.2685401206869
 20
108.31761378857694
 10
445.46049053324583
 20
108.30833121249464
 10
445.64017468455313
 20
108.28976606033004
 10
445.80759257460886
 20
108.26191833208316
 10
445.96274420341297
 20
108.22478802775396
 10
446.0710581910697
 20
108.19084860895306
 10
446.13943430953304
 20
108.16532152472675
 10
446.20474386268353
 20
108.13747379647985
 10
446.26698685052105
 20
108.10730542421238
 10
446.3261632730457
 20
108.07481640792435
 10
446.38227313025743
 20
108.04000674761573
 10
446.40917809687096
 20
108.0217316759537
 10
446.4353446767507
 20
108.00289810514225
 10
446.48518578128346
 20
107.96362045163818
 10
446.5317041455141
 20
107.92219544895923
 10
446.5748997694425
 20
107.87862309710539
 10
446.6147726530687
 20
107.83290339607667
 10
446.6513227963928
 20
107.78503634587307
 10
446.6845501994146
 20
107.73502194649458
 10
446.71445486213435
 20
107.68286019794122
 10
446.7410367845518
 20
107.62855110021297
 10
446.76429596666713
 20
107.57209465330985
 10
446.78423240848025
 20
107.51349085723183
 10
446.80084610999114
 20
107.45273971197895
 10
446.8141370711999
 20
107.38984121755117
 10
446.8241052921065
 20
107.32479537394852
 10
446.8307507727108
 20
107.25760218117097
 10
446.83407351301304
 20
107.18826163921855
 10
446.8344888555508
 20
107.15278611230175
 10
446.8336713559526
 20
107.10542011023897
 10
446.82713135916737
 20
107.01364918760716
 10
446.81405136559687
 20
106.92582637363373
 10
446.7944313752411
 20
106.84195166831869
 10
446.76827138810006
 20
106.76202507166202
 10
446.7355714041738
 20
106.68604658366374
 10
446.6963314234623
 20
106.61401620432383
 10
446.6505514459655
 20
106.5459339336423
 10
446.6252089584226
 20
106.51337333904843
 10
446.59826537719675
 20
106.48193916095157
 10
446.5396766502357
 20
106.42214490462923
 10
446.4748191705958
 20
106.36644944813546
 10
446.4036929382769
 20
106.3148527914702
 10
446.32629795327904
 20
106.26735493463352
 10
446.2426342156022
 20
106.22395587762537
 10
446.15270172524646
 20
106.18465562044578
 10
446.05650048221173
 20
106.14945416309473
 10
446.0060490784398
 20
106.1333904843549
 10
446.0624339470371
 20
106.1169802159237
 10
446.16993702783435
 20
106.08045267627519
 10
446.2704179001018
 20
106.03898246624517
 10
446.3638765638395
 20
105.99256958583369
 10
446.45031301904737
 20
105.94121403504072
 10
446.52972726572546
 20
105.88491581386626
 10
446.6021193038738
 20
105.82367492231033
 10
446.66748913349227
 20
105.75749136037291
 10
446.6975407201029
 20
105.72254607801115
 10
446.7258028490677
 20
105.6863990335673
 10
446.77685701752034
 20
105.61060137497321
 10
446.8206177333369
 20
105.53013229010395
 10
446.85708499651736
 20
105.44499177895949
 10
446.8862588070617
 20
105.35517984153987
 10
446.90813916497
 20
105.26069647784504
 10
446.92272607024216
 20
105.16154168787506
 10
446.9300195228783
 20
105.05771547162988
 10
446.9309312044578
 20
105.0040505786541
 10
446.9304970255237
 20
104.96253798673249
 10
446.9270235940514
 20
104.88142846439
 10
446.9200767311067
 20
104.80287315738185
 10
446.9096564366896
 20
104.72687206570805
 10
446.8957627108002
 20
104.65342518936856
 10
446.87839555343845
 20
104.58253252836343
 10
446.85755496460433
 20
104.51419408269261
 10
446.8332409442978
 20
104.44840985235614
 10
446.805453492519
 20
104.385179837354
 10
446.77419260926786
 20
104.32450403768618
 10
446.7394582945443
 20
104.26638245335272
 10
446.7012505483484
 20
104.21081508435357
 10
446.6595693706802
 20
104.15780193068876
 10
446.6144147615396
 20
104.10734299235828
 10
446.56578672092667
 20
104.05943826936215
 10
446.51368524884134
 20
104.01408776170032
 10
446.48633197599656
 20
103.9923703386198
 10
446.45812541440074
 20
103.97130653848987
 10
446.3991976323068
 20
103.93118501443287
 10
446.33691697167677
 20
103.89373825864632
 10
446.2712834325105
 20
103.85896627113024
 10
446.2022970148079
 20
103.82686905188464
 10
446.1299577185692
 20
103.79744660090951
 10
446.0542655437942
 20
103.77069891820483
 10
445.975220490483
 20
103.74662600377063
 10
445.8928225586356
 20
103.72522785760688
 10
445.807071748252
 20
103.70650447971362
 10
445.7179680593321
 20
103.69045587009082
 10
445.62551149187607
 20
103.67708202873848
 10
445.48053999343654
 20
103.6620364572171
 10
445.2755095873071
 20
103.65133738413523
 10
445.16796506643806
 20
103.65
 10
445.0600588867606
 20
103.65133738413523
 10
444.8543051630144
 20
103.6620364572171
 10
444.70879117636224
 20
103.67708202873848
 10
444.6159729500978
 20
103.69045587009082
 10
444.5265076023695
 20
103.70650447971362
 10
444.4403951331775
 20
103.72522785760688
 10
444.3576355425217
 20
103.74662600377063
 10
444.2782288304021
 20
103.77069891820483
 10
444.2021749968187
 20
103.79744660090951
 10
444.1294740417716
 20
103.82686905188464
 10
444.0601259652607
 20
103.85896627113024
 10
443.9941307672859
 20
103.89373825864632
 10
443.93148844784747
 20
103.93118501443287
 10
443.8721990069452
 20
103.97130653848987
 10
443.8438116159451
 20
103.9923703386198
 10
443.8162803391556
 20
104.01408776170032
 10
443.76383981193743
 20
104.05943826936215
 10
443.71489531986714
 20
104.10734299235828
 10
443.6694468629447
 20
104.15780193068876
 10
443.62749444117014
 20
104.21081508435357
 10
443.5890380545435
 20
104.26638245335272
 10
443.5540777030647
 20
104.32450403768618
 10
443.52261338673384
 20
104.385179837354
 10
443.4946451055508
 20
104.44840985235614
 10
443.4701728595156
 20
104.51419408269261
 10
443.44919664862834
 20
104.58253252836343
 10
443.431716472889
 20
104.65342518936856
 10
443.4177323322975
 20
104.72687206570805
 10
443.40724422685383
 20
104.80287315738185
 10
443.40025215655805
 20
104.88142846439
 10
443.3967561214102
 20
104.96253798673249
 10
443.39631911701673
 20
105.0040505786541
 10
443.39723079859624
 20
105.05771547162988
 10
443.4045242512323
 20
105.16154168787506
 10
443.4191111565045
 20
105.26069647784504
 10
443.44099151441276
 20
105.35517984153987
 10
443.4701653249571
 20
105.44499177895949
 10
443.50663258813756
 20
105.53013229010395
 10
443.55039330395414
 20
105.61060137497321
 10
443.6014474724068
 20
105.6863990335673
 10
443.62970960137164
 20
105.72254607801115
 10
443.6597611879822
 20
105.75749136037291
 10
443.72513101760075
 20
105.82367492231033
 10
443.797523055749
 20
105.88491581386626
 10
443.8769373024271
 20
105.94121403504072
 10
443.963373757635
 20
105.99256958583369
 10
444.0568324213727
 20
106.03898246624517
 10
444.1573132936402
 20
106.08045267627519
 10
444.26481637443743
 20
106.1169802159237
 10
444.3212012430347
 20
106.1333904843549
 10
444.27075360654203
 20
106.14945416309473
 10
444.1745825017413
 20
106.18465562044578
 10
444.0847102878536
 20
106.22395587762537
 10
444.0011369648789
 20
106.26735493463352
 10
443.92386253281717
 20
106.3148527914702
 10
443.85288699166847
 20
106.36644944813546
 10
443.7882103414327
 20
106.42214490462923
 10
443.72983258210996
 20
106.48193916095157
 10
443.7030057865409
 20
106.51337333904843
 10
443.6778968703118
 20
106.5459339336423
  0
LWPOLYLINE
  5
74
330
17
100
AcDbEntity
  8
LEGEND_TEXT
100
AcDbPolyline
 90
72
 70
1
 10
444.60810592919523
 20
105.50109033433347
 10
444.5753758070349
 20
105.44708261894556
 10
444.5481007052347
 20
105.3882527861123
 10
444.5262806237945
 20
105.32460083583369
 10
444.5099155627143
 20
105.25612676810974
 10
444.4990055219942
 20
105.18283058294043
 10
444.49355050163416
 20
105.10471228032576
 10
444.49286862408917
 20
105.06384483497642
 10
444.49355050163416
 20
105.02298115690634
 10
444.4990055219942
 20
104.94489299252572
 10
444.5099155627143
 20
104.87165708382447
 10
444.5262806237945
 20
104.80327343080262
 10
444.5481007052347
 20
104.73974203346013
 10
444.5753758070349
 20
104.68106289179704
 10
444.60810592919523
 20
104.62723600581333
 10
444.6462910717156
 20
104.578261375509
 10
444.6674292756108
 20
104.55559365623661
 10
444.68995383827155
 20
104.53433866668453
 10
444.7385065332994
 20
104.49594255652593
 10
444.7917306546025
 20
104.46303160496143
 10
444.8496262021807
 20
104.435605811991
 10
444.91219317603407
 20
104.41366517761466
 10
444.97943157616265
 20
104.39720970183241
 10
445.05134140256644
 20
104.38623938464423
 10
445.1279226552454
 20
104.38075422605016
 10
445.16796506643806
 20
104.38006858122588
 10
445.20775883719995
 20
104.38075422605016
 10
445.2837976016663
 20
104.38623938464423
 10
445.3551046633894
 20
104.39720970183241
 10
445.4216800223693
 20
104.41366517761466
 10
445.4835236786059
 20
104.435605811991
 10
445.5406356320992
 20
104.46303160496143
 10
445.59301588284933
 20
104.49594255652593
 10
445.6406644308562
 20
104.53433866668453
 10
445.6627143163309
 20
104.55559365623661
 10
445.68350216325547
 20
104.578261375509
 10
445.7210544028611
 20
104.62723600581333
 10
445.75324203680884
 20
104.68106289179704
 10
445.7800650650986
 20
104.73974203346013
 10
445.8015234877304
 20
104.80327343080262
 10
445.81761730470424
 20
104.87165708382447
 10
445.82834651602013
 20
104.94489299252572
 10
445.8337111216781
 20
105.02298115690634
 10
445.8343816973853
 20
105.06384483497642
 10
445.8337111216781
 20
105.10505887001715
 10
445.82834651602013
 20
105.18377993731247
 10
445.81761730470424
 20
105.25755833422632
 10
445.8015234877304
 20
105.32639406075867
 10
445.7800650650986
 20
105.39028711690956
 10
445.75324203680884
 20
105.44923750267895
 10
445.7210544028611
 20
105.50324521806687
 10
445.68350216325547
 20
105.5523102630733
 10
445.6627143163309
 20
105.57498928418346
 10
445.6406644308562
 20
105.59636105939242
 10
445.59301588284933
 20
105.63496813718925
 10
445.5406356320992
 20
105.66805991815795
 10
445.4835236786059
 20
105.69563640229855
 10
445.4216800223693
 20
105.71769758961102
 10
445.3551046633894
 20
105.73424348009537
 10
445.2837976016663
 20
105.7452740737516
 10
445.20775883719995
 20
105.75078937057972
 10
445.16796506643806
 20
105.75147878268324
 10
445.1279226552454
 20
105.75078183602122
 10
445.05134140256644
 20
105.74520626272503
 10
444.97943157616265
 20
105.73405511613267
 10
444.91219317603407
 20
105.71732839624411
 10
444.8496262021807
 20
105.69502610305936
 10
444.7917306546025
 20
105.66714823657844
 10
444.7385065332994
 20
105.63369479680134
 10
444.68995383827155
 20
105.59466578372803
 10
444.6674292756108
 20
105.57306043720531
 10
444.6462910717156
 20
105.55027593227604
  0
LWPOLYLINE
  5
75
330
17
100
AcDbEntity
  8
LEGEND_TEXT
100
AcDbPolyline
 90
72
 70
1
 10
444.80222252732534
 20
106.5731901990463
 10
444.8475504313116
 20
106.5460657884162
 10
444.8968565821903
 20
106.52346211289112
 10
444.9501409799614
 20
106.50537917247107
 10
445.00740362462494
 20
106.49181696715603
 10
445.0686445161809
 20
106.48277549694599
 10
445.13386365462924
 20
106.47825476184097
 10
445.16796506643806
 20
106.47768966995285
 10
445.2013582297471
 20
106.47825476184097
 10
445.265251285898
 20
106.48277549694599
 10
445.3252866480926
 20
106.49181696715603
 10
445.3814643163309
 20
106.50537917247107
 10
445.43378429061295
 20
106.52346211289112
 10
445.4822465709387
 20
106.5460657884162
 10
445.5268511573082
 20
106.5731901990463
 10
445.56759804972137
 20
106.60483534478139
 10
445.5865248606944
 20
106.62235319331333
 10
445.60450985185383
 20
106.64091834547793
 10
445.63699886814186
 20
106.68094192027432
 10
445.66484659638877
 20
106.724823189027
 10
445.6880530365945
 20
106.77256215173597
 10
445.7066181887591
 20
106.8241588084012
 10
445.72054205288254
 20
106.87961315902271
 10
445.7298246289648
 20
106.93892520360052
 10
445.734465917006
 20
107.00209494213459
 10
445.7350460780111
 20
107.03512644663523
 10
445.734465917006
 20
107.06815041657737
 10
445.7298246289648
 20
107.13125987864338
 10
445.72054205288254
 20
107.19045137028505
 10
445.7066181887591
 20
107.24572489150236
 10
445.6880530365945
 20
107.29708044229533
 10
445.66484659638877
 20
107.34451802266395
 10
445.63699886814186
 20
107.38803763260823
 10
445.60450985185383
 20
107.42763927212816
 10
445.5865248606944
 20
107.445970852979
 10
445.56759804972137
 20
107.46337191585405
 10
445.5268511573082
 20
107.49480609395093
 10
445.4822465709387
 20
107.5217496751768
 10
445.43378429061295
 20
107.54420265953172
 10
445.3814643163309
 20
107.56216504701564
 10
445.3252866480926
 20
107.5756368376286
 10
445.265251285898
 20
107.58461803137055
 10
445.2013582297471
 20
107.58910862824153
 10
445.16796506643806
 20
107.58966995285041
 10
445.13386365462924
 20
107.58910486096228
 10
445.0686445161809
 20
107.58458412585726
 10
445.00740362462494
 20
107.57554265564724
 10
444.9501409799614
 20
107.56198045033219
 10
444.8968565821903
 20
107.54389750991213
 10
444.8475504313116
 20
107.52129383438705
 10
444.80222252732534
 20
107.49416942375697
 10
444.7608728702315
 20
107.46252427802186
 10
444.7416898842692
 20
107.44500642948992
 10
444.7235881074529
 20
107.4264525791631
 10
444.6908881235266
 20
107.38651941906879
 10
444.66285956587546
 20
107.34281897972032
 10
444.6395024344996
 20
107.29535126111766
 10
444.6208167293988
 20
107.24411626326082
 10
444.6068024505733
 20
107.1891139861498
 10
444.59745959802297
 20
107.13034442978461
 10
444.59278817174777
 20
107.06780759416523
 10
444.59220424346336
 20
107.03512644663523
 10
444.59278817174777
 20
107.00209494213459
 10
444.59745959802297
 20
106.93892520360052
 10
444.6068024505733
 20
106.87961315902271
 10
444.6208167293988
 20
106.8241588084012
 10
444.6395024344996
 20
106.77256215173597
 10
444.66285956587546
 20
106.724823189027
 10
444.6908881235266
 20
106.68094192027432
 10
444.7235881074529
 20
106.64091834547793
 10
444.7416898842692
 20
106.62235319331333
 10
444.7608728702315
 20
106.60483534478139
  0
LWPOLYLINE
  5
76
330
17
100
AcDbEntity
  8
LEGEND_TEXT
100
AcDbPolyline
 90
136
 70
1
 10
451.1057208228408
 20
104.73558766626259
 10
451.0642807510448
 20
104.63971040924373
 10
451.0190733999946
 20
104.54781893367579
 10
450.9700987696903
 20
104.45991323955877
 10
450.9173568601318
 20
104.37599332689268
 10
450.8608476713191
 20
104.29605919567751
 10
450.83118034719246
 20
104.25758679811402
 10
450.8006474906571
 20
104.22020596971443
 10
450.73721404257526
 20
104.14900439181044
 10
450.6706236144784
 20
104.08254958576671
 10
450.60087620636654
 20
104.02084155158326
 10
450.5279718182397
 20
103.96388028926008
 10
450.4519104500978
 20
103.91166579879715
 10
450.3726921019409
 20
103.86419808019448
 10
450.290316773769
 20
103.8214771334521
 10
450.2047844655821
 20
103.78350295856997
 10
450.11609517738026
 20
103.75027555554811
 10
450.02424890916336
 20
103.72179492438651
 10
449.9292456609315
 20
103.6980610650852
 10
449.8310854326846
 20
103.67907397764412
 10
449.7297682244227
 20
103.66483366206333
 10
449.62529403614576
 20
103.65534011834279
 10
449.5176628678539
 20
103.65059334648254
 10
449.4626634162023
 20
103.65
 10
449.407485960606
 20
103.65059334648254
 10
449.2995157371812
 20
103.65534011834279
 10
449.19472509744696
 20
103.66483366206333
 10
449.0931140414032
 20
103.67907397764412
 10
448.99468256905004
 20
103.6980610650852
 10
448.89943068038735
 20
103.72179492438651
 10
448.8073583754152
 20
103.75027555554811
 10
448.71846565413364
 20
103.78350295856997
 10
448.63275251654255
 20
103.8214771334521
 10
448.55021896264196
 20
103.86419808019448
 10
448.470864992432
 20
103.91166579879715
 10
448.39469060591244
 20
103.96388028926008
 10
448.32169580308346
 20
104.02084155158326
 10
448.251880583945
 20
104.08254958576671
 10
448.1852449484971
 20
104.14900439181044
 10
448.1217888967397
 20
104.22020596971443
 10
448.09125321474494
 20
104.25758679811402
 10
448.0615858906183
 20
104.29605919567751
 10
448.0050767018056
 20
104.37599332689268
 10
447.9523347922471
 20
104.45991323955877
 10
447.90336016194277
 20
104.54781893367579
 10
447.85815281089265
 20
104.63971040924373
 10
447.81671273909666
 20
104.73558766626259
 10
447.77903994655486
 20
104.83545070473238
 10
447.74513443326725
 20
104.93929952465308
 10
447.71499619923384
 20
105.0471341260247
 10
447.68862524445456
 20
105.15895450884724
 10
447.6660215689295
 20
105.27476067312071
 10
447.6471851726586
 20
105.3945526188451
 10
447.63211605564186
 20
105.5183303460204
 10
447.62081421787934
 20
105.64609385464665
 10
447.61327965937096
 20
105.7778431447238
 10
447.6095123801168
 20
105.91357821625188
 10
447.60904147021006
 20
105.98294042006
 10
447.6095123801168
 20
106.05253902064135
 10
447.61327965937096
 20
106.18871863112142
 10
447.62081421787934
 20
106.32087478735801
 10
447.63211605564186
 20
106.44900748935116
 10
447.6471851726586
 20
106.57311673710083
 10
447.6660215689295
 20
106.69320253060705
 10
447.68862524445456
 20
106.8092648698698
 10
447.71499619923384
 20
106.9213037548891
 10
447.74513443326725
 20
107.02931918566492
 10
447.77903994655486
 20
107.13331116219727
 10
447.81671273909666
 20
107.23327968448618
 10
447.85815281089265
 20
107.32922475253162
 10
447.90336016194277
 20
107.42114636633359
 10
447.9523347922471
 20
107.5090445258921
 10
448.0050767018056
 20
107.59291923120713
 10
448.0615858906183
 20
107.67277048227872
 10
448.09125321474494
 20
107.71118731247321
 10
448.1217888967397
 20
107.7485681408728
 10
448.1852449484971
 20
107.8197697187768
 10
448.251880583945
 20
107.8862245248205
 10
448.32169580308346
 20
107.94793255900396
 10
448.39469060591244
 20
108.00489382132716
 10
448.470864992432
 20
108.05710831179007
 10
448.55021896264196
 20
108.10457603039274
 10
448.63275251654255
 20
108.14729697713513
 10
448.71846565413364
 20
108.18527115201725
 10
448.8073583754152
 20
108.2184985550391
 10
448.89943068038735
 20
108.2469791862007
 10
448.99468256905004
 20
108.27071304550203
 10
449.0931140414032
 20
108.2897001329431
 10
449.19472509744696
 20
108.30394044852389
 10
449.2995157371812
 20
108.31343399224443
 10
449.407485960606
 20
108.3181807641047
 10
449.4626634162023
 20
108.31877411058723
 10
449.5176628678539
 20
108.3181807641047
 10
449.62529403614576
 20
108.31343399224443
 10
449.7297682244227
 20
108.30394044852389
 10
449.8310854326846
 20
108.2897001329431
 10
449.9292456609315
 20
108.27071304550203
 10
450.02424890916336
 20
108.2469791862007
 10
450.11609517738026
 20
108.2184985550391
 10
450.2047844655821
 20
108.18527115201725
 10
450.290316773769
 20
108.14729697713513
 10
450.3726921019409
 20
108.10457603039274
 10
450.4519104500978
 20
108.05710831179007
 10
450.5279718182397
 20
108.00489382132716
 10
450.60087620636654
 20
107.94793255900396
 10
450.6706236144784
 20
107.8862245248205
 10
450.73721404257526
 20
107.8197697187768
 10
450.8006474906571
 20
107.7485681408728
 10
450.83118034719246
 20
107.71118731247321
 10
450.8608476713191
 20
107.67277048227872
 10
450.9173568601318
 20
107.59291923120713
 10
450.9700987696903
 20
107.5090445258921
 10
451.0190733999946
 20
107.42114636633359
 10
451.0642807510448
 20
107.32922475253162
 10
451.1057208228408
 20
107.23327968448618
 10
451.14339361538254
 20
107.13331116219727
 10
451.17729912867014
 20
107.02931918566492
 10
451.2074373627036
 20
106.9213037548891
 10
451.23380831748284
 20
106.8092648698698
 10
451.25641199300793
 20
106.69320253060705
 10
451.27524838927883
 20
106.57311673710083
 10
451.29031750629554
 20
106.44900748935116
 10
451.30161934405805
 20
106.32087478735801
 10
451.30915390256644
 20
106.18871863112142
 10
451.3129211818206
 20
106.05253902064135
 10
451.3133920917274
 20
105.98294042006
 10
451.3129211818206
 20
105.91357821625188
 10
451.30915390256644
 20
105.7778431447238
 10
451.30161934405805
 20
105.64609385464665
 10
451.29031750629554
 20
105.5183303460204
 10
451.27524838927883
 20
105.3945526188451
 10
451.25641199300793
 20
105.27476067312071
 10
451.23380831748284
 20
105.15895450884724
 10
451.2074373627036
 20
105.0471341260247
 10
451.17729912867014
 20
104.93929952465308
 10
451.14339361538254
 20
104.83545070473238
  0
LWPOLYLINE
  5
77
330
17
100
AcDbEntity
  8
LEGEND_TEXT
100
AcDbPolyline
 90
84
 70
1
 10
449.9281183026147
 20
107.29809007313546
 10
449.8750750107158
 20
107.36282699983926
 10
449.83086222138877
 20
107.4042990935089
 10
449.79927735212175
 20
107.42857544102283
 10
449.7660047417488
 20
107.45015441659076
 10
449.73104439027003
 20
107.46903602021271
 10
449.6943962976854
 20
107.48522025188866
 10
449.65606046399483
 20
107.49870711161863
 10
449.5953921988856
 20
107.51387982881482
 10
449.5085940848693
 20
107.5246693165988
 10
449.4626634162023
 20
107.52601800257179
 10
449.41684199863374
 20
107.5246693165988
 10
449.33019457578763
 20
107.51387982881482
 10
449.26957999440765
 20
107.49870711161863
 10
449.23125169527566
 20
107.48522025188866
 10
449.194588533574
 20
107.46903602021271
 10
449.1595905093027
 20
107.45015441659076
 10
449.1262576224617
 20
107.42857544102283
 10
449.09458987305106
 20
107.4042990935089
 10
449.05021038161703
 20
107.36282699983926
 10
448.9968657073778
 20
107.29809007313546
 10
448.95018158286007
 20
107.22256365864766
 10
448.92933722674667
 20
107.18075439348479
 10
448.90995080770466
 20
107.13576554463137
 10
448.8749301797578
 20
107.03407914300257
 10
448.8449124986605
 20
106.91678113614445
 10
448.81989776441276
 20
106.783871524057
 10
448.7998859770146
 20
106.63535030674025
 10
448.7848771364659
 20
106.47121748419417
 10
448.77487124276684
 20
106.29147305641877
 10
448.76986829591726
 20
106.09611702341405
 10
448.7692429275611
 20
105.9925846549507
 10
448.76986829591726
 20
105.88786182624304
 10
448.77487124276684
 20
105.69021528745178
 10
448.7848771364659
 20
105.50830090682598
 10
448.7998859770146
 20
105.34211868436563
 10
448.81989776441276
 20
105.19166862007073
 10
448.8449124986605
 20
105.05695071394128
 10
448.8749301797578
 20
104.93796496597729
 10
448.90995080770466
 20
104.83471137617875
 10
448.92933722674667
 20
104.78898414059151
 10
448.95018158286007
 20
104.74670773280111
 10
448.9968657073778
 20
104.6703374477604
 10
449.05021038161703
 20
104.60487720343977
 10
449.09458987305106
 20
104.56294173442188
 10
449.1262576224617
 20
104.53839414280165
 10
449.1595905093027
 20
104.51657406136144
 10
449.194588533574
 20
104.49748149010126
 10
449.23125169527566
 20
104.48111642902111
 10
449.26957999440765
 20
104.46747887812099
 10
449.33019457578763
 20
104.45213663335834
 10
449.41684199863374
 20
104.44122659263823
 10
449.4626634162023
 20
104.43986283754822
 10
449.5082474951779
 20
104.44122659263823
 10
449.5944428445135
 20
104.45213663335834
 10
449.65473814897666
 20
104.46747887812099
 10
449.69286301502893
 20
104.48111642902111
 10
449.7293302782094
 20
104.49748149010126
 10
449.764139938518
 20
104.51657406136144
 10
449.79729199595477
 20
104.53839414280165
 10
449.8287864505197
 20
104.56294173442188
 10
449.8729201269824
 20
104.60487720343977
 10
449.9259634188813
 20
104.6703374477604
 10
449.97237629929276
 20
104.74670773280111
 10
449.9930963351907
 20
104.78898414059151
 10
450.01248275423274
 20
104.83471137617875
 10
450.04750338217957
 20
104.93796496597729
 10
450.0775210632769
 20
105.05695071394128
 10
450.10253579752464
 20
105.19166862007073
 10
450.1225475849228
 20
105.34211868436563
 10
450.1375564254715
 20
105.50830090682598
 10
450.1475623191706
 20
105.69021528745178
 10
450.15256526602013
 20
105.88786182624304
 10
450.15319063437636
 20
105.9925846549507
 10
450.15257280057864
 20
106.09611702341405
 10
450.1476301301972
 20
106.29147305641877
 10
450.13774478943424
 20
106.47121748419417
 10
450.1229167782898
 20
106.63535030674025
 10
450.1031460967638
 20
106.783871524057
 10
450.0784327448564
 20
106.91678113614445
 10
450.0487767225675
 20
107.03407914300257
 10
450.01417802989715
 20
107.13576554463137
 10
449.9950251821689
 20
107.18075439348479
 10
449.97441063009
 20
107.22256365864766
  0
LWPOLYLINE
  5
78
330
17
100
AcDbEntity
  8
LEGEND_TEXT
100
AcDbPolyline
 90
168
 70
1
 10
457.92642135260394
 20
115.25015789085941
 10
457.99857228487997
 20
115.28602238935919
 10
458.07247123472996
 20
115.3167633880733
 10
458.1481182021539
 20
115.34238088700171
 10
458.2255131871517
 20
115.36287488614445
 10
458.3046561897235
 20
115.3782453855015
 10
458.3855472098693
 20
115.38849238507287
 10
458.46818624758896
 20
115.39361588485855
 10
458.510161273039
 20
115.39425632233176
 10
458.5817734843817
 20
115.39285489444921
 10
458.7185106521914
 20
115.38164347138877
 10
458.8153871800324
 20
115.36587740771003
 10
458.87726850906154
 20
115.35186312888447
 10
458.9369874197988
 20
115.33504599429384
 10
458.9945439122441
 20
115.31542600393806
 10
459.0499379863976
 20
115.29300315781718
 10
459.10316964225916
 20
115.2677774559312
 10
459.1542388798288
 20
115.23974889828011
 10
459.2031456991066
 20
115.2089174848639
 10
459.24989010009244
 20
115.1752832156826
 10
459.2944720827864
 20
115.13884609073618
 10
459.33689164718845
 20
115.09960611002464
 10
459.3771487932986
 20
115.057563273548
 10
459.3964664594942
 20
115.03549078439777
 10
459.41521620834226
 20
115.01280893782817
 10
459.4509300156719
 20
114.96552958318821
 10
459.48426290251285
 20
114.91569601321393
 10
459.5152148688652
 20
114.86330822790532
 10
459.5437859147289
 20
114.80836622726238
 10
459.56997604010394
 20
114.75087001128509
 10
459.60479700225034
 20
114.6598365335673
 10
459.6428917300686
 20
114.52951880960673
 10
459.67146277593224
 20
114.38898422430883
 10
459.6905101398414
 20
114.2382327776736
 10
459.70003382179596
 20
114.07726446970102
 10
459.7012242820403
 20
113.99294899271325
 10
459.7012242820403
 20
111.93776253750536
 10
458.6162478568367
 20
111.93776253750536
 10
458.6162478568367
 20
113.69783540505787
 10
458.61865891555937
 20
113.73785897985427
 10
458.62010555079297
 20
113.77884697813974
 10
458.6215521860266
 20
113.8302025289327
 10
458.62203439777113
 20
113.89939991427346
 10
458.62161999705313
 20
113.9434733142681
 10
458.61830479130947
 20
114.02698636077476
 10
458.61167437982215
 20
114.10432106930455
 10
458.60172876259105
 20
114.17547743985747
 10
458.5884679396164
 20
114.24045547243355
 10
458.571891910898
 20
114.29925516703278
 10
458.5520006764359
 20
114.35187652365516
 10
458.52879423623017
 20
114.39831954230068
 10
458.5159478139734
 20
114.41922417488212
 10
458.5022989612355
 20
114.4388441652379
 10
458.47194975956387
 20
114.47428672846121
 10
458.4375318962977
 20
114.5046660683669
 10
458.399045371437
 20
114.52998218495499
 10
458.3564901849818
 20
114.55023507822546
 10
458.30986633693203
 20
114.56542474817832
 10
458.25917382728784
 20
114.57555119481354
 10
458.20441265604904
 20
114.58061441813116
 10
458.1755063223318
 20
114.58124732104586
 10
458.13771297685383
 20
114.58025652660201
 10
458.0653812151736
 20
114.57233017105122
 10
457.9973893591942
 20
114.55647745994963
 10
457.9337374089156
 20
114.53269839329725
 10
457.87442536433775
 20
114.50099297109409
 10
457.8194532254608
 20
114.46136119334011
 10
457.76882099228465
 20
114.41380306003536
 10
457.72252866480926
 20
114.35831857117981
 10
457.7010099657094
 20
114.32760394342048
 10
457.6807796761144
 20
114.29513376352872
 10
457.6440713070617
 20
114.22488153999679
 10
457.61236588485855
 20
114.147546831467
 10
457.58566340950495
 20
114.06312963793934
 10
457.56396388100086
 20
113.97162995941385
 10
457.54726729934634
 20
113.87304779589049
 10
457.53557366454135
 20
113.76738314736926
 10
457.5288829765859
 20
113.6546360138502
 10
457.5274137376768
 20
113.59560651521646
 10
457.5274137376768
 20
111.93776253750536
 10
456.4424373124732
 20
111.93776253750536
 10
456.4424373124732
 20
113.69783540505787
 10
456.4420605845478
 20
113.76631700734033
 10
456.4390467611445
 20
113.8939222902379
 10
456.43301911433775
 20
114.00905034424561
 10
456.4239776441277
 20
114.11170116936347
 10
456.4119223505144
 20
114.20187476559151
 10
456.3968532334976
 20
114.2795711329297
 10
456.3787702930776
 20
114.34479027137806
 10
456.35767352925416
 20
114.39753218093657
 10
456.3459949635662
 20
114.41922417488212
 10
456.3333519743892
 20
114.4388441652379
 10
456.3045398226532
 20
114.47428672846121
 10
456.27102610640804
 20
114.5046660683669
 10
456.23281082565364
 20
114.52998218495499
 10
456.18989398039
 20
114.55023507822546
 10
456.14227557061724
 20
114.56542474817832
 10
456.0899555963352
 20
114.57555119481354
 10
456.0329340575439
 20
114.58061441813116
 10
456.00266020145733
 20
114.58124732104586
 10
455.96439594607267
 20
114.58025275932276
 10
455.89119017560546
 20
114.57229626553793
 10
455.82241472554114
 20
114.55638327796828
 10
455.75806959587976
 20
114.5325137966138
 10
455.69815478662133
 20
114.5006878214745
 10
455.64267029776573
 20
114.46090535255036
 10
455.59161612931314
 20
114.41316638984141
 10
455.5449922812634
 20
114.35747093334763
 10
455.5233417273896
 20
114.32663951993142
 10
455.5029042374357
 20
114.29395837240142
 10
455.46598490074473
 20
114.22346504299722
 10
455.43433975500966
 20
114.14613033446741
 10
455.4079688002304
 20
114.06195424681204
 10
455.386872036407
 20
113.97093678003108
 10
455.3710494635394
 20
113.87307793412452
 10
455.3605010816277
 20
113.76837770909236
 10
455.3552268906719
 20
113.65683610493463
 10
455.3545676168024
 20
113.59849978568367
 10
455.3545676168024
 20
111.93776253750536
 10
454.2695911915988
 20
111.93776253750536
 10
454.2695911915988
 20
115.31324474924989
 10
455.3545676168024
 20
115.31324474924989
 10
455.3545676168024
 20
114.81945992284612
 10
455.37974811133734
 20
114.85459356917059
 10
455.4314653209387
 20
114.92156072519288
 10
455.4849908245821
 20
114.9841276990463
 10
455.54032462226746
 20
115.04229449073082
 10
455.5974667139949
 20
115.09606110024646
 10
455.65641709976427
 20
115.14542752759323
 10
455.71717577957565
 20
115.1903937727711
 10
455.77974275342905
 20
115.23095983578011
 10
455.81170435062154
 20
115.24959279897128
 10
455.8440991849282
 20
115.26711064750322
 10
455.91013205569544
 20
115.29875579323831
 10
455.97782252933456
 20
115.32588020386841
 10
456.0471706058455
 20
115.34848387939348
 10
456.11817628522823
 20
115.36656681981354
 10
456.19083956748284
 20
115.38012902512858
 10
456.2651604526093
 20
115.38917049533862
 10
456.3411389406076
 20
115.39369123044364
 10
456.37974978568366
 20
115.39425632233176
 10
456.4230734971067
 20
115.39359704846228
 10
456.50782221120875
 20
115.38832285750642
 10
456.59003931365197
 20
115.37777447559472
 10
456.6697248044363
 20
115.36195190272717
 10
456.74687868356193
 20
115.34085513890378
 10
456.8215009510287
 20
115.31448418412452
 10
456.8935916068367
 20
115.28283903838941
 10
456.9631506509859
 20
115.24591970169845
 10
456.99698081868837
 20
115.22548221174453
 10
457.0301027378911
 20
115.20385802882555
 10
457.0932724764252
 20
115.15744514841406
 10
457.15234341513076
 20
115.1068129152379
 10
457.2073155540077
 20
115.05196132929704
 10
457.2581888930562
 20
114.99289039059151
 10
457.30496343227605
 20
114.9296000991213
 10
457.34763917166737
 20
114.86209045488641
 10
457.38621611123017
 20
114.79036145788683
 10
457.40396753107586
 20
114.7529147021003
 10
457.42994292153344
 20
114.79151047805937
 10
457.483679392815
 20
114.8651984602711
 10
457.5397967845853
 20
114.93421501620767
 10
457.5982950968442
 20
114.99856014586905
 10
457.65917432959174
 20
115.05823384925525
 10
457.7224344828279
 20
115.11323612636627
 10
457.7880755565527
 20
115.1635669772021
 10
457.8560975507662
 20
115.20922640176275
 10
457.8910013930562
 20
115.23030432918989
  0
LWPOLYLINE
  5
79
330
17
100
AcDbEntity
  8
LEGEND_TEXT
100
AcDbPolyline
 90
4
 70
1
 10
468.8624035576511
 20
113.27638234033434
 10
466.97020467209603
 20
113.27638234033434
 10
466.97020467209603
 20
114.15304329189884
 10
468.8624035576511
 20
114.15304329189884
  0
LWPOLYLINE
  5
7A
330
17
100
AcDbEntity
  8
LEGEND_TEXT
100
AcDbPolyline
 90
136
 70
1
 10
451.14339361538254
 20
113.03545070473237
 10
451.1057208228408
 20
112.93558766626259
 10
451.0642807510448
 20
112.83971040924374
 10
451.0190733999946
 20
112.74781893367579
 10
450.9700987696903
 20
112.65991323955878
 10
450.9173568601318
 20
112.57599332689267
 10
450.8608476713191
 20
112.4960591956775
 10
450.83118034719246
 20
112.45758679811402
 10
450.8006474906571
 20
112.42020596971443
 10
450.73721404257526
 20
112.34900439181044
 10
450.6706236144784
 20
112.28254958576672
 10
450.60087620636654
 20
112.22084155158326
 10
450.5279718182397
 20
112.16388028926008
 10
450.4519104500978
 20
112.11166579879715
 10
450.3726921019409
 20
112.06419808019449
 10
450.290316773769
 20
112.0214771334521
 10
450.2047844655821
 20
111.98350295856997
 10
450.11609517738026
 20
111.95027555554812
 10
450.02424890916336
 20
111.92179492438652
 10
449.9292456609315
 20
111.89806106508519
 10
449.8310854326846
 20
111.87907397764413
 10
449.7297682244227
 20
111.86483366206333
 10
449.62529403614576
 20
111.8553401183428
 10
449.5176628678539
 20
111.85059334648253
 10
449.4626634162023
 20
111.85
 10
449.407485960606
 20
111.85059334648253
 10
449.2995157371812
 20
111.8553401183428
 10
449.19472509744696
 20
111.86483366206333
 10
449.0931140414032
 20
111.87907397764413
 10
448.99468256905004
 20
111.89806106508519
 10
448.89943068038735
 20
111.92179492438652
 10
448.8073583754152
 20
111.95027555554812
 10
448.71846565413364
 20
111.98350295856997
 10
448.63275251654255
 20
112.0214771334521
 10
448.55021896264196
 20
112.06419808019449
 10
448.470864992432
 20
112.11166579879715
 10
448.39469060591244
 20
112.16388028926008
 10
448.32169580308346
 20
112.22084155158326
 10
448.251880583945
 20
112.28254958576672
 10
448.1852449484971
 20
112.34900439181044
 10
448.1217888967397
 20
112.42020596971443
 10
448.09125321474494
 20
112.45758679811402
 10
448.0615858906183
 20
112.4960591956775
 10
448.0050767018056
 20
112.57599332689267
 10
447.9523347922471
 20
112.65991323955878
 10
447.90336016194277
 20
112.74781893367579
 10
447.85815281089265
 20
112.83971040924374
 10
447.81671273909666
 20
112.93558766626259
 10
447.77903994655486
 20
113.03545070473237
 10
447.74513443326725
 20
113.13929952465307
 10
447.71499619923384
 20
113.24713412602469
 10
447.68862524445456
 20
113.35895450884725
 10
447.6660215689295
 20
113.47476067312071
 10
447.6471851726586
 20
113.5945526188451
 10
447.63211605564186
 20
113.71833034602041
 10
447.62081421787934
 20
113.84609385464665
 10
447.61327965937096
 20
113.9778431447238
 10
447.6095123801168
 20
114.11357821625188
 10
447.60904147021006
 20
114.18294042006
 10
447.6095123801168
 20
114.25253902064134
 10
447.61327965937096
 20
114.3887186311214
 10
447.62081421787934
 20
114.52087478735801
 10
447.63211605564186
 20
114.64900748935116
 10
447.6471851726586
 20
114.77311673710084
 10
447.6660215689295
 20
114.89320253060706
 10
447.68862524445456
 20
115.00926486986981
 10
447.71499619923384
 20
115.12130375488908
 10
447.74513443326725
 20
115.22931918566492
 10
447.77903994655486
 20
115.33331116219728
 10
447.81671273909666
 20
115.43327968448618
 10
447.85815281089265
 20
115.5292247525316
 10
447.90336016194277
 20
115.62114636633359
 10
447.9523347922471
 20
115.7090445258921
 10
448.0050767018056
 20
115.79291923120714
 10
448.0615858906183
 20
115.87277048227872
 10
448.09125321474494
 20
115.9111873124732
 10
448.1217888967397
 20
115.9485681408728
 10
448.1852449484971
 20
116.01976971877679
 10
448.251880583945
 20
116.08622452482051
 10
448.32169580308346
 20
116.14793255900396
 10
448.39469060591244
 20
116.20489382132715
 10
448.470864992432
 20
116.25710831179008
 10
448.55021896264196
 20
116.30457603039274
 10
448.63275251654255
 20
116.34729697713513
 10
448.71846565413364
 20
116.38527115201725
 10
448.8073583754152
 20
116.41849855503911
 10
448.89943068038735
 20
116.4469791862007
 10
448.99468256905004
 20
116.47071304550204
 10
449.0931140414032
 20
116.4897001329431
 10
449.19472509744696
 20
116.50394044852389
 10
449.2995157371812
 20
116.51343399224443
 10
449.407485960606
 20
116.5181807641047
 10
449.4626634162023
 20
116.51877411058723
 10
449.5176628678539
 20
116.5181807641047
 10
449.62529403614576
 20
116.51343399224443
 10
449.7297682244227
 20
116.50394044852389
 10
449.8310854326846
 20
116.4897001329431
 10
449.9292456609315
 20
116.47071304550204
 10
450.02424890916336
 20
116.4469791862007
 10
450.11609517738026
 20
116.41849855503911
 10
450.2047844655821
 20
116.38527115201725
 10
450.290316773769
 20
116.34729697713513
 10
450.3726921019409
 20
116.30457603039274
 10
450.4519104500978
 20
116.25710831179008
 10
450.5279718182397
 20
116.20489382132715
 10
450.60087620636654
 20
116.14793255900396
 10
450.6706236144784
 20
116.08622452482051
 10
450.73721404257526
 20
116.01976971877679
 10
450.8006474906571
 20
115.9485681408728
 10
450.83118034719246
 20
115.9111873124732
 10
450.8608476713191
 20
115.87277048227872
 10
450.9173568601318
 20
115.79291923120714
 10
450.9700987696903
 20
115.7090445258921
 10
451.0190733999946
 20
115.62114636633359
 10
451.0642807510448
 20
115.5292247525316
 10
451.1057208228408
 20
115.43327968448618
 10
451.14339361538254
 20
115.33331116219728
 10
451.17729912867014
 20
115.22931918566492
 10
451.2074373627036
 20
115.12130375488908
 10
451.23380831748284
 20
115.00926486986981
 10
451.25641199300793
 20
114.89320253060706
 10
451.27524838927883
 20
114.77311673710084
 10
451.29031750629554
 20
114.64900748935116
 10
451.30161934405805
 20
114.52087478735801
 10
451.30915390256644
 20
114.3887186311214
 10
451.3129211818206
 20
114.25253902064134
 10
451.3133920917274
 20
114.18294042006
 10
451.3129211818206
 20
114.11357821625188
 10
451.30915390256644
 20
113.9778431447238
 10
451.30161934405805
 20
113.84609385464665
 10
451.29031750629554
 20
113.71833034602041
 10
451.27524838927883
 20
113.5945526188451
 10
451.25641199300793
 20
113.47476067312071
 10
451.23380831748284
 20
113.35895450884725
 10
451.2074373627036
 20
113.24713412602469
 10
451.17729912867014
 20
113.13929952465307
  0
LWPOLYLINE
  5
7B
330
17
100
AcDbEntity
  8
LEGEND_TEXT
100
AcDbPolyline
 90
84
 70
1
 10
449.97441063009
 20
115.42256365864766
 10
449.9281183026147
 20
115.49809007313544
 10
449.8750750107158
 20
115.56282699983926
 10
449.83086222138877
 20
115.6042990935089
 10
449.79927735212175
 20
115.62857544102283
 10
449.7660047417488
 20
115.65015441659077
 10
449.73104439027003
 20
115.6690360202127
 10
449.6943962976854
 20
115.68522025188867
 10
449.65606046399483
 20
115.69870711161863
 10
449.5953921988856
 20
115.71387982881483
 10
449.5085940848693
 20
115.7246693165988
 10
449.4626634162023
 20
115.72601800257179
 10
449.41684199863374
 20
115.7246693165988
 10
449.33019457578763
 20
115.71387982881483
 10
449.26957999440765
 20
115.69870711161863
 10
449.23125169527566
 20
115.68522025188867
 10
449.194588533574
 20
115.6690360202127
 10
449.1595905093027
 20
115.65015441659077
 10
449.1262576224617
 20
115.62857544102283
 10
449.09458987305106
 20
115.6042990935089
 10
449.05021038161703
 20
115.56282699983926
 10
448.9968657073778
 20
115.49809007313544
 10
448.95018158286007
 20
115.42256365864766
 10
448.92933722674667
 20
115.38075439348478
 10
448.90995080770466
 20
115.33576554463137
 10
448.8749301797578
 20
115.23407914300257
 10
448.8449124986605
 20
115.11678113614445
 10
448.81989776441276
 20
114.98387152405701
 10
448.7998859770146
 20
114.83535030674025
 10
448.7848771364659
 20
114.67121748419417
 10
448.77487124276684
 20
114.49147305641877
 10
448.76986829591726
 20
114.29611702341406
 10
448.7692429275611
 20
114.1925846549507
 10
448.76986829591726
 20
114.08786182624303
 10
448.77487124276684
 20
113.89021528745178
 10
448.7848771364659
 20
113.70830090682597
 10
448.7998859770146
 20
113.54211868436562
 10
448.81989776441276
 20
113.39166862007073
 10
448.8449124986605
 20
113.25695071394128
 10
448.8749301797578
 20
113.13796496597729
 10
448.90995080770466
 20
113.03471137617873
 10
448.92933722674667
 20
112.98898414059151
 10
448.95018158286007
 20
112.94670773280112
 10
448.9968657073778
 20
112.87033744776039
 10
449.05021038161703
 20
112.80487720343977
 10
449.09458987305106
 20
112.76294173442187
 10
449.1262576224617
 20
112.73839414280165
 10
449.1595905093027
 20
112.71657406136144
 10
449.194588533574
 20
112.69748149010127
 10
449.23125169527566
 20
112.6811164290211
 10
449.26957999440765
 20
112.66747887812099
 10
449.33019457578763
 20
112.65213663335834
 10
449.41684199863374
 20
112.64122659263823
 10
449.4626634162023
 20
112.63986283754822
 10
449.5082474951779
 20
112.64122659263823
 10
449.5944428445135
 20
112.65213663335834
 10
449.65473814897666
 20
112.66747887812099
 10
449.69286301502893
 20
112.6811164290211
 10
449.7293302782094
 20
112.69748149010127
 10
449.764139938518
 20
112.71657406136144
 10
449.79729199595477
 20
112.73839414280165
 10
449.8287864505197
 20
112.76294173442187
 10
449.8729201269824
 20
112.80487720343977
 10
449.9259634188813
 20
112.87033744776039
 10
449.97237629929276
 20
112.94670773280112
 10
449.9930963351907
 20
112.98898414059151
 10
450.01248275423274
 20
113.03471137617873
 10
450.04750338217957
 20
113.13796496597729
 10
450.0775210632769
 20
113.25695071394128
 10
450.10253579752464
 20
113.39166862007073
 10
450.1225475849228
 20
113.54211868436562
 10
450.1375564254715
 20
113.70830090682597
 10
450.1475623191706
 20
113.89021528745178
 10
450.15256526602013
 20
114.08786182624303
 10
450.15319063437636
 20
114.1925846549507
 10
450.15257280057864
 20
114.29611702341406
 10
450.1476301301972
 20
114.49147305641877
 10
450.13774478943424
 20
114.67121748419417
 10
450.1229167782898
 20
114.83535030674025
 10
450.1031460967638
 20
114.98387152405701
 10
450.0784327448564
 20
115.11678113614445
 10
450.0487767225675
 20
115.23407914300257
 10
450.01417802989715
 20
115.33576554463137
 10
449.9950251821689
 20
115.38075439348478
  0
LWPOLYLINE
  5
7C
330
17
100
AcDbEntity
  8
LEGEND_TEXT
100
AcDbPolyline
 90
195
 70
1
 10
443.6325388280915
 20
114.81401620432383
 10
443.59366050618837
 20
114.88604658366374
 10
443.5612619046025
 20
114.96202507166203
 10
443.53534302333367
 20
115.04195166831869
 10
443.5159038623821
 20
115.12582637363373
 10
443.50294442174777
 20
115.21364918760716
 10
443.49646470143057
 20
115.30542011023897
 10
443.4956547363909
 20
115.35278611230176
 10
443.49606913710886
 20
115.3880845770936
 10
443.4993843428525
 20
115.45709359847166
 10
443.5060147543399
 20
115.52398540890886
 10
443.51596037157094
 20
115.58876000840522
 10
443.52922119454564
 20
115.65141739696072
 10
443.54579722326406
 20
115.7119575745754
 10
443.5656884577261
 20
115.7703805412492
 10
443.5888948979318
 20
115.82668629698216
 10
443.6154165438813
 20
115.88087484177427
 10
443.6452533955744
 20
115.93294617562553
 10
443.6784054530111
 20
115.98290029853595
 10
443.7148727161916
 20
116.03073721050552
 10
443.7546551851157
 20
116.07645691153424
 10
443.79775285978354
 20
116.12005940162211
 10
443.844165740195
 20
116.16154468076913
 10
443.8938938263502
 20
116.2009127489753
 10
443.9200010715816
 20
116.21980282897556
 10
443.94697102376233
 20
116.2381965699341
 10
444.0032391067027
 20
116.27323226699797
 10
444.0626114277486
 20
116.30593225092423
 10
444.1250879868999
 20
116.33629652171292
 10
444.1906687841567
 20
116.36432507936402
 10
444.2593538195189
 20
116.39001792387751
 10
444.3311430929865
 20
116.41337505525343
 10
444.4060366045596
 20
116.43439647349174
 10
444.52419731836693
 20
116.46154913871624
 10
444.69260977014574
 20
116.48957769636733
 10
444.87343917434634
 20
116.50826340146807
 10
445.0666855309687
 20
116.51760625401843
 10
445.16796506643806
 20
116.51877411058723
 10
445.2685401206869
 20
116.51761378857694
 10
445.46049053324583
 20
116.50833121249464
 10
445.64017468455313
 20
116.48976606033006
 10
445.80759257460886
 20
116.46191833208316
 10
445.96274420341297
 20
116.42478802775396
 10
446.0710581910697
 20
116.39084860895306
 10
446.13943430953304
 20
116.36532152472674
 10
446.20474386268353
 20
116.33747379647986
 10
446.26698685052105
 20
116.30730542421239
 10
446.3261632730457
 20
116.27481640792435
 10
446.38227313025743
 20
116.24000674761572
 10
446.40917809687096
 20
116.2217316759537
 10
446.4353446767507
 20
116.20289810514225
 10
446.48518578128346
 20
116.16362045163818
 10
446.5317041455141
 20
116.12219544895922
 10
446.5748997694425
 20
116.07862309710539
 10
446.6147726530687
 20
116.03290339607668
 10
446.6513227963928
 20
115.98503634587307
 10
446.6845501994146
 20
115.93502194649459
 10
446.71445486213435
 20
115.88286019794123
 10
446.7410367845518
 20
115.82855110021298
 10
446.76429596666713
 20
115.77209465330985
 10
446.78423240848025
 20
115.71349085723183
 10
446.80084610999114
 20
115.65273971197894
 10
446.8141370711999
 20
115.58984121755117
 10
446.8241052921065
 20
115.5247953739485
 10
446.8307507727108
 20
115.45760218117097
 10
446.83407351301304
 20
115.38826163921854
 10
446.8344888555508
 20
115.35278611230176
 10
446.8336713559526
 20
115.30542011023897
 10
446.82713135916737
 20
115.21364918760716
 10
446.81405136559687
 20
115.12582637363373
 10
446.7944313752411
 20
115.04195166831869
 10
446.76827138810006
 20
114.96202507166203
 10
446.7355714041738
 20
114.88604658366374
 10
446.6963314234623
 20
114.81401620432383
 10
446.6505514459655
 20
114.7459339336423
 10
446.6252089584226
 20
114.71337333904843
 10
446.59826537719675
 20
114.68193916095157
 10
446.5396766502357
 20
114.62214490462924
 10
446.4748191705958
 20
114.56644944813544
 10
446.4036929382769
 20
114.5148527914702
 10
446.32629795327904
 20
114.46735493463352
 10
446.2426342156022
 20
114.42395587762537
 10
446.15270172524646
 20
114.38465562044578
 10
446.05650048221173
 20
114.34945416309472
 10
446.0060490784398
 20
114.33339048435491
 10
446.0624339470371
 20
114.3169802159237
 10
446.16993702783435
 20
114.28045267627519
 10
446.2704179001018
 20
114.23898246624518
 10
446.3638765638395
 20
114.1925695858337
 10
446.45031301904737
 20
114.14121403504072
 10
446.52972726572546
 20
114.08491581386627
 10
446.6021193038738
 20
114.02367492231033
 10
446.66748913349227
 20
113.95749136037291
 10
446.6975407201029
 20
113.92254607801115
 10
446.7258028490677
 20
113.8863990335673
 10
446.77685701752034
 20
113.8106013749732
 10
446.8206177333369
 20
113.73013229010394
 10
446.85708499651736
 20
113.6449917789595
 10
446.8862588070617
 20
113.55517984153985
 10
446.90813916497
 20
113.46069647784505
 10
446.92272607024216
 20
113.36154168787505
 10
446.9300195228783
 20
113.25771547162988
 10
446.9309312044578
 20
113.20405057865409
 10
446.9304970255237
 20
113.16253798673247
 10
446.9270235940514
 20
113.08142846439
 10
446.9200767311067
 20
113.00287315738186
 10
446.9096564366896
 20
112.92687206570804
 10
446.8957627108002
 20
112.85342518936856
 10
446.87839555343845
 20
112.78253252836342
 10
446.85755496460433
 20
112.71419408269261
 10
446.8332409442978
 20
112.64840985235614
 10
446.805453492519
 20
112.58517983735399
 10
446.77419260926786
 20
112.52450403768619
 10
446.7394582945443
 20
112.46638245335271
 10
446.7012505483484
 20
112.41081508435357
 10
446.6595693706802
 20
112.35780193068877
 10
446.6144147615396
 20
112.30734299235829
 10
446.56578672092667
 20
112.25943826936214
 10
446.51368524884134
 20
112.21408776170033
 10
446.48633197599656
 20
112.19237033861981
 10
446.45812541440074
 20
112.17130653848987
 10
446.3991976323068
 20
112.13118501443287
 10
446.33691697167677
 20
112.09373825864633
 10
446.2712834325105
 20
112.05896627113025
 10
446.2022970148079
 20
112.02686905188465
 10
446.1299577185692
 20
111.99744660090951
 10
446.0542655437942
 20
111.97069891820483
 10
445.975220490483
 20
111.94662600377063
 10
445.8928225586356
 20
111.92522785760688
 10
445.807071748252
 20
111.90650447971362
 10
445.7179680593321
 20
111.89045587009082
 10
445.62551149187607
 20
111.87708202873847
 10
445.48053999343654
 20
111.8620364572171
 10
445.2755095873071
 20
111.85133738413523
 10
445.16796506643806
 20
111.85
 10
445.0600588867606
 20
111.85133738413523
 10
444.8543051630144
 20
111.8620364572171
 10
444.70879117636224
 20
111.87708202873847
 10
444.6159729500978
 20
111.89045587009082
 10
444.5265076023695
 20
111.90650447971362
 10
444.4403951331775
 20
111.92522785760688
 10
444.3576355425217
 20
111.94662600377063
 10
444.2782288304021
 20
111.97069891820483
 10
444.2021749968187
 20
111.99744660090951
 10
444.1294740417716
 20
112.02686905188465
 10
444.0601259652607
 20
112.05896627113025
 10
443.9941307672859
 20
112.09373825864633
 10
443.93148844784747
 20
112.13118501443287
 10
443.8721990069452
 20
112.17130653848987
 10
443.8438116159451
 20
112.19237033861981
 10
443.8162803391556
 20
112.21408776170033
 10
443.76383981193743
 20
112.25943826936214
 10
443.71489531986714
 20
112.30734299235829
 10
443.6694468629447
 20
112.35780193068877
 10
443.62749444117014
 20
112.41081508435357
 10
443.5890380545435
 20
112.46638245335271
 10
443.5540777030647
 20
112.52450403768619
 10
443.52261338673384
 20
112.58517983735399
 10
443.4946451055508
 20
112.64840985235614
 10
443.4701728595156
 20
112.71419408269261
 10
443.44919664862834
 20
112.78253252836342
 10
443.431716472889
 20
112.85342518936856
 10
443.4177323322975
 20
112.92687206570804
 10
443.40724422685383
 20
113.00287315738186
 10
443.40025215655805
 20
113.08142846439
 10
443.3967561214102
 20
113.16253798673247
 10
443.39631911701673
 20
113.20405057865409
 10
443.39723079859624
 20
113.25771547162988
 10
443.4045242512323
 20
113.36154168787505
 10
443.4191111565045
 20
113.46069647784505
 10
443.44099151441276
 20
113.55517984153985
 10
443.4701653249571
 20
113.6449917789595
 10
443.50663258813756
 20
113.73013229010394
 10
443.55039330395414
 20
113.8106013749732
 10
443.6014474724068
 20
113.8863990335673
 10
443.62970960137164
 20
113.92254607801115
 10
443.6597611879822
 20
113.95749136037291
 10
443.72513101760075
 20
114.02367492231033
 10
443.797523055749
 20
114.08491581386627
 10
443.8769373024271
 20
114.14121403504072
 10
443.963373757635
 20
114.1925695858337
 10
444.0568324213727
 20
114.23898246624518
 10
444.1573132936402
 20
114.28045267627519
 10
444.26481637443743
 20
114.3169802159237
 10
444.3212012430347
 20
114.33339048435491
 10
444.27075360654203
 20
114.34945416309472
 10
444.1745825017413
 20
114.38465562044578
 10
444.0847102878536
 20
114.42395587762537
 10
444.0011369648789
 20
114.46735493463352
 10
443.92386253281717
 20
114.5148527914702
 10
443.85288699166847
 20
114.56644944813544
 10
443.7882103414327
 20
114.62214490462924
 10
443.72983258210996
 20
114.68193916095157
 10
443.7030057865409
 20
114.71337333904843
 10
443.6778968703118
 20
114.7459339336423
  0
LWPOLYLINE
  5
7D
330
17
100
AcDbEntity
  8
LEGEND_TEXT
100
AcDbPolyline
 90
72
 70
1
 10
444.60810592919523
 20
113.70109033433347
 10
444.5753758070349
 20
113.64708261894556
 10
444.5481007052347
 20
113.58825278611229
 10
444.5262806237945
 20
113.5246008358337
 10
444.5099155627143
 20
113.45612676810973
 10
444.4990055219942
 20
113.38283058294041
 10
444.49355050163416
 20
113.30471228032576
 10
444.49286862408917
 20
113.26384483497642
 10
444.49355050163416
 20
113.22298115690634
 10
444.4990055219942
 20
113.14489299252571
 10
444.5099155627143
 20
113.07165708382448
 10
444.5262806237945
 20
113.00327343080261
 10
444.5481007052347
 20
112.93974203346013
 10
444.5753758070349
 20
112.88106289179704
 10
444.60810592919523
 20
112.82723600581333
 10
444.6462910717156
 20
112.778261375509
 10
444.6674292756108
 20
112.75559365623661
 10
444.68995383827155
 20
112.73433866668452
 10
444.7385065332994
 20
112.69594255652594
 10
444.7917306546025
 20
112.66303160496142
 10
444.8496262021807
 20
112.635605811991
 10
444.91219317603407
 20
112.61366517761465
 10
444.97943157616265
 20
112.59720970183241
 10
445.05134140256644
 20
112.58623938464423
 10
445.1279226552454
 20
112.58075422605015
 10
445.16796506643806
 20
112.58006858122589
 10
445.20775883719995
 20
112.58075422605015
 10
445.2837976016663
 20
112.58623938464423
 10
445.3551046633894
 20
112.59720970183241
 10
445.4216800223693
 20
112.61366517761465
 10
445.4835236786059
 20
112.635605811991
 10
445.5406356320992
 20
112.66303160496142
 10
445.59301588284933
 20
112.69594255652594
 10
445.6406644308562
 20
112.73433866668452
 10
445.6627143163309
 20
112.75559365623661
 10
445.68350216325547
 20
112.778261375509
 10
445.7210544028611
 20
112.82723600581333
 10
445.75324203680884
 20
112.88106289179704
 10
445.7800650650986
 20
112.93974203346013
 10
445.8015234877304
 20
113.00327343080261
 10
445.81761730470424
 20
113.07165708382448
 10
445.82834651602013
 20
113.14489299252571
 10
445.8337111216781
 20
113.22298115690634
 10
445.8343816973853
 20
113.26384483497642
 10
445.8337111216781
 20
113.30505887001715
 10
445.82834651602013
 20
113.38377993731247
 10
445.81761730470424
 20
113.45755833422632
 10
445.8015234877304
 20
113.52639406075868
 10
445.7800650650986
 20
113.59028711690956
 10
445.75324203680884
 20
113.64923750267896
 10
445.7210544028611
 20
113.70324521806687
 10
445.68350216325547
 20
113.7523102630733
 10
445.6627143163309
 20
113.77498928418345
 10
445.6406644308562
 20
113.79636105939241
 10
445.59301588284933
 20
113.83496813718924
 10
445.5406356320992
 20
113.86805991815795
 10
445.4835236786059
 20
113.89563640229855
 10
445.4216800223693
 20
113.91769758961101
 10
445.3551046633894
 20
113.93424348009538
 10
445.2837976016663
 20
113.9452740737516
 10
445.20775883719995
 20
113.95078937057973
 10
445.16796506643806
 20
113.95147878268324
 10
445.1279226552454
 20
113.95078183602122
 10
445.05134140256644
 20
113.94520626272504
 10
444.97943157616265
 20
113.93405511613267
 10
444.91219317603407
 20
113.9173283962441
 10
444.8496262021807
 20
113.89502610305937
 10
444.7917306546025
 20
113.86714823657843
 10
444.7385065332994
 20
113.83369479680132
 10
444.68995383827155
 20
113.79466578372804
 10
444.6674292756108
 20
113.77306043720532
 10
444.6462910717156
 20
113.75027593227604
  0
LWPOLYLINE
  5
7E
330
17
100
AcDbEntity
  8
LEGEND_TEXT
100
AcDbPolyline
 90
72
 70
1
 10
444.80222252732534
 20
114.7731901990463
 10
444.8475504313116
 20
114.7460657884162
 10
444.8968565821903
 20
114.72346211289113
 10
444.9501409799614
 20
114.70537917247107
 10
445.00740362462494
 20
114.69181696715603
 10
445.0686445161809
 20
114.682775496946
 10
445.13386365462924
 20
114.67825476184098
 10
445.16796506643806
 20
114.67768966995285
 10
445.2013582297471
 20
114.67825476184098
 10
445.265251285898
 20
114.682775496946
 10
445.3252866480926
 20
114.69181696715603
 10
445.3814643163309
 20
114.70537917247107
 10
445.43378429061295
 20
114.72346211289113
 10
445.4822465709387
 20
114.7460657884162
 10
445.5268511573082
 20
114.7731901990463
 10
445.56759804972137
 20
114.8048353447814
 10
445.5865248606944
 20
114.82235319331333
 10
445.60450985185383
 20
114.84091834547792
 10
445.63699886814186
 20
114.88094192027432
 10
445.66484659638877
 20
114.924823189027
 10
445.6880530365945
 20
114.97256215173596
 10
445.7066181887591
 20
115.0241588084012
 10
445.72054205288254
 20
115.07961315902271
 10
445.7298246289648
 20
115.13892520360051
 10
445.734465917006
 20
115.2020949421346
 10
445.7350460780111
 20
115.23512644663523
 10
445.734465917006
 20
115.26815041657737
 10
445.7298246289648
 20
115.33125987864338
 10
445.72054205288254
 20
115.39045137028504
 10
445.7066181887591
 20
115.44572489150235
 10
445.6880530365945
 20
115.49708044229533
 10
445.66484659638877
 20
115.54451802266395
 10
445.63699886814186
 20
115.58803763260823
 10
445.60450985185383
 20
115.62763927212816
 10
445.5865248606944
 20
115.64597085297899
 10
445.56759804972137
 20
115.66337191585404
 10
445.5268511573082
 20
115.69480609395092
 10
445.4822465709387
 20
115.72174967517681
 10
445.43378429061295
 20
115.74420265953171
 10
445.3814643163309
 20
115.76216504701564
 10
445.3252866480926
 20
115.77563683762858
 10
445.265251285898
 20
115.78461803137056
 10
445.2013582297471
 20
115.78910862824154
 10
445.16796506643806
 20
115.7896699528504
 10
445.13386365462924
 20
115.78910486096228
 10
445.0686445161809
 20
115.78458412585726
 10
445.00740362462494
 20
115.77554265564723
 10
444.9501409799614
 20
115.76198045033219
 10
444.8968565821903
 20
115.74389750991213
 10
444.8475504313116
 20
115.72129383438705
 10
444.80222252732534
 20
115.69416942375696
 10
444.7608728702315
 20
115.66252427802186
 10
444.7416898842692
 20
115.64500642948992
 10
444.7235881074529
 20
115.6264525791631
 10
444.6908881235266
 20
115.5865194190688
 10
444.66285956587546
 20
115.54281897972032
 10
444.6395024344996
 20
115.49535126111766
 10
444.6208167293988
 20
115.44411626326082
 10
444.6068024505733
 20
115.38911398614981
 10
444.59745959802297
 20
115.33034442978462
 10
444.59278817174777
 20
115.26780759416523
 10
444.59220424346336
 20
115.23512644663523
 10
444.59278817174777
 20
115.2020949421346
 10
444.59745959802297
 20
115.13892520360051
 10
444.6068024505733
 20
115.07961315902271
 10
444.6208167293988
 20
115.0241588084012
 10
444.6395024344996
 20
114.97256215173596
 10
444.66285956587546
 20
114.924823189027
 10
444.6908881235266
 20
114.88094192027432
 10
444.7235881074529
 20
114.84091834547792
 10
444.7416898842692
 20
114.82235319331333
 10
444.7608728702315
 20
114.8048353447814
  0
LWPOLYLINE
  5
7F
330
17
100
AcDbEntity
  8
LEGEND_TEXT
100
AcDbPolyline
 90
168
 70
1
 10
457.99857228487997
 20
123.48602238935919
 10
458.07247123472996
 20
123.51676338807329
 10
458.1481182021539
 20
123.54238088700171
 10
458.2255131871517
 20
123.56287488614444
 10
458.3046561897235
 20
123.5782453855015
 10
458.3855472098693
 20
123.58849238507287
 10
458.46818624758896
 20
123.59361588485854
 10
458.510161273039
 20
123.59425632233176
 10
458.5817734843817
 20
123.5928548944492
 10
458.7185106521914
 20
123.58164347138876
 10
458.8153871800324
 20
123.56587740771002
 10
458.87726850906154
 20
123.55186312888448
 10
458.9369874197988
 20
123.53504599429382
 10
458.9945439122441
 20
123.51542600393806
 10
459.0499379863976
 20
123.49300315781718
 10
459.10316964225916
 20
123.4677774559312
 10
459.1542388798288
 20
123.4397488982801
 10
459.2031456991066
 20
123.4089174848639
 10
459.24989010009244
 20
123.3752832156826
 10
459.2944720827864
 20
123.33884609073617
 10
459.33689164718845
 20
123.29960611002464
 10
459.3771487932986
 20
123.257563273548
 10
459.3964664594942
 20
123.23549078439777
 10
459.41521620834226
 20
123.21280893782816
 10
459.4509300156719
 20
123.16552958318822
 10
459.48426290251285
 20
123.11569601321393
 10
459.5152148688652
 20
123.06330822790532
 10
459.5437859147289
 20
123.00836622726237
 10
459.56997604010394
 20
122.95087001128509
 10
459.60479700225034
 20
122.85983653356729
 10
459.6428917300686
 20
122.72951880960673
 10
459.67146277593224
 20
122.58898422430883
 10
459.6905101398414
 20
122.43823277767359
 10
459.70003382179596
 20
122.27726446970102
 10
459.7012242820403
 20
122.19294899271324
 10
459.7012242820403
 20
120.13776253750535
 10
458.6162478568367
 20
120.13776253750535
 10
458.6162478568367
 20
121.89783540505786
 10
458.61865891555937
 20
121.93785897985427
 10
458.62010555079297
 20
121.97884697813973
 10
458.6215521860266
 20
122.0302025289327
 10
458.62203439777113
 20
122.09939991427346
 10
458.62161999705313
 20
122.1434733142681
 10
458.61830479130947
 20
122.22698636077475
 10
458.61167437982215
 20
122.30432106930454
 10
458.60172876259105
 20
122.37547743985748
 10
458.5884679396164
 20
122.44045547243356
 10
458.571891910898
 20
122.49925516703279
 10
458.5520006764359
 20
122.55187652365515
 10
458.52879423623017
 20
122.59831954230069
 10
458.5159478139734
 20
122.61922417488212
 10
458.5022989612355
 20
122.63884416523788
 10
458.47194975956387
 20
122.6742867284612
 10
458.4375318962977
 20
122.7046660683669
 10
458.399045371437
 20
122.72998218495499
 10
458.3564901849818
 20
122.75023507822546
 10
458.30986633693203
 20
122.7654247481783
 10
458.25917382728784
 20
122.77555119481354
 10
458.20441265604904
 20
122.78061441813117
 10
458.1755063223318
 20
122.78124732104587
 10
458.13771297685383
 20
122.78025652660202
 10
458.0653812151736
 20
122.77233017105121
 10
457.9973893591942
 20
122.75647745994962
 10
457.9337374089156
 20
122.73269839329726
 10
457.87442536433775
 20
122.70099297109408
 10
457.8194532254608
 20
122.66136119334011
 10
457.76882099228465
 20
122.61380306003537
 10
457.72252866480926
 20
122.5583185711798
 10
457.7010099657094
 20
122.52760394342047
 10
457.6807796761144
 20
122.49513376352871
 10
457.6440713070617
 20
122.42488153999679
 10
457.61236588485855
 20
122.34754683146699
 10
457.58566340950495
 20
122.26312963793934
 10
457.56396388100086
 20
122.17162995941385
 10
457.54726729934634
 20
122.07304779589049
 10
457.53557366454135
 20
121.96738314736926
 10
457.5288829765859
 20
121.85463601385018
 10
457.5274137376768
 20
121.79560651521646
 10
457.5274137376768
 20
120.13776253750535
 10
456.4424373124732
 20
120.13776253750535
 10
456.4424373124732
 20
121.89783540505786
 10
456.4420605845478
 20
121.96631700734034
 10
456.4390467611445
 20
122.09392229023788
 10
456.43301911433775
 20
122.20905034424561
 10
456.4239776441277
 20
122.31170116936347
 10
456.4119223505144
 20
122.40187476559151
 10
456.3968532334976
 20
122.47957113292969
 10
456.3787702930776
 20
122.54479027137805
 10
456.35767352925416
 20
122.59753218093655
 10
456.3459949635662
 20
122.61922417488212
 10
456.3333519743892
 20
122.63884416523788
 10
456.3045398226532
 20
122.6742867284612
 10
456.27102610640804
 20
122.7046660683669
 10
456.23281082565364
 20
122.72998218495499
 10
456.18989398039
 20
122.75023507822546
 10
456.14227557061724
 20
122.7654247481783
 10
456.0899555963352
 20
122.77555119481354
 10
456.0329340575439
 20
122.78061441813117
 10
456.00266020145733
 20
122.78124732104587
 10
455.96439594607267
 20
122.78025275932276
 10
455.89119017560546
 20
122.77229626553793
 10
455.82241472554114
 20
122.75638327796827
 10
455.75806959587976
 20
122.7325137966138
 10
455.69815478662133
 20
122.70068782147449
 10
455.64267029776573
 20
122.66090535255036
 10
455.59161612931314
 20
122.61316638984141
 10
455.5449922812634
 20
122.55747093334762
 10
455.5233417273896
 20
122.52663951993142
 10
455.5029042374357
 20
122.49395837240141
 10
455.46598490074473
 20
122.42346504299721
 10
455.43433975500966
 20
122.34613033446742
 10
455.4079688002304
 20
122.26195424681204
 10
455.386872036407
 20
122.17093678003107
 10
455.3710494635394
 20
122.07307793412451
 10
455.3605010816277
 20
121.96837770909237
 10
455.3552268906719
 20
121.85683610493463
 10
455.3545676168024
 20
121.79849978568367
 10
455.3545676168024
 20
120.13776253750535
 10
454.2695911915988
 20
120.13776253750535
 10
454.2695911915988
 20
123.51324474924988
 10
455.3545676168024
 20
123.51324474924988
 10
455.3545676168024
 20
123.01945992284612
 10
455.37974811133734
 20
123.05459356917059
 10
455.4314653209387
 20
123.12156072519288
 10
455.4849908245821
 20
123.18412769904629
 10
455.54032462226746
 20
123.24229449073081
 10
455.5974667139949
 20
123.29606110024646
 10
455.65641709976427
 20
123.34542752759322
 10
455.71717577957565
 20
123.3903937727711
 10
455.77974275342905
 20
123.4309598357801
 10
455.81170435062154
 20
123.44959279897128
 10
455.8440991849282
 20
123.4671106475032
 10
455.91013205569544
 20
123.49875579323832
 10
455.97782252933456
 20
123.52588020386841
 10
456.0471706058455
 20
123.54848387939347
 10
456.11817628522823
 20
123.56656681981354
 10
456.19083956748284
 20
123.58012902512858
 10
456.2651604526093
 20
123.5891704953386
 10
456.3411389406076
 20
123.59369123044362
 10
456.37974978568366
 20
123.59425632233176
 10
456.4230734971067
 20
123.59359704846227
 10
456.50782221120875
 20
123.58832285750643
 10
456.59003931365197
 20
123.57777447559472
 10
456.6697248044363
 20
123.56195190272717
 10
456.74687868356193
 20
123.54085513890377
 10
456.8215009510287
 20
123.51448418412451
 10
456.8935916068367
 20
123.48283903838941
 10
456.9631506509859
 20
123.44591970169844
 10
456.99698081868837
 20
123.42548221174454
 10
457.0301027378911
 20
123.40385802882554
 10
457.0932724764252
 20
123.35744514841406
 10
457.15234341513076
 20
123.30681291523788
 10
457.2073155540077
 20
123.25196132929705
 10
457.2581888930562
 20
123.19289039059151
 10
457.30496343227605
 20
123.12960009912129
 10
457.34763917166737
 20
123.0620904548864
 10
457.38621611123017
 20
122.99036145788683
 10
457.40396753107586
 20
122.95291470210029
 10
457.42994292153344
 20
122.99151047805935
 10
457.483679392815
 20
123.0651984602711
 10
457.5397967845853
 20
123.13421501620766
 10
457.5982950968442
 20
123.19856014586904
 10
457.65917432959174
 20
123.25823384925525
 10
457.7224344828279
 20
123.31323612636626
 10
457.7880755565527
 20
123.3635669772021
 10
457.8560975507662
 20
123.40922640176274
 10
457.8910013930562
 20
123.43030432918988
 10
457.92642135260394
 20
123.4501578908594
  0
LWPOLYLINE
  5
80
330
17
100
AcDbEntity
  8
LEGEND_TEXT
100
AcDbPolyline
 90
4
 70
1
 10
468.8624035576511
 20
121.47638234033433
 10
466.97020467209603
 20
121.47638234033433
 10
466.97020467209603
 20
122.35304329189884
 10
468.8624035576511
 20
122.35304329189884
  0
LWPOLYLINE
  5
81
330
17
100
AcDbEntity
  8
LEGEND_TEXT
100
AcDbPolyline
 90
214
 70
1
 10
446.61439686696315
 20
122.11842844178632
 10
446.6662949059687
 20
122.0408827656183
 10
446.7107789394021
 20
121.95836428083476
 10
446.74784896726317
 20
121.8708729874357
 10
446.7775049895521
 20
121.77840888542113
 10
446.7997470062688
 20
121.68097197479103
 10
446.8145750174132
 20
121.57856225554542
 10
446.8219890229854
 20
121.4711797276843
 10
446.822915773682
 20
121.41562366052293
 10
446.82241472554114
 20
121.37410541768243
 10
446.8184063404147
 20
121.2929506879889
 10
446.8103895701618
 20
121.21430496627866
 10
446.79836441478244
 20
121.13816825255171
 10
446.7823308742767
 20
121.06454054680802
 10
446.7622889486445
 20
120.99342184904762
 10
446.7382386378858
 20
120.92481215927052
 10
446.71017994200065
 20
120.85871147747669
 10
446.6781128609891
 20
120.79511980366615
 10
446.64203739485106
 20
120.73403713783888
 10
446.6019535435866
 20
120.6754634799949
 10
446.55786130719565
 20
120.6193988301342
 10
446.5097606856783
 20
120.56584318825679
 10
446.4576516790345
 20
120.51479655436268
 10
446.40153428726427
 20
120.46625892845182
 10
446.34140851036756
 20
120.42023031052426
 10
446.3098424774968
 20
120.39815687955422
 10
446.2773770067041
 20
120.37673707153476
 10
446.2096940676235
 20
120.33593743721201
 10
446.13834179854933
 20
120.29785777851077
 10
446.0633201994816
 20
120.26249809543104
 10
445.9846292704203
 20
120.22985838797283
 10
445.90226901136543
 20
120.19993865613614
 10
445.81623942231704
 20
120.17273889992097
 10
445.72654050327503
 20
120.1482591193273
 10
445.6331722542394
 20
120.12649931435517
 10
445.5361346752103
 20
120.10745948500454
 10
445.43542776618756
 20
120.09113963127544
 10
445.3310515271713
 20
120.07753975316785
 10
445.16760717490894
 20
120.06223989029682
 10
444.9368387169149
 20
120.05135998781076
 10
444.8159504929276
 20
120.05
 10
444.7291373097943
 20
120.05087400878696
 10
444.55542052882555
 20
120.05786607908271
 10
444.3815831949207
 20
120.07185021967423
 10
444.20762530807974
 20
120.0928264305615
 10
444.1206011573082
 20
120.10593656236605
 10
444.0336824903558
 20
120.12079471174454
 10
443.8605684740677
 20
120.15575506322331
 10
443.6884188812688
 20
120.19770748499785
 10
443.51723371195885
 20
120.24665197706815
 10
443.4320027861123
 20
120.27374624946421
 10
443.4320027861123
 20
121.16873124732103
 10
443.5134061562366
 20
121.12923509162022
 10
443.6756704082726
 20
121.05774720049291
 10
443.83721134269183
 20
120.99626520306472
 10
443.9980289594942
 20
120.94478909933562
 10
444.0781665237891
 20
120.92280325760822
 10
444.158289018967
 20
120.90336409665666
 10
444.31753944759964
 20
120.87226143913415
 10
444.47546379393486
 20
120.85152633411916
 10
444.6320620579726
 20
120.84115878161165
 10
444.70986390912987
 20
120.83986283754822
 10
444.7666481093281
 20
120.84048443862515
 10
444.8751758900825
 20
120.84545724724067
 10
444.97698284464747
 20
120.8554028644717
 10
445.07206897302297
 20
120.87032129031826
 10
445.16043427520896
 20
120.89021252478031
 10
445.24207875120555
 20
120.91507656785791
 10
445.31700240101264
 20
120.944913419551
 10
445.3852052246303
 20
120.97972307985961
 10
445.4167863266181
 20
120.99899271324475
 10
445.4465666691224
 20
121.01954698885555
 10
445.50036341687206
 20
121.06391046935276
 10
445.5464749149432
 20
121.11261385555079
 10
445.5849011633358
 20
121.16565714744962
 10
445.61564216204994
 20
121.22304034504928
 10
445.6386979110855
 20
121.28476344834976
 10
445.65406841044256
 20
121.35082645735105
 10
445.6617536601211
 20
121.42122937205315
 10
445.6627143163309
 20
121.45805829404199
 10
445.66173105644555
 20
121.49593075238425
 10
445.65386497736284
 20
121.56817209936241
 10
445.6381328191974
 20
121.63574202006535
 10
445.6145345819492
 20
121.69864051449314
 10
445.5830702656183
 20
121.75686758264573
 10
445.54373987020466
 20
121.81042322452313
 10
445.49654339570833
 20
121.85930744012538
 10
445.44148084212924
 20
121.90352022945243
 10
445.41099978568366
 20
121.92387483926274
 10
445.3785974168185
 20
121.943027686991
 10
445.3081643638823
 20
121.97762637966137
 10
445.2302268906719
 20
122.00728240195028
 10
445.1447849971871
 20
122.03199575385769
 10
445.051838683428
 20
122.05176643538363
 10
444.95138794939453
 20
122.06659444652807
 10
444.8434327950868
 20
122.07647978729103
 10
444.72797322050474
 20
122.08142245767252
 10
444.6674292756108
 20
122.08204029147021
 10
444.2035415773682
 20
122.08204029147021
 10
444.2035415773682
 20
122.82946849549936
 10
444.69153986283754
 20
122.82946849549936
 10
444.74539311977605
 20
122.83000344915345
 10
444.8478329772557
 20
122.83428307838619
 10
444.94325062620555
 20
122.84284233685169
 10
445.03164606662557
 20
122.85568122454993
 10
445.11301929851584
 20
122.87279974148092
 10
445.18737032187636
 20
122.89419788764465
 10
445.254699136707
 20
122.91987566304115
 10
445.31500574300793
 20
122.94983306767037
 10
445.3425257179597
 20
122.96641663094726
 10
445.36845213378695
 20
122.98409647248714
 10
445.41528694947493
 20
123.0228241032201
 10
445.45543107720744
 20
123.06604233082405
 10
445.48888451698457
 20
123.11375115529896
 10
445.5156472688063
 20
123.16595057664487
 10
445.53571933267256
 20
123.22264059486176
 10
445.54910070858335
 20
123.28382120994962
 10
445.5557913965388
 20
123.34949242190848
 10
445.55662773253323
 20
123.38401200171452
 10
445.5558140002143
 20
123.41586434780861
 10
445.54930414166313
 20
123.47683399525825
 10
445.5362844245607
 20
123.53415691638983
 10
445.516754848907
 20
123.58783311120338
 10
445.4907154147021
 20
123.63786257969889
 10
445.45816612194596
 20
123.68424532187633
 10
445.41910697063867
 20
123.72698133773574
 10
445.37353796078014
 20
123.7660706272771
 10
445.3483122588941
 20
123.78424774967851
 10
445.3217190346389
 20
123.80141524123982
 10
445.2644865282094
 20
123.83242748406022
 10
445.20185927788793
 20
123.8590094064777
 10
445.13383728367444
 20
123.88116100849228
 10
445.060420545569
 20
123.89888229010394
 10
444.98160906357157
 20
123.91217325131268
 10
444.8974028376822
 20
123.92103389211852
 10
444.80780186790076
 20
123.92546421252143
 10
444.76097835405056
 20
123.9260180025718
 10
444.6909521672739
 20
123.92502344084869
 10
444.5502668908058
 20
123.91706694706386
 10
444.40873774378485
 20
123.90115395949421
 10
444.2663647262109
 20
123.87728447813973
 10
444.19486176596655
 20
123.86236605229318
 10
444.12329852925416
 20
123.84574481622374
 10
443.9804432999357
 20
123.80680621785254
 10
443.83794972942565
 20
123.76027278450493
 10
443.695817817724
 20
123.70614451618087
 10
443.6248874839263
 20
123.67623231890269
 10
443.6248874839263
 20
124.52588941277324
 10
443.7106307597514
 20
124.54924654414916
 10
443.881574823189
 20
124.59144007179597
 10
444.05179556900987
 20
124.62760595263609
 10
444.2212929972139
 20
124.65774418666952
 10
444.3057704672096
 20
124.67055293613373
 10
444.389976693099
 20
124.68185477389626
 10
444.5573041684526
 20
124.69993771431632
 10
444.72318500857267
 20
124.71199300792969
 10
444.88761921345906
 20
124.71802065473639
 10
444.9692938276897
 20
124.71877411058722
 10
445.0771510327368
 20
124.71764769409023
 10
445.2825129594406
 20
124.70863636211422
 10
445.4740715749571
 20
124.69061369816222
 10
445.6518268792863
 20
124.66357970223424
 10
445.8157788724282
 20
124.62753437433025
 10
445.92968444431796
 20
124.59458669179301
 10
446.0013079574984
 20
124.56980552885904
 10
446.069480642882
 20
124.54277153293104
 10
446.1342025004688
 20
124.51348470400904
 10
446.19547353025877
 20
124.48194504209306
 10
446.2532937322519
 20
124.44815254718307
 10
446.28090977282466
 20
124.43041148735533
 10
446.3077290338352
 20
124.41216467028772
 10
446.35881334052186
 20
124.37396445865033
 10
446.40649202676275
 20
124.33348881034344
 10
446.45076509255784
 20
124.29073772536701
 10
446.4916325379072
 20
124.24571120372107
 10
446.5290943628108
 20
124.19840924540559
 10
446.5631505672685
 20
124.14883185042059
 10
446.59380115128056
 20
124.09697901876606
 10
446.62104611484676
 20
124.04285075044203
 10
446.64488545796723
 20
123.98644704544844
 10
446.66531918064186
 20
123.92776790378537
 10
446.68234728287075
 20
123.86681332545274
 10
446.6959697646539
 20
123.80358331045059
 10
446.7061866259912
 20
123.73807785877892
 10
446.7129978668828
 20
123.67029697043773
 10
446.71640348732853
 20
123.60024064542702
 10
446.71682918988427
 20
123.56435919417059
 10
446.7160154575654
 20
123.51561060062151
 10
446.70950559901416
 20
123.42145875750106
 10
446.6964858819117
 20
123.33176737301757
 10
446.67695630625803
 20
123.24653644717102
 10
446.65091687205313
 20
123.16576597996142
 10
446.61836757929706
 20
123.08945597138876
 10
446.5793084279897
 20
123.01760642145305
 10
446.5337394181312
 20
122.9502173301543
 10
446.50851371624515
 20
122.91819545649378
 10
446.4818150081708
 20
122.88731506844726
 10
446.42373863118837
 20
122.82905786206064
 10
446.359423639761
 20
122.7754720819492
 10
446.28887003388877
 20
122.72655772811294
 10
446.21207781357157
 20
122.68231480055186
 10
446.12904697880947
 20
122.64274329926596
 10
446.0397775296025
 20
122.60784322425525
 10
445.94426946595047
 20
122.5776145755197
 10
445.89417595370765
 20
122.56425203600514
 10
445.9502217671721
 20
122.54886646753107
 10
446.0571823597568
 20
122.51402666898842
 10
446.1573015732158
 20
122.47376198831975
 10
446.2505794075493
 20
122.42807242552507
 10
446.3370158627572
 20
122.37695798060437
 10
446.4166109388395
 20
122.32041865355765
 10
446.48936463579616
 20
122.25845444438491
 10
446.5552769536273
 20
122.19106535308615
 10
446.58566759537075
 20
122.15533647663952
  0
LWPOLYLINE
  5
82
330
17
100
AcDbEntity
  8
LEGEND_TEXT
100
AcDbPolyline
 90
136
 70
1
 10
451.14339361538254
 20
121.23545070473236
 10
451.1057208228408
 20
121.13558766626258
 10
451.0642807510448
 20
121.03971040924372
 10
451.0190733999946
 20
120.94781893367579
 10
450.9700987696903
 20
120.85991323955878
 10
450.9173568601318
 20
120.77599332689267
 10
450.8608476713191
 20
120.69605919567749
 10
450.83118034719246
 20
120.65758679811401
 10
450.8006474906571
 20
120.62020596971442
 10
450.73721404257526
 20
120.54900439181043
 10
450.6706236144784
 20
120.48254958576672
 10
450.60087620636654
 20
120.42084155158327
 10
450.5279718182397
 20
120.36388028926007
 10
450.4519104500978
 20
120.31166579879715
 10
450.3726921019409
 20
120.26419808019449
 10
450.290316773769
 20
120.2214771334521
 10
450.2047844655821
 20
120.18350295856996
 10
450.11609517738026
 20
120.1502755555481
 10
450.02424890916336
 20
120.1217949243865
 10
449.9292456609315
 20
120.09806106508518
 10
449.8310854326846
 20
120.07907397764413
 10
449.7297682244227
 20
120.06483366206332
 10
449.62529403614576
 20
120.0553401183428
 10
449.5176628678539
 20
120.05059334648253
 10
449.4626634162023
 20
120.05
 10
449.407485960606
 20
120.05059334648253
 10
449.2995157371812
 20
120.0553401183428
 10
449.19472509744696
 20
120.06483366206332
 10
449.0931140414032
 20
120.07907397764413
 10
448.99468256905004
 20
120.09806106508518
 10
448.89943068038735
 20
120.1217949243865
 10
448.8073583754152
 20
120.1502755555481
 10
448.71846565413364
 20
120.18350295856996
 10
448.63275251654255
 20
120.2214771334521
 10
448.55021896264196
 20
120.26419808019449
 10
448.470864992432
 20
120.31166579879715
 10
448.39469060591244
 20
120.36388028926007
 10
448.32169580308346
 20
120.42084155158327
 10
448.251880583945
 20
120.48254958576672
 10
448.1852449484971
 20
120.54900439181043
 10
448.1217888967397
 20
120.62020596971442
 10
448.09125321474494
 20
120.65758679811401
 10
448.0615858906183
 20
120.69605919567749
 10
448.0050767018056
 20
120.77599332689267
 10
447.9523347922471
 20
120.85991323955878
 10
447.90336016194277
 20
120.94781893367579
 10
447.85815281089265
 20
121.03971040924372
 10
447.81671273909666
 20
121.13558766626258
 10
447.77903994655486
 20
121.23545070473236
 10
447.74513443326725
 20
121.33929952465307
 10
447.71499619923384
 20
121.4471341260247
 10
447.68862524445456
 20
121.55895450884725
 10
447.6660215689295
 20
121.67476067312072
 10
447.6471851726586
 20
121.7945526188451
 10
447.63211605564186
 20
121.91833034602041
 10
447.62081421787934
 20
122.04609385464664
 10
447.61327965937096
 20
122.1778431447238
 10
447.6095123801168
 20
122.31357821625187
 10
447.60904147021006
 20
122.38294042006001
 10
447.6095123801168
 20
122.45253902064134
 10
447.61327965937096
 20
122.5887186311214
 10
447.62081421787934
 20
122.72087478735801
 10
447.63211605564186
 20
122.84900748935115
 10
447.6471851726586
 20
122.97311673710084
 10
447.6660215689295
 20
123.09320253060704
 10
447.68862524445456
 20
123.2092648698698
 10
447.71499619923384
 20
123.32130375488909
 10
447.74513443326725
 20
123.42931918566491
 10
447.77903994655486
 20
123.53331116219726
 10
447.81671273909666
 20
123.63327968448617
 10
447.85815281089265
 20
123.72922475253161
 10
447.90336016194277
 20
123.82114636633358
 10
447.9523347922471
 20
123.90904452589209
 10
448.0050767018056
 20
123.99291923120714
 10
448.0615858906183
 20
124.07277048227871
 10
448.09125321474494
 20
124.1111873124732
 10
448.1217888967397
 20
124.1485681408728
 10
448.1852449484971
 20
124.21976971877677
 10
448.251880583945
 20
124.28622452482051
 10
448.32169580308346
 20
124.34793255900397
 10
448.39469060591244
 20
124.40489382132715
 10
448.470864992432
 20
124.45710831179008
 10
448.55021896264196
 20
124.50457603039273
 10
448.63275251654255
 20
124.54729697713512
 10
448.71846565413364
 20
124.58527115201724
 10
448.8073583754152
 20
124.61849855503911
 10
448.89943068038735
 20
124.6469791862007
 10
448.99468256905004
 20
124.67071304550203
 10
449.0931140414032
 20
124.6897001329431
 10
449.19472509744696
 20
124.7039404485239
 10
449.2995157371812
 20
124.71343399224443
 10
449.407485960606
 20
124.71818076410469
 10
449.4626634162023
 20
124.71877411058722
 10
449.5176628678539
 20
124.71818076410469
 10
449.62529403614576
 20
124.71343399224443
 10
449.7297682244227
 20
124.7039404485239
 10
449.8310854326846
 20
124.6897001329431
 10
449.9292456609315
 20
124.67071304550203
 10
450.02424890916336
 20
124.6469791862007
 10
450.11609517738026
 20
124.61849855503911
 10
450.2047844655821
 20
124.58527115201724
 10
450.290316773769
 20
124.54729697713512
 10
450.3726921019409
 20
124.50457603039273
 10
450.4519104500978
 20
124.45710831179008
 10
450.5279718182397
 20
124.40489382132715
 10
450.60087620636654
 20
124.34793255900397
 10
450.6706236144784
 20
124.28622452482051
 10
450.73721404257526
 20
124.21976971877677
 10
450.8006474906571
 20
124.1485681408728
 10
450.83118034719246
 20
124.1111873124732
 10
450.8608476713191
 20
124.07277048227871
 10
450.9173568601318
 20
123.99291923120714
 10
450.9700987696903
 20
123.90904452589209
 10
451.0190733999946
 20
123.82114636633358
 10
451.0642807510448
 20
123.72922475253161
 10
451.1057208228408
 20
123.63327968448617
 10
451.14339361538254
 20
123.53331116219726
 10
451.17729912867014
 20
123.42931918566491
 10
451.2074373627036
 20
123.32130375488909
 10
451.23380831748284
 20
123.2092648698698
 10
451.25641199300793
 20
123.09320253060704
 10
451.27524838927883
 20
122.97311673710084
 10
451.29031750629554
 20
122.84900748935115
 10
451.30161934405805
 20
122.72087478735801
 10
451.30915390256644
 20
122.5887186311214
 10
451.3129211818206
 20
122.45253902064134
 10
451.3133920917274
 20
122.38294042006001
 10
451.3129211818206
 20
122.31357821625187
 10
451.30915390256644
 20
122.1778431447238
 10
451.30161934405805
 20
122.04609385464664
 10
451.29031750629554
 20
121.91833034602041
 10
451.27524838927883
 20
121.7945526188451
 10
451.25641199300793
 20
121.67476067312072
 10
451.23380831748284
 20
121.55895450884725
 10
451.2074373627036
 20
121.4471341260247
 10
451.17729912867014
 20
121.33929952465307
  0
LWPOLYLINE
  5
83
330
17
100
AcDbEntity
  8
LEGEND_TEXT
100
AcDbPolyline
 90
84
 70
1
 10
449.97441063009
 20
123.62256365864766
 10
449.9281183026147
 20
123.69809007313543
 10
449.8750750107158
 20
123.76282699983926
 10
449.83086222138877
 20
123.80429909350889
 10
449.79927735212175
 20
123.82857544102282
 10
449.7660047417488
 20
123.85015441659075
 10
449.73104439027003
 20
123.8690360202127
 10
449.6943962976854
 20
123.88522025188865
 10
449.65606046399483
 20
123.89870711161862
 10
449.5953921988856
 20
123.91387982881483
 10
449.5085940848693
 20
123.9246693165988
 10
449.4626634162023
 20
123.9260180025718
 10
449.41684199863374
 20
123.9246693165988
 10
449.33019457578763
 20
123.91387982881483
 10
449.26957999440765
 20
123.89870711161862
 10
449.23125169527566
 20
123.88522025188865
 10
449.194588533574
 20
123.8690360202127
 10
449.1595905093027
 20
123.85015441659075
 10
449.1262576224617
 20
123.82857544102282
 10
449.09458987305106
 20
123.80429909350889
 10
449.05021038161703
 20
123.76282699983926
 10
448.9968657073778
 20
123.69809007313543
 10
448.95018158286007
 20
123.62256365864766
 10
448.92933722674667
 20
123.58075439348478
 10
448.90995080770466
 20
123.53576554463137
 10
448.8749301797578
 20
123.43407914300256
 10
448.8449124986605
 20
123.31678113614444
 10
448.81989776441276
 20
123.183871524057
 10
448.7998859770146
 20
123.03535030674024
 10
448.7848771364659
 20
122.87121748419416
 10
448.77487124276684
 20
122.69147305641877
 10
448.76986829591726
 20
122.49611702341406
 10
448.7692429275611
 20
122.3925846549507
 10
448.76986829591726
 20
122.28786182624303
 10
448.77487124276684
 20
122.09021528745177
 10
448.7848771364659
 20
121.90830090682597
 10
448.7998859770146
 20
121.74211868436562
 10
448.81989776441276
 20
121.59166862007072
 10
448.8449124986605
 20
121.45695071394127
 10
448.8749301797578
 20
121.33796496597728
 10
448.90995080770466
 20
121.23471137617874
 10
448.92933722674667
 20
121.18898414059151
 10
448.95018158286007
 20
121.1467077328011
 10
448.9968657073778
 20
121.07033744776038
 10
449.05021038161703
 20
121.00487720343978
 10
449.09458987305106
 20
120.96294173442188
 10
449.1262576224617
 20
120.93839414280164
 10
449.1595905093027
 20
120.91657406136144
 10
449.194588533574
 20
120.89748149010126
 10
449.23125169527566
 20
120.8811164290211
 10
449.26957999440765
 20
120.86747887812098
 10
449.33019457578763
 20
120.85213663335833
 10
449.41684199863374
 20
120.84122659263824
 10
449.4626634162023
 20
120.83986283754822
 10
449.5082474951779
 20
120.84122659263824
 10
449.5944428445135
 20
120.85213663335833
 10
449.65473814897666
 20
120.86747887812098
 10
449.69286301502893
 20
120.8811164290211
 10
449.7293302782094
 20
120.89748149010126
 10
449.764139938518
 20
120.91657406136144
 10
449.79729199595477
 20
120.93839414280164
 10
449.8287864505197
 20
120.96294173442188
 10
449.8729201269824
 20
121.00487720343978
 10
449.9259634188813
 20
121.07033744776038
 10
449.97237629929276
 20
121.1467077328011
 10
449.9930963351907
 20
121.18898414059151
 10
450.01248275423274
 20
121.23471137617874
 10
450.04750338217957
 20
121.33796496597728
 10
450.0775210632769
 20
121.45695071394127
 10
450.10253579752464
 20
121.59166862007072
 10
450.1225475849228
 20
121.74211868436562
 10
450.1375564254715
 20
121.90830090682597
 10
450.1475623191706
 20
122.09021528745177
 10
450.15256526602013
 20
122.28786182624303
 10
450.15319063437636
 20
122.3925846549507
 10
450.15257280057864
 20
122.49611702341406
 10
450.1476301301972
 20
122.69147305641877
 10
450.13774478943424
 20
122.87121748419416
 10
450.1229167782898
 20
123.03535030674024
 10
450.1031460967638
 20
123.183871524057
 10
450.0784327448564
 20
123.31678113614444
 10
450.0487767225675
 20
123.43407914300256
 10
450.01417802989715
 20
123.53576554463137
 10
449.9950251821689
 20
123.58075439348478
  0
LWPOLYLINE
  5
84
330
17
100
AcDbEntity
  8
LEGEND_TEXT
100
AcDbPolyline
 90
4
 70
1
 10
470.11060865837976
 20
128.33776253750534
 10
470.11060865837976
 20
129.50375053579083
 10
471.1955850835834
 20
129.50375053579083
 10
471.1955850835834
 20
128.33776253750534
  0
LWPOLYLINE
  5
85
330
17
100
AcDbEntity
  8
LEGEND_TEXT
100
AcDbPolyline
 90
168
 70
1
 10
453.91526350862625
 20
131.65015789085942
 10
453.9874144409023
 20
131.6860223893592
 10
454.0613133907523
 20
131.7167633880733
 10
454.13696035817617
 20
131.74238088700173
 10
454.214355343174
 20
131.76287488614446
 10
454.29349834574583
 20
131.7782453855015
 10
454.37438936589155
 20
131.78849238507286
 10
454.4570284036112
 20
131.79361588485855
 10
454.4990034290613
 20
131.79425632233176
 10
454.57061564040396
 20
131.7928548944492
 10
454.70735280821367
 20
131.78164347138878
 10
454.80422933605473
 20
131.76587740771004
 10
454.86611066508385
 20
131.75186312888448
 10
454.9258295758211
 20
131.73504599429384
 10
454.98338606826644
 20
131.71542600393806
 10
455.0387801424199
 20
131.6930031578172
 10
455.0920117982815
 20
131.6677774559312
 10
455.1430810358511
 20
131.63974889828012
 10
455.19198785512884
 20
131.60891748486392
 10
455.2387322561147
 20
131.5752832156826
 10
455.28331423880866
 20
131.53884609073617
 10
455.3257338032107
 20
131.49960611002464
 10
455.3659909493209
 20
131.457563273548
 10
455.3853086155165
 20
131.43549078439776
 10
455.4040583643646
 20
131.41280893782817
 10
455.4397721716942
 20
131.36552958318822
 10
455.47310505853517
 20
131.31569601321394
 10
455.5040570248875
 20
131.26330822790533
 10
455.5326280707512
 20
131.2083662272624
 10
455.55881819612625
 20
131.1508700112851
 10
455.5936391582726
 20
131.0598365335673
 10
455.63173388609084
 20
130.92951880960672
 10
455.66030493195456
 20
130.78898422430882
 10
455.67935229586374
 20
130.63823277767358
 10
455.68887597781827
 20
130.47726446970103
 10
455.69006643806256
 20
130.39294899271323
 10
455.69006643806256
 20
128.33776253750534
 10
454.60509001285897
 20
128.33776253750534
 10
454.60509001285897
 20
130.09783540505788
 10
454.6075010715817
 20
130.13785897985426
 10
454.60894770681523
 20
130.17884697813975
 10
454.61039434204883
 20
130.2302025289327
 10
454.6108765537934
 20
130.29939991427347
 10
454.61046215307545
 20
130.34347331426812
 10
454.6071469473318
 20
130.42698636077475
 10
454.6005165358444
 20
130.50432106930452
 10
454.59057091861337
 20
130.57547743985748
 10
454.57731009563867
 20
130.64045547243356
 10
454.5607340669203
 20
130.6992551670328
 10
454.5408428324582
 20
130.75187652365517
 10
454.5176363922525
 20
130.79831954230067
 10
454.5047899699957
 20
130.81922417488212
 10
454.4911411172578
 20
130.8388441652379
 10
454.4607919155861
 20
130.87428672846121
 10
454.42637405232
 20
130.9046660683669
 10
454.38788752745927
 20
130.929982184955
 10
454.34533234100405
 20
130.95023507822546
 10
454.29870849295435
 20
130.9654247481783
 10
454.2480159833101
 20
130.97555119481353
 10
454.19325481207136
 20
130.98061441813115
 10
454.16434847835404
 20
130.98124732104586
 10
454.12655513287615
 20
130.980256526602
 10
454.0542233711959
 20
130.97233017105123
 10
453.98623151521645
 20
130.95647745994964
 10
453.92257956493785
 20
130.93269839329724
 10
453.86326752036007
 20
130.90099297109407
 10
453.80829538148305
 20
130.86136119334012
 10
453.7576631483069
 20
130.81380306003535
 10
453.7113708208316
 20
130.7583185711798
 10
453.6898521217317
 20
130.7276039434205
 10
453.6696218321367
 20
130.6951337635287
 10
453.63291346308404
 20
130.62488153999678
 10
453.60120804088086
 20
130.547546831467
 10
453.5745055655272
 20
130.46312963793935
 10
453.5528060370232
 20
130.37162995941384
 10
453.53610945536866
 20
130.27304779589048
 10
453.52441582056366
 20
130.16738314736926
 10
453.51772513260823
 20
130.0546360138502
 10
453.5162558936991
 20
129.99560651521645
 10
453.5162558936991
 20
128.33776253750534
 10
452.4312794684955
 20
128.33776253750534
 10
452.4312794684955
 20
130.09783540505788
 10
452.4309027405701
 20
130.16631700734033
 10
452.42788891716674
 20
130.2939222902379
 10
452.42186127036007
 20
130.4090503442456
 10
452.41281980015003
 20
130.51170116936348
 10
452.40076450653663
 20
130.6018747655915
 10
452.3856953895199
 20
130.6795711329297
 10
452.36761244909985
 20
130.74479027137806
 10
452.3465156852765
 20
130.79753218093657
 10
452.33483711958854
 20
130.81922417488212
 10
452.3221941304115
 20
130.8388441652379
 10
452.29338197867554
 20
130.87428672846121
 10
452.25986826243036
 20
130.9046660683669
 10
452.22165298167596
 20
130.929982184955
 10
452.17873613641234
 20
130.95023507822546
 10
452.1311177266395
 20
130.9654247481783
 10
452.0787977523575
 20
130.97555119481353
 10
452.0217762135662
 20
130.98061441813115
 10
451.99150235747965
 20
130.98124732104586
 10
451.95323810209493
 20
130.98025275932275
 10
451.8800323316277
 20
130.97229626553792
 10
451.81125688156345
 20
130.95638327796829
 10
451.7469117519021
 20
130.9325137966138
 10
451.6869969426436
 20
130.9006878214745
 10
451.63151245378805
 20
130.86090535255036
 10
451.5804582853354
 20
130.8131663898414
 10
451.5338344372857
 20
130.75747093334763
 10
451.5121838834119
 20
130.7266395199314
 10
451.491746393458
 20
130.69395837240143
 10
451.45482705676704
 20
130.62346504299722
 10
451.4231819110319
 20
130.54613033446742
 10
451.3968109562527
 20
130.46195424681204
 10
451.37571419242926
 20
130.37093678003106
 10
451.3598916195617
 20
130.2730779341245
 10
451.34934323765003
 20
130.16837770909237
 10
451.3440690466942
 20
130.05683610493463
 10
451.3434097728247
 20
129.99849978568366
 10
451.3434097728247
 20
128.33776253750534
 10
450.2584333476211
 20
128.33776253750534
 10
450.2584333476211
 20
131.7132447492499
 10
451.3434097728247
 20
131.7132447492499
 10
451.3434097728247
 20
131.2194599228461
 10
451.36859026735965
 20
131.2545935691706
 10
451.420307476961
 20
131.32156072519288
 10
451.47383298060436
 20
131.3841276990463
 10
451.5291667782898
 20
131.44229449073083
 10
451.58630887001715
 20
131.49606110024646
 10
451.6452592557865
 20
131.54542752759323
 10
451.70601793559797
 20
131.5903937727711
 10
451.76858490945136
 20
131.63095983578012
 10
451.8005465066438
 20
131.64959279897127
 10
451.83294134095047
 20
131.66711064750322
 10
451.89897421171776
 20
131.69875579323832
 10
451.9666646853568
 20
131.7258802038684
 10
452.03601276186777
 20
131.7484838793935
 10
452.10701844125055
 20
131.76656681981353
 10
452.17968172350515
 20
131.7801290251286
 10
452.2540026086316
 20
131.78917049533862
 10
452.32998109662987
 20
131.79369123044364
 10
452.368591941706
 20
131.79425632233176
 10
452.41191565312903
 20
131.7935970484623
 10
452.496664367231
 20
131.78832285750644
 10
452.57888146967423
 20
131.77777447559473
 10
452.65856696045864
 20
131.76195190272716
 10
452.73572083958425
 20
131.74085513890378
 10
452.81034310705104
 20
131.7144841841245
 10
452.88243376285897
 20
131.6828390383894
 10
452.95199280700814
 20
131.64591970169846
 10
452.9858229747107
 20
131.62548221174453
 10
453.01894489391344
 20
131.60385802882553
 10
453.0821146324475
 20
131.55744514841405
 10
453.141185571153
 20
131.5068129152379
 10
453.19615771003
 20
131.45196132929703
 10
453.24703104907843
 20
131.3928903905915
 10
453.2938055882983
 20
131.3296000991213
 10
453.3364813276897
 20
131.26209045488642
 10
453.3750582672525
 20
131.19036145788684
 10
453.3928096870982
 20
131.1529147021003
 10
453.41878507755575
 20
131.19151047805937
 10
453.47252154883734
 20
131.2651984602711
 10
453.5286389406076
 20
131.33421501620768
 10
453.58713725286646
 20
131.39856014586906
 10
453.648016485614
 20
131.45823384925524
 10
453.7112766388502
 20
131.51323612636628
 10
453.776917712575
 20
131.5635669772021
 10
453.84493970678847
 20
131.60922640176275
 10
453.87984354907843
 20
131.63030432918987
  0
LWPOLYLINE
  5
86
330
17
100
AcDbEntity
  8
LEGEND_TEXT
100
AcDbPolyline
 90
4
 70
1
 10
464.8512457136734
 20
129.67638234033433
 10
462.9590468281183
 20
129.67638234033433
 10
462.9590468281183
 20
130.55304329189883
 10
464.8512457136734
 20
130.55304329189883
  0
LWPOLYLINE
  5
87
330
17
100
AcDbEntity
  8
LEGEND_TEXT
100
AcDbPolyline
 90
136
 70
1
 10
442.8714429349282
 20
129.53929952465307
 10
442.8375374216406
 20
129.43545070473238
 10
442.7998646290988
 20
129.3355876662626
 10
442.7584245573028
 20
129.23971040924374
 10
442.7132172062527
 20
129.1478189336758
 10
442.6642425759484
 20
129.05991323955877
 10
442.6115006663898
 20
128.97599332689268
 10
442.5549914775772
 20
128.8960591956775
 10
442.52532415345047
 20
128.85758679811403
 10
442.4947912969152
 20
128.82020596971444
 10
442.43135784883333
 20
128.74900439181044
 10
442.3647674207364
 20
128.6825495857667
 10
442.2950200126246
 20
128.62084155158325
 10
442.2221156244977
 20
128.56388028926006
 10
442.1460542563558
 20
128.51166579879714
 10
442.0668359081989
 20
128.46419808019448
 10
441.9844605800271
 20
128.4214771334521
 10
441.8989282718402
 20
128.38350295856998
 10
441.81023898363827
 20
128.3502755555481
 10
441.7183927154214
 20
128.32179492438652
 10
441.6233894671895
 20
128.2980610650852
 10
441.52522923894264
 20
128.27907397764412
 10
441.42391203068075
 20
128.26483366206332
 10
441.31943784240383
 20
128.2553401183428
 10
441.2118066741119
 20
128.25059334648253
 10
441.1568072224604
 20
128.25
 10
441.101629766864
 20
128.25059334648253
 10
440.99365954343926
 20
128.2553401183428
 10
440.888868903705
 20
128.26483366206332
 10
440.7872578476613
 20
128.27907397764412
 10
440.68882637530805
 20
128.2980610650852
 10
440.5935744866454
 20
128.32179492438652
 10
440.5015021816733
 20
128.3502755555481
 10
440.41260946039165
 20
128.38350295856998
 10
440.32689632280056
 20
128.4214771334521
 10
440.24436276890003
 20
128.46419808019448
 10
440.16500879869
 20
128.51166579879714
 10
440.0888344121705
 20
128.56388028926006
 10
440.0158396093415
 20
128.62084155158325
 10
439.9460243902031
 20
128.6825495857667
 10
439.87938875475515
 20
128.74900439181044
 10
439.81593270299777
 20
128.82020596971444
 10
439.785397021003
 20
128.85758679811403
 10
439.75572969687636
 20
128.8960591956775
 10
439.69922050806366
 20
128.97599332689268
 10
439.64647859850515
 20
129.05991323955877
 10
439.59750396820084
 20
129.1478189336758
 10
439.55229661715066
 20
129.23971040924374
 10
439.5108565453547
 20
129.3355876662626
 10
439.47318375281293
 20
129.43545070473238
 10
439.43927823952527
 20
129.53929952465307
 10
439.40914000549185
 20
129.6471341260247
 10
439.3827690507126
 20
129.75895450884724
 10
439.36016537518753
 20
129.8747606731207
 10
439.34132897891664
 20
129.9945526188451
 10
439.3262598618999
 20
130.1183303460204
 10
439.31495802413735
 20
130.24609385464663
 10
439.30742346562903
 20
130.37784314472378
 10
439.30365618637484
 20
130.51357821625186
 10
439.30318527646807
 20
130.58294042006
 10
439.30365618637484
 20
130.65253902064134
 10
439.30742346562903
 20
130.7887186311214
 10
439.31495802413735
 20
130.920874787358
 10
439.3262598618999
 20
131.04900748935114
 10
439.34132897891664
 20
131.17311673710083
 10
439.36016537518753
 20
131.29320253060706
 10
439.3827690507126
 20
131.4092648698698
 10
439.40914000549185
 20
131.5213037548891
 10
439.43927823952527
 20
131.6293191856649
 10
439.47318375281293
 20
131.73331116219728
 10
439.5108565453547
 20
131.83327968448617
 10
439.55229661715066
 20
131.9292247525316
 10
439.59750396820084
 20
132.0211463663336
 10
439.64647859850515
 20
132.1090445258921
 10
439.69922050806366
 20
132.19291923120713
 10
439.75572969687636
 20
132.2727704822787
 10
439.785397021003
 20
132.3111873124732
 10
439.81593270299777
 20
132.3485681408728
 10
439.87938875475515
 20
132.4197697187768
 10
439.9460243902031
 20
132.4862245248205
 10
440.0158396093415
 20
132.54793255900395
 10
440.0888344121705
 20
132.60489382132715
 10
440.16500879869
 20
132.65710831179007
 10
440.24436276890003
 20
132.70457603039273
 10
440.32689632280056
 20
132.74729697713514
 10
440.41260946039165
 20
132.78527115201726
 10
440.5015021816733
 20
132.81849855503913
 10
440.5935744866454
 20
132.8469791862007
 10
440.68882637530805
 20
132.87071304550204
 10
440.7872578476613
 20
132.8897001329431
 10
440.888868903705
 20
132.90394044852388
 10
440.99365954343926
 20
132.91343399224442
 10
441.101629766864
 20
132.9181807641047
 10
441.1568072224604
 20
132.9187741105872
 10
441.2118066741119
 20
132.9181807641047
 10
441.31943784240383
 20
132.91343399224442
 10
441.42391203068075
 20
132.90394044852388
 10
441.52522923894264
 20
132.8897001329431
 10
441.6233894671895
 20
132.87071304550204
 10
441.7183927154214
 20
132.8469791862007
 10
441.81023898363827
 20
132.81849855503913
 10
441.8989282718402
 20
132.78527115201726
 10
441.9844605800271
 20
132.74729697713514
 10
442.0668359081989
 20
132.70457603039273
 10
442.1460542563558
 20
132.65710831179007
 10
442.2221156244977
 20
132.60489382132715
 10
442.2950200126246
 20
132.54793255900395
 10
442.3647674207364
 20
132.4862245248205
 10
442.43135784883333
 20
132.4197697187768
 10
442.4947912969152
 20
132.3485681408728
 10
442.52532415345047
 20
132.3111873124732
 10
442.5549914775772
 20
132.2727704822787
 10
442.6115006663898
 20
132.19291923120713
 10
442.6642425759484
 20
132.1090445258921
 10
442.7132172062527
 20
132.0211463663336
 10
442.7584245573028
 20
131.9292247525316
 10
442.7998646290988
 20
131.83327968448617
 10
442.8375374216406
 20
131.73331116219728
 10
442.8714429349282
 20
131.6293191856649
 10
442.9015811689616
 20
131.5213037548891
 10
442.9279521237409
 20
131.4092648698698
 10
442.950555799266
 20
131.29320253060706
 10
442.9693921955369
 20
131.17311673710083
 10
442.98446131255355
 20
131.04900748935114
 10
442.9957631503161
 20
130.920874787358
 10
443.00329770882445
 20
130.7887186311214
 10
443.00706498807864
 20
130.65253902064134
 10
443.00753589798546
 20
130.58294042006
 10
443.00706498807864
 20
130.51357821625186
 10
443.00329770882445
 20
130.37784314472378
 10
442.9957631503161
 20
130.24609385464663
 10
442.98446131255355
 20
130.1183303460204
 10
442.9693921955369
 20
129.9945526188451
 10
442.950555799266
 20
129.8747606731207
 10
442.9279521237409
 20
129.75895450884724
 10
442.9015811689616
 20
129.6471341260247
  0
LWPOLYLINE
  5
88
330
17
100
AcDbEntity
  8
LEGEND_TEXT
100
AcDbPolyline
 90
84
 70
1
 10
441.6891689884269
 20
131.78075439348478
 10
441.6685544363481
 20
131.82256365864765
 10
441.6222621088727
 20
131.89809007313545
 10
441.56921881697383
 20
131.96282699983925
 10
441.5250060276468
 20
132.0042990935089
 10
441.49342115837976
 20
132.02857544102284
 10
441.4601485480068
 20
132.05015441659077
 10
441.4251881965281
 20
132.0690360202127
 10
441.38854010394346
 20
132.08522025188864
 10
441.3502042702529
 20
132.09870711161864
 10
441.2895360051436
 20
132.11387982881485
 10
441.2027378911273
 20
132.12466931659878
 10
441.1568072224604
 20
132.1260180025718
 10
441.11098580489175
 20
132.12466931659878
 10
441.02433838204564
 20
132.11387982881485
 10
440.9637238006657
 20
132.09870711161864
 10
440.92539550153367
 20
132.08522025188864
 10
440.888732339832
 20
132.0690360202127
 10
440.8537343155607
 20
132.05015441659077
 10
440.8204014287197
 20
132.02857544102284
 10
440.7887336793091
 20
132.0042990935089
 10
440.74435418787505
 20
131.96282699983925
 10
440.6910095136359
 20
131.89809007313545
 10
440.6443253891181
 20
131.82256365864765
 10
440.62348103300474
 20
131.78075439348478
 10
440.60409461396273
 20
131.73576554463136
 10
440.56907398601584
 20
131.63407914300257
 10
440.5390563049186
 20
131.51678113614446
 10
440.5140415706708
 20
131.383871524057
 10
440.4940297832726
 20
131.23535030674026
 10
440.479020942724
 20
131.07121748419416
 10
440.46901504902485
 20
130.89147305641876
 10
440.46401210217533
 20
130.69611702341405
 10
440.4633867338191
 20
130.5925846549507
 10
440.46401210217533
 20
130.48786182624303
 10
440.46901504902485
 20
130.2902152874518
 10
440.479020942724
 20
130.10830090682597
 10
440.4940297832726
 20
129.94211868436562
 10
440.5140415706708
 20
129.7916686200707
 10
440.5390563049186
 20
129.65695071394128
 10
440.56907398601584
 20
129.53796496597727
 10
440.60409461396273
 20
129.43471137617874
 10
440.62348103300474
 20
129.3889841405915
 10
440.6443253891181
 20
129.34670773280112
 10
440.6910095136359
 20
129.2703374477604
 10
440.74435418787505
 20
129.20487720343976
 10
440.7887336793091
 20
129.16294173442188
 10
440.8204014287197
 20
129.13839414280164
 10
440.8537343155607
 20
129.11657406136143
 10
440.888732339832
 20
129.09748149010125
 10
440.92539550153367
 20
129.0811164290211
 10
440.9637238006657
 20
129.067478878121
 10
441.02433838204564
 20
129.05213663335834
 10
441.11098580489175
 20
129.04122659263822
 10
441.1568072224604
 20
129.0398628375482
 10
441.2023913014359
 20
129.04122659263822
 10
441.28858665077155
 20
129.05213663335834
 10
441.3488819552347
 20
129.067478878121
 10
441.38700682128695
 20
129.0811164290211
 10
441.42347408446744
 20
129.09748149010125
 10
441.45828374477605
 20
129.11657406136143
 10
441.49143580221283
 20
129.13839414280164
 10
441.5229302567777
 20
129.16294173442188
 10
441.56706393324043
 20
129.20487720343976
 10
441.6201072251393
 20
129.2703374477604
 10
441.6665201055508
 20
129.34670773280112
 10
441.6872401414488
 20
129.3889841405915
 10
441.7066265604908
 20
129.43471137617874
 10
441.74164718843764
 20
129.53796496597727
 10
441.77166486953496
 20
129.65695071394128
 10
441.7966796037827
 20
129.7916686200707
 10
441.8166913911809
 20
129.94211868436562
 10
441.83170023172954
 20
130.10830090682597
 10
441.84170612542863
 20
130.2902152874518
 10
441.8467090722782
 20
130.48786182624303
 10
441.84733444063437
 20
130.5925846549507
 10
441.8467166068367
 20
130.69611702341405
 10
441.8417739364552
 20
130.89147305641876
 10
441.83188859569225
 20
131.07121748419416
 10
441.8170605845478
 20
131.23535030674026
 10
441.79728990302186
 20
131.383871524057
 10
441.77257655111447
 20
131.51678113614446
 10
441.74292052882555
 20
131.63407914300257
 10
441.70832183615516
 20
131.73576554463136
  0
LWPOLYLINE
  5
89
330
17
100
AcDbEntity
  8
LEGEND_TEXT
100
AcDbPolyline
 90
136
 70
1
 10
447.13223577140485
 20
129.43545070473238
 10
447.09456297886305
 20
129.3355876662626
 10
447.05312290706706
 20
129.23971040924374
 10
447.00791555601694
 20
129.1478189336758
 10
446.9589409257126
 20
129.05991323955877
 10
446.9061990161541
 20
128.97599332689268
 10
446.8496898273414
 20
128.8960591956775
 10
446.8200225032148
 20
128.85758679811403
 10
446.78948964667944
 20
128.82020596971444
 10
446.7260561985976
 20
128.74900439181044
 10
446.6594657705007
 20
128.6825495857667
 10
446.5897183623888
 20
128.62084155158325
 10
446.51681397426194
 20
128.56388028926006
 10
446.4407526061201
 20
128.51166579879714
 10
446.36153425796317
 20
128.46419808019448
 10
446.2791589297913
 20
128.4214771334521
 10
446.19362662160444
 20
128.38350295856998
 10
446.1049373334025
 20
128.3502755555481
 10
446.0130910651857
 20
128.32179492438652
 10
445.91808781695374
 20
128.2980610650852
 10
445.8199275887069
 20
128.27907397764412
 10
445.718610380445
 20
128.26483366206332
 10
445.6141361921681
 20
128.2553401183428
 10
445.5065050238762
 20
128.25059334648253
 10
445.4515055722246
 20
128.25
 10
445.3963281166283
 20
128.25059334648253
 10
445.2883578932035
 20
128.2553401183428
 10
445.1835672534693
 20
128.26483366206332
 10
445.08195619742554
 20
128.27907397764412
 10
444.98352472507236
 20
128.2980610650852
 10
444.88827283640967
 20
128.32179492438652
 10
444.79620053143753
 20
128.3502755555481
 10
444.7073078101559
 20
128.38350295856998
 10
444.6215946725648
 20
128.4214771334521
 10
444.5390611186643
 20
128.46419808019448
 10
444.45970714845424
 20
128.51166579879714
 10
444.38353276193476
 20
128.56388028926006
 10
444.3105379591058
 20
128.62084155158325
 10
444.24072273996734
 20
128.6825495857667
 10
444.1740871045194
 20
128.74900439181044
 10
444.110631052762
 20
128.82020596971444
 10
444.08009537076725
 20
128.85758679811403
 10
444.0504280466406
 20
128.8960591956775
 10
443.9939188578279
 20
128.97599332689268
 10
443.9411769482694
 20
129.05991323955877
 10
443.8922023179651
 20
129.1478189336758
 10
443.8469949669149
 20
129.23971040924374
 10
443.8055548951189
 20
129.3355876662626
 10
443.7678821025772
 20
129.43545070473238
 10
443.73397658928957
 20
129.53929952465307
 10
443.7038383552561
 20
129.6471341260247
 10
443.67746740047687
 20
129.75895450884724
 10
443.6548637249518
 20
129.8747606731207
 10
443.6360273286809
 20
129.9945526188451
 10
443.6209582116642
 20
130.1183303460204
 10
443.60965637390166
 20
130.24609385464663
 10
443.6021218153933
 20
130.37784314472378
 10
443.5983545361391
 20
130.51357821625186
 10
443.5978836262323
 20
130.58294042006
 10
443.5983545361391
 20
130.65253902064134
 10
443.6021218153933
 20
130.7887186311214
 10
443.60965637390166
 20
130.920874787358
 10
443.6209582116642
 20
131.04900748935114
 10
443.6360273286809
 20
131.17311673710083
 10
443.6548637249518
 20
131.29320253060706
 10
443.67746740047687
 20
131.4092648698698
 10
443.7038383552561
 20
131.5213037548891
 10
443.73397658928957
 20
131.6293191856649
 10
443.7678821025772
 20
131.73331116219728
 10
443.8055548951189
 20
131.83327968448617
 10
443.8469949669149
 20
131.9292247525316
 10
443.8922023179651
 20
132.0211463663336
 10
443.9411769482694
 20
132.1090445258921
 10
443.9939188578279
 20
132.19291923120713
 10
444.0504280466406
 20
132.2727704822787
 10
444.08009537076725
 20
132.3111873124732
 10
444.110631052762
 20
132.3485681408728
 10
444.1740871045194
 20
132.4197697187768
 10
444.24072273996734
 20
132.4862245248205
 10
444.3105379591058
 20
132.54793255900395
 10
444.38353276193476
 20
132.60489382132715
 10
444.45970714845424
 20
132.65710831179007
 10
444.5390611186643
 20
132.70457603039273
 10
444.6215946725648
 20
132.74729697713514
 10
444.7073078101559
 20
132.78527115201726
 10
444.79620053143753
 20
132.81849855503913
 10
444.88827283640967
 20
132.8469791862007
 10
444.98352472507236
 20
132.87071304550204
 10
445.08195619742554
 20
132.8897001329431
 10
445.1835672534693
 20
132.90394044852388
 10
445.2883578932035
 20
132.91343399224442
 10
445.3963281166283
 20
132.9181807641047
 10
445.4515055722246
 20
132.9187741105872
 10
445.5065050238762
 20
132.9181807641047
 10
445.6141361921681
 20
132.91343399224442
 10
445.718610380445
 20
132.90394044852388
 10
445.8199275887069
 20
132.8897001329431
 10
445.91808781695374
 20
132.87071304550204
 10
446.0130910651857
 20
132.8469791862007
 10
446.1049373334025
 20
132.81849855503913
 10
446.19362662160444
 20
132.78527115201726
 10
446.2791589297913
 20
132.74729697713514
 10
446.36153425796317
 20
132.70457603039273
 10
446.4407526061201
 20
132.65710831179007
 10
446.51681397426194
 20
132.60489382132715
 10
446.5897183623888
 20
132.54793255900395
 10
446.6594657705007
 20
132.4862245248205
 10
446.7260561985976
 20
132.4197697187768
 10
446.78948964667944
 20
132.3485681408728
 10
446.8200225032148
 20
132.3111873124732
 10
446.8496898273414
 20
132.2727704822787
 10
446.9061990161541
 20
132.19291923120713
 10
446.9589409257126
 20
132.1090445258921
 10
447.00791555601694
 20
132.0211463663336
 10
447.05312290706706
 20
131.9292247525316
 10
447.09456297886305
 20
131.83327968448617
 10
447.13223577140485
 20
131.73331116219728
 10
447.16614128469246
 20
131.6293191856649
 10
447.1962795187259
 20
131.5213037548891
 10
447.22265047350515
 20
131.4092648698698
 10
447.2452541490302
 20
131.29320253060706
 10
447.2640905453011
 20
131.17311673710083
 10
447.27915966231785
 20
131.04900748935114
 10
447.29046150008037
 20
130.920874787358
 10
447.29799605858875
 20
130.7887186311214
 10
447.3017633378429
 20
130.65253902064134
 10
447.30223424774965
 20
130.58294042006
 10
447.3017633378429
 20
130.51357821625186
 10
447.29799605858875
 20
130.37784314472378
 10
447.29046150008037
 20
130.24609385464663
 10
447.27915966231785
 20
130.1183303460204
 10
447.2640905453011
 20
129.9945526188451
 10
447.2452541490302
 20
129.8747606731207
 10
447.22265047350515
 20
129.75895450884724
 10
447.1962795187259
 20
129.6471341260247
 10
447.16614128469246
 20
129.53929952465307
  0
LWPOLYLINE
  5
8A
330
17
100
AcDbEntity
  8
LEGEND_TEXT
100
AcDbPolyline
 90
84
 70
1
 10
445.9632527861123
 20
131.82256365864765
 10
445.91696045863694
 20
131.89809007313545
 10
445.86391716673813
 20
131.96282699983925
 10
445.8197043774111
 20
132.0042990935089
 10
445.788119508144
 20
132.02857544102284
 10
445.75484689777113
 20
132.05015441659077
 10
445.71988654629234
 20
132.0690360202127
 10
445.68323845370765
 20
132.08522025188864
 10
445.64490262001715
 20
132.09870711161864
 10
445.58423435490784
 20
132.11387982881485
 10
445.49743624089155
 20
132.12466931659878
 10
445.4515055722246
 20
132.1260180025718
 10
445.405684154656
 20
132.12466931659878
 10
445.3190367318099
 20
132.11387982881485
 10
445.25842215042996
 20
132.09870711161864
 10
445.220093851298
 20
132.08522025188864
 10
445.18343068959626
 20
132.0690360202127
 10
445.14843266532495
 20
132.05015441659077
 10
445.11509977848397
 20
132.02857544102284
 10
445.0834320290734
 20
132.0042990935089
 10
445.0390525376393
 20
131.96282699983925
 10
444.98570786340014
 20
131.89809007313545
 10
444.9390237388823
 20
131.82256365864765
 10
444.918179382769
 20
131.78075439348478
 10
444.898792963727
 20
131.73576554463136
 10
444.86377233578014
 20
131.63407914300257
 10
444.8337546546828
 20
131.51678113614446
 10
444.8087399204351
 20
131.383871524057
 10
444.7887281330369
 20
131.23535030674026
 10
444.77371929248824
 20
131.07121748419416
 10
444.7637133987891
 20
130.89147305641876
 10
444.7587104519396
 20
130.69611702341405
 10
444.75808508358335
 20
130.5925846549507
 10
444.7587104519396
 20
130.48786182624303
 10
444.7637133987891
 20
130.2902152874518
 10
444.77371929248824
 20
130.10830090682597
 10
444.7887281330369
 20
129.94211868436562
 10
444.8087399204351
 20
129.7916686200707
 10
444.8337546546828
 20
129.65695071394128
 10
444.86377233578014
 20
129.53796496597727
 10
444.898792963727
 20
129.43471137617874
 10
444.918179382769
 20
129.3889841405915
 10
444.9390237388823
 20
129.34670773280112
 10
444.98570786340014
 20
129.2703374477604
 10
445.0390525376393
 20
129.20487720343976
 10
445.0834320290734
 20
129.16294173442188
 10
445.11509977848397
 20
129.13839414280164
 10
445.14843266532495
 20
129.11657406136143
 10
445.18343068959626
 20
129.09748149010125
 10
445.220093851298
 20
129.0811164290211
 10
445.25842215042996
 20
129.067478878121
 10
445.3190367318099
 20
129.05213663335834
 10
445.405684154656
 20
129.04122659263822
 10
445.4515055722246
 20
129.0398628375482
 10
445.49708965120016
 20
129.04122659263822
 10
445.5832850005358
 20
129.05213663335834
 10
445.6435803049989
 20
129.067478878121
 10
445.68170517105125
 20
129.0811164290211
 10
445.7181724342317
 20
129.09748149010125
 10
445.7529820945403
 20
129.11657406136143
 10
445.7861341519771
 20
129.13839414280164
 10
445.81762860654203
 20
129.16294173442188
 10
445.86176228300474
 20
129.20487720343976
 10
445.91480557490354
 20
129.2703374477604
 10
445.961218455315
 20
129.34670773280112
 10
445.98193849121304
 20
129.3889841405915
 10
446.00132491025505
 20
129.43471137617874
 10
446.0363455382019
 20
129.53796496597727
 10
446.0663632192992
 20
129.65695071394128
 10
446.09137795354695
 20
129.7916686200707
 10
446.1113897409451
 20
129.94211868436562
 10
446.1263985814938
 20
130.10830090682597
 10
446.1364044751929
 20
130.2902152874518
 10
446.14140742204245
 20
130.48786182624303
 10
446.1420327903986
 20
130.5925846549507
 10
446.14141495660095
 20
130.69611702341405
 10
446.1364722862195
 20
130.89147305641876
 10
446.1265869454565
 20
131.07121748419416
 10
446.11175893431204
 20
131.23535030674026
 10
446.0919882527861
 20
131.383871524057
 10
446.0672749008787
 20
131.51678113614446
 10
446.0376188785898
 20
131.63407914300257
 10
446.0030201859194
 20
131.73576554463136
 10
445.9838673381912
 20
131.78075439348478
  0
LWPOLYLINE
  5
8B
330
17
100
AcDbEntity
  8
LEGEND_TEXT
100
AcDbPolyline
 90
7
 70
1
 10
466.1052373553365
 20
128.33776253750534
 10
467.7659746035148
 20
131.98424774967853
 10
465.5989150235748
 20
131.98424774967853
 10
465.5989150235748
 20
132.83776253750534
 10
468.9898280111445
 20
132.83776253750534
 10
468.9898280111445
 20
132.18388341191599
 10
467.23554168452637
 20
128.33776253750534
  0
LWPOLYLINE
  5
8C
330
17
100
AcDbEntity
  8
LEGEND_TEXT
100
AcDbPolyline
 90
4
 70
1
 10
478.8350246463781
 20
87.33776253750536
 10
478.8350246463781
 20
88.50375053579083
 10
479.9200010715816
 20
88.50375053579083
 10
479.9200010715816
 20
87.33776253750536
  0
LWPOLYLINE
  5
8D
330
17
100
AcDbEntity
  8
LEGEND_TEXT
100
AcDbPolyline
 90
168
 70
1
 10
497.5940033286005
 20
90.6501578908594
 10
497.66615426087657
 20
90.6860223893592
 10
497.7400532107265
 20
90.7167633880733
 10
497.81570017815045
 20
90.74238088700172
 10
497.8930951631483
 20
90.76287488614444
 10
497.9722381657201
 20
90.7782453855015
 10
498.0531291858658
 20
90.78849238507287
 10
498.1357682235855
 20
90.79361588485855
 10
498.1777432490356
 20
90.79425632233176
 10
498.2493554603783
 20
90.7928548944492
 10
498.38609262818795
 20
90.78164347138878
 10
498.48296915602896
 20
90.76587740771004
 10
498.54485048505813
 20
90.75186312888448
 10
498.60456939579535
 20
90.73504599429383
 10
498.6621258882407
 20
90.71542600393806
 10
498.7175199623942
 20
90.69300315781719
 10
498.77075161825576
 20
90.6677774559312
 10
498.8218208558254
 20
90.63974889828012
 10
498.8707276751031
 20
90.60891748486391
 10
498.917472076089
 20
90.5752832156826
 10
498.96205405878294
 20
90.53884609073617
 10
499.00447362318505
 20
90.49960611002464
 10
499.04473076929514
 20
90.457563273548
 10
499.0640484354908
 20
90.43549078439777
 10
499.0827981843388
 20
90.41280893782817
 10
499.11851199166847
 20
90.36552958318822
 10
499.15184487850945
 20
90.31569601321394
 10
499.18279684486174
 20
90.26330822790533
 10
499.21136789072546
 20
90.20836622726237
 10
499.2375580161005
 20
90.1508700112851
 10
499.27237897824693
 20
90.05983653356729
 10
499.3104737060652
 20
89.92951880960673
 10
499.33904475192884
 20
89.78898422430883
 10
499.35809211583796
 20
89.6382327776736
 10
499.36761579779255
 20
89.47726446970103
 10
499.3688062580369
 20
89.39294899271324
 10
499.3688062580369
 20
87.33776253750536
 10
498.28382983283325
 20
87.33776253750536
 10
498.28382983283325
 20
89.09783540505786
 10
498.28624089155596
 20
89.13785897985426
 10
498.28768752678957
 20
89.17884697813973
 10
498.2891341620232
 20
89.23020252893271
 10
498.28961637376767
 20
89.29939991427347
 10
498.2892019730497
 20
89.34347331426811
 10
498.285886767306
 20
89.42698636077475
 10
498.2792563558187
 20
89.50432106930454
 10
498.26931073858765
 20
89.57547743985748
 10
498.25604991561295
 20
89.64045547243356
 10
498.23947388689453
 20
89.69925516703279
 10
498.21958265243245
 20
89.75187652365517
 10
498.1963762122267
 20
89.79831954230069
 10
498.18352978996995
 20
89.81922417488212
 10
498.1698809372321
 20
89.83884416523789
 10
498.13953173556047
 20
89.87428672846121
 10
498.1051138722943
 20
89.90466606836691
 10
498.06662734743355
 20
89.929982184955
 10
498.02407216097833
 20
89.95023507822546
 10
497.97744831292863
 20
89.96542474817831
 10
497.92675580328444
 20
89.97555119481355
 10
497.87199463204564
 20
89.98061441813117
 10
497.8430882983283
 20
89.98124732104586
 10
497.80529495285043
 20
89.98025652660202
 10
497.73296319117014
 20
89.97233017105123
 10
497.6649713351907
 20
89.95647745994964
 10
497.60131938491213
 20
89.93269839329726
 10
497.5420073403343
 20
89.90099297109408
 10
497.4870352014574
 20
89.86136119334012
 10
497.4364029682812
 20
89.81380306003537
 10
497.3901106408058
 20
89.75831857117981
 10
497.368591941706
 20
89.72760394342049
 10
497.348361652111
 20
89.69513376352872
 10
497.31165328305826
 20
89.62488153999678
 10
497.27994786085515
 20
89.547546831467
 10
497.2532453855015
 20
89.46312963793935
 10
497.2315458569974
 20
89.37162995941384
 10
497.2148492753429
 20
89.27304779589048
 10
497.20315564053794
 20
89.16738314736926
 10
497.1964649525825
 20
89.0546360138502
 10
497.1949957136734
 20
88.99560651521647
 10
497.1949957136734
 20
87.33776253750536
 10
496.11001928846974
 20
87.33776253750536
 10
496.11001928846974
 20
89.09783540505786
 10
496.10964256054433
 20
89.16631700734034
 10
496.106628737141
 20
89.29392229023789
 10
496.1006010903343
 20
89.4090503442456
 10
496.0915596201243
 20
89.51170116936348
 10
496.0795043265109
 20
89.60187476559152
 10
496.0644352094942
 20
89.67957113292971
 10
496.0463522690742
 20
89.74479027137805
 10
496.02525550525075
 20
89.79753218093656
 10
496.01357693956277
 20
89.81922417488212
 10
496.00093395038573
 20
89.83884416523789
 10
495.9721217986498
 20
89.87428672846121
 10
495.93860808240464
 20
89.90466606836691
 10
495.90039280165024
 20
89.929982184955
 10
495.8574759563866
 20
89.95023507822546
 10
495.8098575466138
 20
89.96542474817831
 10
495.7575375723318
 20
89.97555119481355
 10
495.7005160335405
 20
89.98061441813117
 10
495.67024217745393
 20
89.98124732104586
 10
495.6319779220692
 20
89.98025275932277
 10
495.55877215160206
 20
89.97229626553793
 10
495.48999670153773
 20
89.95638327796829
 10
495.4256515718763
 20
89.9325137966138
 10
495.36573676261787
 20
89.90068782147449
 10
495.31025227376233
 20
89.86090535255036
 10
495.2591981053097
 20
89.8131663898414
 10
495.21257425726
 20
89.75747093334762
 10
495.1909237033862
 20
89.72663951993142
 10
495.17048621343224
 20
89.69395837240141
 10
495.1335668767413
 20
89.62346504299721
 10
495.1019217310062
 20
89.54613033446742
 10
495.0755507762269
 20
89.46195424681204
 10
495.05445401240354
 20
89.37093678003107
 10
495.038631439536
 20
89.27307793412452
 10
495.0280830576243
 20
89.16837770909237
 10
495.02280886666847
 20
89.05683610493463
 10
495.022149592799
 20
88.99849978568366
 10
495.022149592799
 20
87.33776253750536
 10
493.93717316759535
 20
87.33776253750536
 10
493.93717316759535
 20
90.7132447492499
 10
495.022149592799
 20
90.7132447492499
 10
495.022149592799
 20
90.21945992284613
 10
495.0473300873339
 20
90.2545935691706
 10
495.0990472969353
 20
90.32156072519288
 10
495.1525728005787
 20
90.38412769904629
 10
495.207906598264
 20
90.44229449073082
 10
495.26504868999143
 20
90.49606110024646
 10
495.3239990757608
 20
90.54542752759323
 10
495.3847577555722
 20
90.59039377277111
 10
495.44732472942565
 20
90.63095983578012
 10
495.4792863266181
 20
90.64959279897128
 10
495.5116811609248
 20
90.66711064750322
 10
495.57771403169204
 20
90.69875579323832
 10
495.64540450533116
 20
90.72588020386841
 10
495.71475258184205
 20
90.74848387939349
 10
495.7857582612248
 20
90.76656681981355
 10
495.85842154347944
 20
90.78012902512859
 10
495.9327424286059
 20
90.78917049533862
 10
496.00872091660415
 20
90.79369123044364
 10
496.0473317616802
 20
90.79425632233176
 10
496.0906554731033
 20
90.79359704846227
 10
496.17540418720534
 20
90.78832285750643
 10
496.2576212896485
 20
90.77777447559473
 10
496.3373067804329
 20
90.76195190272718
 10
496.4144606595585
 20
90.74085513890377
 10
496.48908292702527
 20
90.71448418412452
 10
496.56117358283325
 20
90.68283903838942
 10
496.6307326269824
 20
90.64591970169846
 10
496.66456279468497
 20
90.62548221174454
 10
496.6976847138877
 20
90.60385802882554
 10
496.76085445242177
 20
90.55744514841406
 10
496.8199253911273
 20
90.50681291523789
 10
496.8748975300043
 20
90.45196132929705
 10
496.9257708690527
 20
90.39289039059152
 10
496.9725454082726
 20
90.32960009912131
 10
497.01522114766396
 20
90.26209045488642
 10
497.0537980872267
 20
90.19036145788684
 10
497.0715495070724
 20
90.1529147021003
 10
497.09752489753
 20
90.19151047805937
 10
497.1512613688116
 20
90.26519846027111
 10
497.20737876058183
 20
90.33421501620768
 10
497.2658770728408
 20
90.39856014586906
 10
497.32675630558833
 20
90.45823384925525
 10
497.39001645882445
 20
90.51323612636627
 10
497.45565753254925
 20
90.5635669772021
 10
497.52367952676275
 20
90.60922640176275
 10
497.5585833690527
 20
90.63030432918988
  0
LWPOLYLINE
  5
8E
330
17
100
AcDbEntity
  8
LEGEND_TEXT
100
AcDbPolyline
 90
168
 70
1
 10
491.23465511814186
 20
90.6860223893592
 10
491.30855406799185
 20
90.7167633880733
 10
491.3842010354158
 20
90.74238088700172
 10
491.4615960204136
 20
90.76287488614444
 10
491.54073902298546
 20
90.7782453855015
 10
491.6216300431312
 20
90.78849238507287
 10
491.70426908085085
 20
90.79361588485855
 10
491.7462441063009
 20
90.79425632233176
 10
491.8178563176436
 20
90.7928548944492
 10
491.9545934854533
 20
90.78164347138878
 10
492.0514700132943
 20
90.76587740771004
 10
492.1133513423234
 20
90.75186312888448
 10
492.1730702530607
 20
90.73504599429383
 10
492.230626745506
 20
90.71542600393806
 10
492.2860208196595
 20
90.69300315781719
 10
492.33925247552105
 20
90.6677774559312
 10
492.3903217130907
 20
90.63974889828012
 10
492.4392285323685
 20
90.60891748486391
 10
492.48597293335433
 20
90.5752832156826
 10
492.5305549160483
 20
90.53884609073617
 10
492.57297448045034
 20
90.49960611002464
 10
492.6132316265605
 20
90.457563273548
 10
492.6325492927561
 20
90.43549078439777
 10
492.65129904160415
 20
90.41280893782817
 10
492.68701284893376
 20
90.36552958318822
 10
492.72034573577474
 20
90.31569601321394
 10
492.7512977021271
 20
90.26330822790533
 10
492.7798687479908
 20
90.20836622726237
 10
492.8060588733658
 20
90.1508700112851
 10
492.8408798355122
 20
90.05983653356729
 10
492.8789745633305
 20
89.92951880960673
 10
492.90754560919413
 20
89.78898422430883
 10
492.9265929731033
 20
89.6382327776736
 10
492.93611665505784
 20
89.47726446970103
 10
492.9373071153022
 20
89.39294899271324
 10
492.9373071153022
 20
87.33776253750536
 10
491.8523306900986
 20
87.33776253750536
 10
491.8523306900986
 20
89.09783540505786
 10
491.85474174882125
 20
89.13785897985426
 10
491.85618838405486
 20
89.17884697813973
 10
491.85763501928847
 20
89.23020252893271
 10
491.858117231033
 20
89.29939991427347
 10
491.857702830315
 20
89.34347331426811
 10
491.85438762457136
 20
89.42698636077475
 10
491.84775721308404
 20
89.50432106930454
 10
491.83781159585294
 20
89.57547743985748
 10
491.8245507728783
 20
89.64045547243356
 10
491.8079747441599
 20
89.69925516703279
 10
491.7880835096978
 20
89.75187652365517
 10
491.76487706949206
 20
89.79831954230069
 10
491.7520306472353
 20
89.81922417488212
 10
491.7383817944974
 20
89.83884416523789
 10
491.70803259282576
 20
89.87428672846121
 10
491.6736147295596
 20
89.90466606836691
 10
491.63512820469884
 20
89.929982184955
 10
491.5925730182437
 20
89.95023507822546
 10
491.5459491701939
 20
89.96542474817831
 10
491.4952566605497
 20
89.97555119481355
 10
491.44049548931093
 20
89.98061441813117
 10
491.4115891555937
 20
89.98124732104586
 10
491.3737958101157
 20
89.98025652660202
 10
491.3014640484355
 20
89.97233017105123
 10
491.2334721924561
 20
89.95647745994964
 10
491.1698202421775
 20
89.93269839329726
 10
491.11050819759964
 20
89.90099297109408
 10
491.0555360587227
 20
89.86136119334012
 10
491.00490382554653
 20
89.81380306003537
 10
490.95861149807115
 20
89.75831857117981
 10
490.9370927989713
 20
89.72760394342049
 10
490.9168625093763
 20
89.69513376352872
 10
490.8801541403236
 20
89.62488153999678
 10
490.84844871812044
 20
89.547546831467
 10
490.82174624276684
 20
89.46312963793935
 10
490.80004671426275
 20
89.37162995941384
 10
490.78335013260823
 20
89.27304779589048
 10
490.7716564978033
 20
89.16738314736926
 10
490.7649658098478
 20
89.0546360138502
 10
490.76349657093874
 20
88.99560651521647
 10
490.76349657093874
 20
87.33776253750536
 10
489.6785201457351
 20
87.33776253750536
 10
489.6785201457351
 20
89.09783540505786
 10
489.6781434178097
 20
89.16631700734034
 10
489.67512959440637
 20
89.29392229023789
 10
489.66910194759964
 20
89.4090503442456
 10
489.6600604773896
 20
89.51170116936348
 10
489.64800518377626
 20
89.60187476559152
 10
489.6329360667595
 20
89.67957113292971
 10
489.6148531263395
 20
89.74479027137805
 10
489.59375636251605
 20
89.79753218093656
 10
489.5820777968281
 20
89.81922417488212
 10
489.5694348076511
 20
89.83884416523789
 10
489.5406226559152
 20
89.87428672846121
 10
489.50710893966993
 20
89.90466606836691
 10
489.4688936589156
 20
89.929982184955
 10
489.4259768136519
 20
89.95023507822546
 10
489.37835840387913
 20
89.96542474817831
 10
489.3260384295971
 20
89.97555119481355
 10
489.2690168908058
 20
89.98061441813117
 10
489.2387430347193
 20
89.98124732104586
 10
489.20047877933456
 20
89.98025275932277
 10
489.12727300886735
 20
89.97229626553793
 10
489.0584975588031
 20
89.95638327796829
 10
488.99415242914165
 20
89.9325137966138
 10
488.9342376198832
 20
89.90068782147449
 10
488.8787531310277
 20
89.86090535255036
 10
488.827698962575
 20
89.8131663898414
 10
488.78107511452527
 20
89.75747093334762
 10
488.7594245606515
 20
89.72663951993142
 10
488.7389870706976
 20
89.69395837240141
 10
488.7020677340066
 20
89.62346504299721
 10
488.67042258827155
 20
89.54613033446742
 10
488.64405163349227
 20
89.46195424681204
 10
488.6229548696689
 20
89.37093678003107
 10
488.6071322968013
 20
89.27307793412452
 10
488.5965839148896
 20
89.16837770909237
 10
488.59130972393376
 20
89.05683610493463
 10
488.5906504500643
 20
88.99849978568366
 10
488.5906504500643
 20
87.33776253750536
 10
487.5056740248607
 20
87.33776253750536
 10
487.5056740248607
 20
90.7132447492499
 10
488.5906504500643
 20
90.7132447492499
 10
488.5906504500643
 20
90.21945992284613
 10
488.6158309445992
 20
90.2545935691706
 10
488.66754815420063
 20
90.32156072519288
 10
488.721073657844
 20
90.38412769904629
 10
488.77640745552935
 20
90.44229449073082
 10
488.8335495472568
 20
90.49606110024646
 10
488.89249993302616
 20
90.54542752759323
 10
488.95325861283754
 20
90.59039377277111
 10
489.015825586691
 20
90.63095983578012
 10
489.04778718388343
 20
90.64959279897128
 10
489.0801820181901
 20
90.66711064750322
 10
489.1462148889574
 20
90.69875579323832
 10
489.21390536259645
 20
90.72588020386841
 10
489.2832534391074
 20
90.74848387939349
 10
489.3542591184902
 20
90.76656681981355
 10
489.42692240074473
 20
90.78012902512859
 10
489.50124328587117
 20
90.78917049533862
 10
489.5772217738695
 20
90.79369123044364
 10
489.61583261894555
 20
90.79425632233176
 10
489.65915633036866
 20
90.79359704846227
 10
489.74390504447064
 20
90.78832285750643
 10
489.8261221469138
 20
90.77777447559473
 10
489.9058076376982
 20
90.76195190272718
 10
489.9829615168238
 20
90.74085513890377
 10
490.0575837842906
 20
90.71448418412452
 10
490.1296744400986
 20
90.68283903838942
 10
490.19923348424777
 20
90.64591970169846
 10
490.23306365195026
 20
90.62548221174454
 10
490.266185571153
 20
90.60385802882554
 10
490.3293553096871
 20
90.55744514841406
 10
490.38842624839265
 20
90.50681291523789
 10
490.4433983872696
 20
90.45196132929705
 10
490.49427172631806
 20
90.39289039059152
 10
490.54104626553794
 20
90.32960009912131
 10
490.5837220049293
 20
90.26209045488642
 10
490.62229894449206
 20
90.19036145788684
 10
490.64005036433775
 20
90.1529147021003
 10
490.6660257547953
 20
90.19151047805937
 10
490.7197622260769
 20
90.26519846027111
 10
490.7758796178472
 20
90.33421501620768
 10
490.8343779301061
 20
90.39856014586906
 10
490.8952571628536
 20
90.45823384925525
 10
490.9585173160898
 20
90.51323612636627
 10
491.0241583898146
 20
90.5635669772021
 10
491.0921803840281
 20
90.60922640176275
 10
491.12708422631806
 20
90.63030432918988
 10
491.1625041858658
 20
90.6501578908594
  0
LWPOLYLINE
  5
8F
330
17
100
AcDbEntity
  8
LEGEND_TEXT
100
AcDbPolyline
 90
4
 70
1
 10
471.6834628161166
 20
88.67638234033433
 10
471.6834628161166
 20
89.55304329189885
 10
473.57566170167166
 20
89.55304329189885
 10
473.57566170167166
 20
88.67638234033433
  0
LWPOLYLINE
  5
90
330
17
100
AcDbEntity
  8
LEGEND_TEXT
100
AcDbPolyline
 90
136
 70
1
 10
484.3794764486445
 20
88.43545070473238
 10
484.3418036561027
 20
88.3355876662626
 10
484.3003635843067
 20
88.23971040924373
 10
484.25515623325657
 20
88.1478189336758
 10
484.2061816029522
 20
88.05991323955878
 10
484.1534396933937
 20
87.97599332689268
 10
484.096930504581
 20
87.89605919567751
 10
484.06726318045435
 20
87.85758679811401
 10
484.0367303239191
 20
87.82020596971442
 10
483.97329687583715
 20
87.74900439181043
 10
483.9067064477403
 20
87.68254958576672
 10
483.8369590396284
 20
87.62084155158327
 10
483.76405465150157
 20
87.56388028926007
 10
483.6879932833597
 20
87.51166579879715
 10
483.6087749352028
 20
87.46419808019449
 10
483.52639960703095
 20
87.4214771334521
 10
483.44086729884407
 20
87.38350295856998
 10
483.35217801064215
 20
87.35027555554811
 10
483.26033174242525
 20
87.32179492438652
 10
483.1653284941934
 20
87.2980610650852
 10
483.06716826594646
 20
87.27907397764413
 10
482.9658510576846
 20
87.26483366206332
 10
482.86137686940765
 20
87.2553401183428
 10
482.7537457011158
 20
87.25059334648253
 10
482.6987462494642
 20
87.25
 10
482.64356879386787
 20
87.25059334648253
 10
482.5355985704431
 20
87.2553401183428
 10
482.43080793070885
 20
87.26483366206332
 10
482.3291968746651
 20
87.27907397764413
 10
482.23076540231193
 20
87.2980610650852
 10
482.13551351364924
 20
87.32179492438652
 10
482.0434412086771
 20
87.35027555554811
 10
481.9545484873955
 20
87.38350295856998
 10
481.86883534980444
 20
87.4214771334521
 10
481.7863017959039
 20
87.46419808019449
 10
481.7069478256939
 20
87.51166579879715
 10
481.63077343917433
 20
87.56388028926007
 10
481.55777863634535
 20
87.62084155158327
 10
481.4879634172069
 20
87.68254958576672
 10
481.42132778175903
 20
87.74900439181043
 10
481.3578717300016
 20
87.82020596971442
 10
481.3273360480068
 20
87.85758679811401
 10
481.2976687238802
 20
87.89605919567751
 10
481.2411595350675
 20
87.97599332689268
 10
481.18841762550903
 20
88.05991323955878
 10
481.13944299520466
 20
88.1478189336758
 10
481.09423564415454
 20
88.23971040924373
 10
481.05279557235855
 20
88.3355876662626
 10
481.01512277981675
 20
88.43545070473238
 10
480.98121726652914
 20
88.53929952465307
 10
480.9510790324957
 20
88.6471341260247
 10
480.92470807771645
 20
88.75895450884724
 10
480.9021044021914
 20
88.87476067312072
 10
480.8832680059205
 20
88.9945526188451
 10
480.86819888890375
 20
89.11833034602041
 10
480.85689705114123
 20
89.24609385464665
 10
480.84936249263285
 20
89.3778431447238
 10
480.8455952133787
 20
89.51357821625187
 10
480.84512430347195
 20
89.58294042006001
 10
480.8455952133787
 20
89.65253902064134
 10
480.84936249263285
 20
89.78871863112141
 10
480.85689705114123
 20
89.92087478735802
 10
480.86819888890375
 20
90.04900748935115
 10
480.8832680059205
 20
90.17311673710084
 10
480.9021044021914
 20
90.29320253060705
 10
480.92470807771645
 20
90.4092648698698
 10
480.9510790324957
 20
90.52130375488909
 10
480.98121726652914
 20
90.62931918566491
 10
481.01512277981675
 20
90.73331116219728
 10
481.05279557235855
 20
90.83327968448617
 10
481.09423564415454
 20
90.92922475253161
 10
481.13944299520466
 20
91.02114636633358
 10
481.18841762550903
 20
91.10904452589209
 10
481.2411595350675
 20
91.19291923120714
 10
481.2976687238802
 20
91.27277048227872
 10
481.3273360480068
 20
91.31118731247321
 10
481.3578717300016
 20
91.3485681408728
 10
481.42132778175903
 20
91.41976971877679
 10
481.4879634172069
 20
91.48622452482051
 10
481.55777863634535
 20
91.54793255900397
 10
481.63077343917433
 20
91.60489382132715
 10
481.7069478256939
 20
91.65710831179008
 10
481.7863017959039
 20
91.70457603039273
 10
481.86883534980444
 20
91.74729697713512
 10
481.9545484873955
 20
91.78527115201726
 10
482.0434412086771
 20
91.81849855503911
 10
482.13551351364924
 20
91.84697918620071
 10
482.23076540231193
 20
91.87071304550204
 10
482.3291968746651
 20
91.8897001329431
 10
482.43080793070885
 20
91.9039404485239
 10
482.5355985704431
 20
91.91343399224442
 10
482.64356879386787
 20
91.91818076410469
 10
482.6987462494642
 20
91.91877411058722
 10
482.7537457011158
 20
91.91818076410469
 10
482.86137686940765
 20
91.91343399224442
 10
482.9658510576846
 20
91.9039404485239
 10
483.06716826594646
 20
91.8897001329431
 10
483.1653284941934
 20
91.87071304550204
 10
483.26033174242525
 20
91.84697918620071
 10
483.35217801064215
 20
91.81849855503911
 10
483.44086729884407
 20
91.78527115201726
 10
483.52639960703095
 20
91.74729697713512
 10
483.6087749352028
 20
91.70457603039273
 10
483.6879932833597
 20
91.65710831179008
 10
483.76405465150157
 20
91.60489382132715
 10
483.8369590396284
 20
91.54793255900397
 10
483.9067064477403
 20
91.48622452482051
 10
483.97329687583715
 20
91.41976971877679
 10
484.0367303239191
 20
91.3485681408728
 10
484.06726318045435
 20
91.31118731247321
 10
484.096930504581
 20
91.27277048227872
 10
484.1534396933937
 20
91.19291923120714
 10
484.2061816029522
 20
91.10904452589209
 10
484.25515623325657
 20
91.02114636633358
 10
484.3003635843067
 20
90.92922475253161
 10
484.3418036561027
 20
90.83327968448617
 10
484.3794764486445
 20
90.73331116219728
 10
484.41338196193203
 20
90.62931918566491
 10
484.4435201959655
 20
90.52130375488909
 10
484.46989115074473
 20
90.4092648698698
 10
484.4924948262698
 20
90.29320253060705
 10
484.5113312225407
 20
90.17311673710084
 10
484.5264003395574
 20
90.04900748935115
 10
484.53770217731994
 20
89.92087478735802
 10
484.5452367358283
 20
89.78871863112141
 10
484.5490040150825
 20
89.65253902064134
 10
484.5494749249893
 20
89.58294042006001
 10
484.5490040150825
 20
89.51357821625187
 10
484.5452367358283
 20
89.3778431447238
 10
484.53770217731994
 20
89.24609385464665
 10
484.5264003395574
 20
89.11833034602041
 10
484.5113312225407
 20
88.9945526188451
 10
484.4924948262698
 20
88.87476067312072
 10
484.46989115074473
 20
88.75895450884724
 10
484.4435201959655
 20
88.6471341260247
 10
484.41338196193203
 20
88.53929952465307
  0
LWPOLYLINE
  5
91
330
17
100
AcDbEntity
  8
LEGEND_TEXT
100
AcDbPolyline
 90
84
 70
1
 10
483.2104934633519
 20
90.82256365864767
 10
483.16420113587657
 20
90.89809007313545
 10
483.1111578439777
 20
90.96282699983927
 10
483.06694505465066
 20
91.00429909350889
 10
483.03536018538364
 20
91.02857544102282
 10
483.0020875750107
 20
91.05015441659076
 10
482.9671272235319
 20
91.0690360202127
 10
482.9304791309473
 20
91.08522025188866
 10
482.8921432972568
 20
91.09870711161862
 10
482.83147503214747
 20
91.11387982881483
 10
482.7446769181312
 20
91.1246693165988
 10
482.6987462494642
 20
91.1260180025718
 10
482.65292483189563
 20
91.1246693165988
 10
482.5662774090495
 20
91.11387982881483
 10
482.50566282766954
 20
91.09870711161862
 10
482.46733452853755
 20
91.08522025188866
 10
482.4306713668359
 20
91.0690360202127
 10
482.3956733425646
 20
91.05015441659076
 10
482.3623404557236
 20
91.02857544102282
 10
482.33067270631295
 20
91.00429909350889
 10
482.2862932148789
 20
90.96282699983927
 10
482.23294854063977
 20
90.89809007313545
 10
482.18626441612196
 20
90.82256365864767
 10
482.16542006000856
 20
90.78075439348478
 10
482.14603364096655
 20
90.73576554463138
 10
482.1110130130197
 20
90.63407914300257
 10
482.0809953319224
 20
90.51678113614444
 10
482.05598059767465
 20
90.38387152405701
 10
482.0359688102765
 20
90.23535030674024
 10
482.0209599697278
 20
90.07121748419416
 10
482.0109540760287
 20
89.89147305641877
 10
482.00595112917915
 20
89.69611702341406
 10
482.005325760823
 20
89.59258465495071
 10
482.00595112917915
 20
89.48786182624303
 10
482.0109540760287
 20
89.29021528745177
 10
482.0209599697278
 20
89.10830090682597
 10
482.0359688102765
 20
88.94211868436562
 10
482.05598059767465
 20
88.79166862007072
 10
482.0809953319224
 20
88.65695071394127
 10
482.1110130130197
 20
88.53796496597728
 10
482.14603364096655
 20
88.43471137617874
 10
482.16542006000856
 20
88.38898414059152
 10
482.18626441612196
 20
88.34670773280112
 10
482.23294854063977
 20
88.2703374477604
 10
482.2862932148789
 20
88.20487720343978
 10
482.33067270631295
 20
88.16294173442188
 10
482.3623404557236
 20
88.13839414280164
 10
482.3956733425646
 20
88.11657406136145
 10
482.4306713668359
 20
88.09748149010126
 10
482.46733452853755
 20
88.08111642902111
 10
482.50566282766954
 20
88.06747887812098
 10
482.5662774090495
 20
88.05213663335833
 10
482.65292483189563
 20
88.04122659263824
 10
482.6987462494642
 20
88.03986283754823
 10
482.7443303284398
 20
88.04122659263824
 10
482.8305256777754
 20
88.05213663335833
 10
482.89082098223855
 20
88.06747887812098
 10
482.9289458482908
 20
88.08111642902111
 10
482.96541311147126
 20
88.09748149010126
 10
483.00022277177993
 20
88.11657406136145
 10
483.03337482921665
 20
88.13839414280164
 10
483.0648692837816
 20
88.16294173442188
 10
483.1090029602443
 20
88.20487720343978
 10
483.16204625214317
 20
88.2703374477604
 10
483.20845913255465
 20
88.34670773280112
 10
483.2291791684527
 20
88.38898414059152
 10
483.2485655874946
 20
88.43471137617874
 10
483.28358621544146
 20
88.53796496597728
 10
483.3136038965388
 20
88.65695071394127
 10
483.3386186307865
 20
88.79166862007072
 10
483.3586304181847
 20
88.94211868436562
 10
483.3736392587334
 20
89.10830090682597
 10
483.3836451524325
 20
89.29021528745177
 10
483.388648099282
 20
89.48786182624303
 10
483.38927346763825
 20
89.59258465495071
 10
483.3886556338406
 20
89.69611702341406
 10
483.38371296345906
 20
89.89147305641877
 10
483.3738276226961
 20
90.07121748419416
 10
483.35899961155167
 20
90.23535030674024
 10
483.3392289300257
 20
90.38387152405701
 10
483.3145155781183
 20
90.51678113614444
 10
483.28485955582937
 20
90.63407914300257
 10
483.25026086315904
 20
90.73576554463138
 10
483.2311080154308
 20
90.78075439348478
  0
LWPOLYLINE
  5
92
330
17
100
AcDbEntity
  8
LEGEND_TEXT
100
AcDbPolyline
 90
136
 70
1
 10
477.7023506985373
 20
88.3355876662626
 10
477.6609106267413
 20
88.23971040924373
 10
477.6157032756912
 20
88.1478189336758
 10
477.56672864538683
 20
88.05991323955878
 10
477.5139867358283
 20
87.97599332689268
 10
477.4574775470156
 20
87.89605919567751
 10
477.427810222889
 20
87.85758679811401
 10
477.3972773663537
 20
87.82020596971442
 10
477.3338439182718
 20
87.74900439181043
 10
477.26725349017494
 20
87.68254958576672
 10
477.19750608206306
 20
87.62084155158327
 10
477.1246016939362
 20
87.56388028926007
 10
477.0485403257943
 20
87.51166579879715
 10
476.96932197763743
 20
87.46419808019449
 10
476.8869466494656
 20
87.4214771334521
 10
476.8014143412787
 20
87.38350295856998
 10
476.7127250530768
 20
87.35027555554811
 10
476.6208787848599
 20
87.32179492438652
 10
476.525875536628
 20
87.2980610650852
 10
476.4277153083811
 20
87.27907397764413
 10
476.3263981001192
 20
87.26483366206332
 10
476.2219239118423
 20
87.2553401183428
 10
476.11429274355044
 20
87.25059334648253
 10
476.0592932918988
 20
87.25
 10
476.0041158363025
 20
87.25059334648253
 10
475.8961456128777
 20
87.2553401183428
 10
475.7913549731435
 20
87.26483366206332
 10
475.68974391709975
 20
87.27907397764413
 10
475.59131244474656
 20
87.2980610650852
 10
475.4960605560839
 20
87.32179492438652
 10
475.40398825111174
 20
87.35027555554811
 10
475.31509552983016
 20
87.38350295856998
 10
475.2293823922391
 20
87.4214771334521
 10
475.14684883833854
 20
87.46419808019449
 10
475.0674948681285
 20
87.51166579879715
 10
474.99132048160897
 20
87.56388028926007
 10
474.91832567878
 20
87.62084155158327
 10
474.84851045964155
 20
87.68254958576672
 10
474.78187482419366
 20
87.74900439181043
 10
474.7184187724362
 20
87.82020596971442
 10
474.68788309044146
 20
87.85758679811401
 10
474.6582157663148
 20
87.89605919567751
 10
474.6017065775021
 20
87.97599332689268
 10
474.54896466794366
 20
88.05991323955878
 10
474.4999900376393
 20
88.1478189336758
 10
474.45478268658917
 20
88.23971040924373
 10
474.4133426147932
 20
88.3355876662626
 10
474.3756698222514
 20
88.43545070473238
 10
474.3417643089638
 20
88.53929952465307
 10
474.31162607493036
 20
88.6471341260247
 10
474.2852551201511
 20
88.75895450884724
 10
474.26265144462604
 20
88.87476067312072
 10
474.24381504835515
 20
88.9945526188451
 10
474.2287459313384
 20
89.11833034602041
 10
474.21744409357586
 20
89.24609385464665
 10
474.2099095350675
 20
89.3778431447238
 10
474.20614225581335
 20
89.51357821625187
 10
474.2056713459066
 20
89.58294042006001
 10
474.20614225581335
 20
89.65253902064134
 10
474.2099095350675
 20
89.78871863112141
 10
474.21744409357586
 20
89.92087478735802
 10
474.2287459313384
 20
90.04900748935115
 10
474.24381504835515
 20
90.17311673710084
 10
474.26265144462604
 20
90.29320253060705
 10
474.2852551201511
 20
90.4092648698698
 10
474.31162607493036
 20
90.52130375488909
 10
474.3417643089638
 20
90.62931918566491
 10
474.3756698222514
 20
90.73331116219728
 10
474.4133426147932
 20
90.83327968448617
 10
474.45478268658917
 20
90.92922475253161
 10
474.4999900376393
 20
91.02114636633358
 10
474.54896466794366
 20
91.10904452589209
 10
474.6017065775021
 20
91.19291923120714
 10
474.6582157663148
 20
91.27277048227872
 10
474.68788309044146
 20
91.31118731247321
 10
474.7184187724362
 20
91.3485681408728
 10
474.78187482419366
 20
91.41976971877679
 10
474.84851045964155
 20
91.48622452482051
 10
474.91832567878
 20
91.54793255900397
 10
474.99132048160897
 20
91.60489382132715
 10
475.0674948681285
 20
91.65710831179008
 10
475.14684883833854
 20
91.70457603039273
 10
475.2293823922391
 20
91.74729697713512
 10
475.31509552983016
 20
91.78527115201726
 10
475.40398825111174
 20
91.81849855503911
 10
475.4960605560839
 20
91.84697918620071
 10
475.59131244474656
 20
91.87071304550204
 10
475.68974391709975
 20
91.8897001329431
 10
475.7913549731435
 20
91.9039404485239
 10
475.8961456128777
 20
91.91343399224442
 10
476.0041158363025
 20
91.91818076410469
 10
476.0592932918988
 20
91.91877411058722
 10
476.11429274355044
 20
91.91818076410469
 10
476.2219239118423
 20
91.91343399224442
 10
476.3263981001192
 20
91.9039404485239
 10
476.4277153083811
 20
91.8897001329431
 10
476.525875536628
 20
91.87071304550204
 10
476.6208787848599
 20
91.84697918620071
 10
476.7127250530768
 20
91.81849855503911
 10
476.8014143412787
 20
91.78527115201726
 10
476.8869466494656
 20
91.74729697713512
 10
476.96932197763743
 20
91.70457603039273
 10
477.0485403257943
 20
91.65710831179008
 10
477.1246016939362
 20
91.60489382132715
 10
477.19750608206306
 20
91.54793255900397
 10
477.26725349017494
 20
91.48622452482051
 10
477.3338439182718
 20
91.41976971877679
 10
477.3972773663537
 20
91.3485681408728
 10
477.427810222889
 20
91.31118731247321
 10
477.4574775470156
 20
91.27277048227872
 10
477.5139867358283
 20
91.19291923120714
 10
477.56672864538683
 20
91.10904452589209
 10
477.6157032756912
 20
91.02114636633358
 10
477.6609106267413
 20
90.92922475253161
 10
477.7023506985373
 20
90.83327968448617
 10
477.7400234910791
 20
90.73331116219728
 10
477.77392900436666
 20
90.62931918566491
 10
477.80406723840014
 20
90.52130375488909
 10
477.83043819317936
 20
90.4092648698698
 10
477.85304186870445
 20
90.29320253060705
 10
477.87187826497535
 20
90.17311673710084
 10
477.88694738199206
 20
90.04900748935115
 10
477.8982492197546
 20
89.92087478735802
 10
477.90578377826296
 20
89.78871863112141
 10
477.90955105751715
 20
89.65253902064134
 10
477.9100219674239
 20
89.58294042006001
 10
477.90955105751715
 20
89.51357821625187
 10
477.90578377826296
 20
89.3778431447238
 10
477.8982492197546
 20
89.24609385464665
 10
477.88694738199206
 20
89.11833034602041
 10
477.87187826497535
 20
88.9945526188451
 10
477.85304186870445
 20
88.87476067312072
 10
477.83043819317936
 20
88.75895450884724
 10
477.80406723840014
 20
88.6471341260247
 10
477.77392900436666
 20
88.53929952465307
 10
477.7400234910791
 20
88.43545070473238
  0
LWPOLYLINE
  5
93
330
17
100
AcDbEntity
  8
LEGEND_TEXT
100
AcDbPolyline
 90
84
 70
1
 10
476.5247481783112
 20
90.89809007313545
 10
476.47170488641234
 20
90.96282699983927
 10
476.4274920970853
 20
91.00429909350889
 10
476.39590722781827
 20
91.02857544102282
 10
476.36263461744534
 20
91.05015441659076
 10
476.32767426596655
 20
91.0690360202127
 10
476.2910261733819
 20
91.08522025188866
 10
476.2526903396914
 20
91.09870711161862
 10
476.1920220745821
 20
91.11387982881483
 10
476.1052239605658
 20
91.1246693165988
 10
476.0592932918988
 20
91.1260180025718
 10
476.01347187433026
 20
91.1246693165988
 10
475.92682445148415
 20
91.11387982881483
 10
475.8662098701042
 20
91.09870711161862
 10
475.8278815709722
 20
91.08522025188866
 10
475.7912184092705
 20
91.0690360202127
 10
475.7562203849992
 20
91.05015441659076
 10
475.72288749815823
 20
91.02857544102282
 10
475.6912197487476
 20
91.00429909350889
 10
475.64684025731356
 20
90.96282699983927
 10
475.5934955830744
 20
90.89809007313545
 10
475.5468114585566
 20
90.82256365864767
 10
475.5259671024432
 20
90.78075439348478
 10
475.5065806834012
 20
90.73576554463138
 10
475.47156005545435
 20
90.63407914300257
 10
475.441542374357
 20
90.51678113614444
 10
475.4165276401093
 20
90.38387152405701
 10
475.3965158527111
 20
90.23535030674024
 10
475.38150701216244
 20
90.07121748419416
 10
475.37150111846336
 20
89.89147305641877
 10
475.3664981716138
 20
89.69611702341406
 10
475.3658728032576
 20
89.59258465495071
 10
475.3664981716138
 20
89.48786182624303
 10
475.37150111846336
 20
89.29021528745177
 10
475.38150701216244
 20
89.10830090682597
 10
475.3965158527111
 20
88.94211868436562
 10
475.4165276401093
 20
88.79166862007072
 10
475.441542374357
 20
88.65695071394127
 10
475.47156005545435
 20
88.53796496597728
 10
475.5065806834012
 20
88.43471137617874
 10
475.5259671024432
 20
88.38898414059152
 10
475.5468114585566
 20
88.34670773280112
 10
475.5934955830744
 20
88.2703374477604
 10
475.64684025731356
 20
88.20487720343978
 10
475.6912197487476
 20
88.16294173442188
 10
475.72288749815823
 20
88.13839414280164
 10
475.7562203849992
 20
88.11657406136145
 10
475.7912184092705
 20
88.09748149010126
 10
475.8278815709722
 20
88.08111642902111
 10
475.8662098701042
 20
88.06747887812098
 10
475.92682445148415
 20
88.05213663335833
 10
476.01347187433026
 20
88.04122659263824
 10
476.0592932918988
 20
88.03986283754823
 10
476.1048773708744
 20
88.04122659263824
 10
476.19107272021006
 20
88.05213663335833
 10
476.2513680246732
 20
88.06747887812098
 10
476.28949289072546
 20
88.08111642902111
 10
476.32596015390595
 20
88.09748149010126
 10
476.36076981421456
 20
88.11657406136145
 10
476.3939218716513
 20
88.13839414280164
 10
476.42541632621624
 20
88.16294173442188
 10
476.46955000267894
 20
88.20487720343978
 10
476.5225932945778
 20
88.2703374477604
 10
476.5690061749893
 20
88.34670773280112
 10
476.5897262108873
 20
88.38898414059152
 10
476.6091126299293
 20
88.43471137617874
 10
476.6441332578761
 20
88.53796496597728
 10
476.6741509389734
 20
88.65695071394127
 10
476.69916567322116
 20
88.79166862007072
 10
476.71917746061933
 20
88.94211868436562
 10
476.73418630116805
 20
89.10830090682597
 10
476.74419219486714
 20
89.29021528745177
 10
476.74919514171665
 20
89.48786182624303
 10
476.7498205100729
 20
89.59258465495071
 10
476.7492026762752
 20
89.69611702341406
 10
476.7442600058937
 20
89.89147305641877
 10
476.73437466513076
 20
90.07121748419416
 10
476.7195466539863
 20
90.23535030674024
 10
476.6997759724603
 20
90.38387152405701
 10
476.6750626205529
 20
90.51678113614444
 10
476.645406598264
 20
90.63407914300257
 10
476.6108079055937
 20
90.73576554463138
 10
476.5916550578654
 20
90.78075439348478
 10
476.5710405057865
 20
90.82256365864767
  0
LWPOLYLINE
  5
94
330
17
100
AcDbEntity
  8
LEGEND_TEXT
100
AcDbPolyline
 90
4
 70
1
 10
475.41505840120016
 20
95.53776253750536
 10
474.33008197599656
 20
95.53776253750536
 10
474.33008197599656
 20
96.70375053579083
 10
475.41505840120016
 20
96.70375053579083
  0
LWPOLYLINE
  5
95
330
17
100
AcDbEntity
  8
LEGEND_TEXT
100
AcDbPolyline
 90
168
 70
1
 10
493.08906065821907
 20
98.8501578908594
 10
493.1612115904951
 20
98.8860223893592
 10
493.23511054034503
 20
98.91676338807329
 10
493.310757507769
 20
98.94238088700172
 10
493.38815249276684
 20
98.96287488614445
 10
493.4672954953386
 20
98.9782453855015
 10
493.54818651548436
 20
98.98849238507287
 10
493.63082555320403
 20
98.99361588485854
 10
493.6728005786541
 20
98.99425632233176
 10
493.7444127899968
 20
98.99285489444921
 10
493.8811499578065
 20
98.98164347138876
 10
493.9780264856475
 20
98.96587740771002
 10
494.03990781467667
 20
98.95186312888448
 10
494.0996267254139
 20
98.93504599429383
 10
494.15718321785926
 20
98.91542600393807
 10
494.2125772920127
 20
98.89300315781719
 10
494.26580894787423
 20
98.8677774559312
 10
494.3168781854439
 20
98.8397488982801
 10
494.36578500472166
 20
98.80891748486391
 10
494.4125294057075
 20
98.77528321568259
 10
494.4571113884015
 20
98.73884609073617
 10
494.4995309528035
 20
98.69960611002465
 10
494.5397880989137
 20
98.657563273548
 10
494.5591057651093
 20
98.63549078439777
 10
494.5778555139574
 20
98.61280893782816
 10
494.61356932128695
 20
98.56552958318822
 10
494.6469022081279
 20
98.51569601321394
 10
494.6778541744803
 20
98.46330822790533
 10
494.706425220344
 20
98.40836622726238
 10
494.73261534571907
 20
98.3508700112851
 10
494.7674363078654
 20
98.2598365335673
 10
494.80553103568366
 20
98.12951880960674
 10
494.83410208154737
 20
97.98898422430882
 10
494.8531494454565
 20
97.8382327776736
 10
494.8626731274111
 20
97.67726446970103
 10
494.8638635876554
 20
97.59294899271325
 10
494.8638635876554
 20
95.53776253750536
 10
493.7788871624518
 20
95.53776253750536
 10
493.7788871624518
 20
97.29783540505787
 10
493.78129822117444
 20
97.33785897985426
 10
493.78274485640804
 20
97.37884697813973
 10
493.78419149164165
 20
97.43020252893271
 10
493.7846737033862
 20
97.49939991427347
 10
493.78425930266826
 20
97.54347331426811
 10
493.78094409692454
 20
97.62698636077475
 10
493.7743136854372
 20
97.70432106930454
 10
493.7643680682062
 20
97.77547743985748
 10
493.7511072452315
 20
97.84045547243356
 10
493.73453121651306
 20
97.89925516703279
 10
493.71463998205104
 20
97.95187652365516
 10
493.6914335418453
 20
97.99831954230069
 10
493.67858711958854
 20
98.01922417488213
 10
493.66493826685064
 20
98.03884416523789
 10
493.63458906517894
 20
98.0742867284612
 10
493.60017120191276
 20
98.10466606836691
 10
493.5616846770521
 20
98.129982184955
 10
493.51912949059687
 20
98.15023507822546
 10
493.47250564254716
 20
98.16542474817831
 10
493.4218131329029
 20
98.17555119481355
 10
493.3670519616642
 20
98.18061441813116
 10
493.33814562794686
 20
98.18124732104586
 10
493.3003522824689
 20
98.18025652660201
 10
493.2280205207887
 20
98.17233017105121
 10
493.16002866480926
 20
98.15647745994963
 10
493.09637671453066
 20
98.13269839329726
 10
493.0370646699529
 20
98.10099297109409
 10
492.98209253107586
 20
98.06136119334012
 10
492.9314602978997
 20
98.01380306003536
 10
492.88516797042433
 20
97.9583185711798
 10
492.86364927132445
 20
97.9276039434205
 10
492.84341898172954
 20
97.89513376352872
 10
492.8067106126768
 20
97.82488153999678
 10
492.7750051904736
 20
97.74754683146699
 10
492.74830271512
 20
97.66312963793935
 10
492.72660318661593
 20
97.57162995941384
 10
492.7099066049614
 20
97.47304779589048
 10
492.6982129701564
 20
97.36738314736927
 10
492.69152228220105
 20
97.25463601385019
 10
492.69005304329187
 20
97.19560651521645
 10
492.69005304329187
 20
95.53776253750536
 10
491.60507661808833
 20
95.53776253750536
 10
491.60507661808833
 20
97.29783540505787
 10
491.60469989016286
 20
97.36631700734033
 10
491.60168606675956
 20
97.49392229023789
 10
491.5956584199529
 20
97.6090503442456
 10
491.58661694974285
 20
97.71170116936348
 10
491.57456165612945
 20
97.8018747655915
 10
491.55949253911274
 20
97.8795711329297
 10
491.54140959869267
 20
97.94479027137805
 10
491.5203128348693
 20
97.99753218093656
 10
491.5086342691813
 20
98.01922417488213
 10
491.4959912800043
 20
98.03884416523789
 10
491.4671791282683
 20
98.0742867284612
 10
491.4336654120232
 20
98.10466606836691
 10
491.3954501312688
 20
98.129982184955
 10
491.35253328600515
 20
98.15023507822546
 10
491.3049148762323
 20
98.16542474817831
 10
491.25259490195026
 20
98.17555119481355
 10
491.19557336315904
 20
98.18061441813116
 10
491.16529950707246
 20
98.18124732104586
 10
491.12703525168774
 20
98.18025275932276
 10
491.05382948122053
 20
98.17229626553794
 10
490.9850540311562
 20
98.15638327796827
 10
490.9207089014949
 20
98.13251379661381
 10
490.8607940922364
 20
98.1006878214745
 10
490.80530960338086
 20
98.06090535255036
 10
490.7542554349282
 20
98.0131663898414
 10
490.7076315868785
 20
97.95747093334762
 10
490.68598103300474
 20
97.92663951993141
 10
490.66554354305083
 20
97.89395837240141
 10
490.62862420635986
 20
97.82346504299721
 10
490.59697906062473
 20
97.74613033446742
 10
490.5706081058455
 20
97.66195424681204
 10
490.5495113420221
 20
97.57093678003108
 10
490.53368876915454
 20
97.47307793412452
 10
490.52314038724285
 20
97.36837770909237
 10
490.51786619628695
 20
97.25683610493464
 10
490.5172069224175
 20
97.19849978568367
 10
490.5172069224175
 20
95.53776253750536
 10
489.4322304972139
 20
95.53776253750536
 10
489.4322304972139
 20
98.91324474924988
 10
490.5172069224175
 20
98.91324474924988
 10
490.5172069224175
 20
98.41945992284612
 10
490.5423874169524
 20
98.4545935691706
 10
490.5941046265538
 20
98.52156072519288
 10
490.6476301301972
 20
98.58412769904629
 10
490.70296392788254
 20
98.64229449073082
 10
490.76010601960996
 20
98.69606110024647
 10
490.81905640537934
 20
98.74542752759322
 10
490.8798150851907
 20
98.79039377277111
 10
490.9423820590441
 20
98.8309598357801
 10
490.9743436562366
 20
98.84959279897129
 10
491.0067384905433
 20
98.86711064750321
 10
491.0727713613105
 20
98.89875579323832
 10
491.14046183494963
 20
98.9258802038684
 10
491.2098099114606
 20
98.94848387939348
 10
491.2808155908433
 20
98.96656681981355
 10
491.35347887309797
 20
98.98012902512859
 10
491.4277997582244
 20
98.98917049533861
 10
491.5037782462227
 20
98.99369123044363
 10
491.5423890912988
 20
98.99425632233176
 10
491.5857128027218
 20
98.99359704846228
 10
491.6704615168238
 20
98.98832285750643
 10
491.75267861926704
 20
98.97777447559473
 10
491.83236411005146
 20
98.96195190272718
 10
491.90951798917706
 20
98.94085513890377
 10
491.9841402566438
 20
98.91448418412452
 10
492.0562309124518
 20
98.8828390383894
 10
492.12578995660095
 20
98.84591970169845
 10
492.1596201243035
 20
98.82548221174453
 10
492.1927420435062
 20
98.80385802882554
 10
492.2559117820403
 20
98.75744514841406
 10
492.31498272074583
 20
98.70681291523789
 10
492.3699548596228
 20
98.65196132929704
 10
492.42082819867124
 20
98.5928903905915
 10
492.4676027378911
 20
98.5296000991213
 10
492.51027847728244
 20
98.46209045488641
 10
492.5488554168453
 20
98.39036145788684
 10
492.56660683669094
 20
98.35291470210029
 10
492.5925822271485
 20
98.39151047805936
 10
492.64631869843015
 20
98.46519846027111
 10
492.7024360902004
 20
98.53421501620767
 10
492.76093440245927
 20
98.59856014586904
 10
492.8218136352068
 20
98.65823384925525
 10
492.885073788443
 20
98.71323612636627
 10
492.95071486216784
 20
98.7635669772021
 10
493.0187368563813
 20
98.80922640176274
 10
493.05364069867124
 20
98.83030432918989
  0
LWPOLYLINE
  5
96
330
17
100
AcDbEntity
  8
LEGEND_TEXT
100
AcDbPolyline
 90
168
 70
1
 10
486.65756151548436
 20
98.8501578908594
 10
486.7297124477604
 20
98.8860223893592
 10
486.8036113976104
 20
98.91676338807329
 10
486.8792583650343
 20
98.94238088700172
 10
486.9566533500322
 20
98.96287488614445
 10
487.03579635260394
 20
98.9782453855015
 10
487.11668737274965
 20
98.98849238507287
 10
487.1993264104693
 20
98.99361588485854
 10
487.2413014359194
 20
98.99425632233176
 10
487.3129136472621
 20
98.99285489444921
 10
487.4496508150718
 20
98.98164347138876
 10
487.54652734291284
 20
98.96587740771002
 10
487.60840867194196
 20
98.95186312888448
 10
487.66812758267923
 20
98.93504599429383
 10
487.7256840751246
 20
98.91542600393807
 10
487.781078149278
 20
98.89300315781719
 10
487.8343098051396
 20
98.8677774559312
 10
487.88537904270925
 20
98.8397488982801
 10
487.93428586198695
 20
98.80891748486391
 10
487.9810302629728
 20
98.77528321568259
 10
488.0256122456668
 20
98.73884609073617
 10
488.0680318100689
 20
98.69960611002465
 10
488.108288956179
 20
98.657563273548
 10
488.1276066223746
 20
98.63549078439777
 10
488.1463563712227
 20
98.61280893782816
 10
488.1820701785523
 20
98.56552958318822
 10
488.2154030653933
 20
98.51569601321394
 10
488.2463550317456
 20
98.46330822790533
 10
488.2749260776093
 20
98.40836622726238
 10
488.30111620298436
 20
98.3508700112851
 10
488.33593716513076
 20
98.2598365335673
 10
488.374031892949
 20
98.12951880960674
 10
488.4026029388127
 20
97.98898422430882
 10
488.4216503027218
 20
97.8382327776736
 10
488.4311739846764
 20
97.67726446970103
 10
488.4323644449207
 20
97.59294899271325
 10
488.4323644449207
 20
95.53776253750536
 10
487.3473880197171
 20
95.53776253750536
 10
487.3473880197171
 20
97.29783540505787
 10
487.3497990784398
 20
97.33785897985426
 10
487.3512457136734
 20
97.37884697813973
 10
487.352692348907
 20
97.43020252893271
 10
487.3531745606515
 20
97.49939991427347
 10
487.35276015993355
 20
97.54347331426811
 10
487.3494449541899
 20
97.62698636077475
 10
487.3428145427025
 20
97.70432106930454
 10
487.33286892547153
 20
97.77547743985748
 10
487.3196081024968
 20
97.84045547243356
 10
487.3030320737784
 20
97.89925516703279
 10
487.28314083931633
 20
97.95187652365516
 10
487.2599343991106
 20
97.99831954230069
 10
487.24708797685383
 20
98.01922417488213
 10
487.23343912411593
 20
98.03884416523789
 10
487.2030899224443
 20
98.0742867284612
 10
487.1686720591781
 20
98.10466606836691
 10
487.13018553431743
 20
98.129982184955
 10
487.08763034786216
 20
98.15023507822546
 10
487.0410064998125
 20
98.16542474817831
 10
486.99031399016826
 20
98.17555119481355
 10
486.9355528189295
 20
98.18061441813116
 10
486.90664648521215
 20
98.18124732104586
 10
486.86885313973426
 20
98.18025652660201
 10
486.796521378054
 20
98.17233017105121
 10
486.7285295220746
 20
98.15647745994963
 10
486.66487757179596
 20
98.13269839329726
 10
486.6055655272182
 20
98.10099297109409
 10
486.5505933883412
 20
98.06136119334012
 10
486.499961155165
 20
98.01380306003536
 10
486.4536688276897
 20
97.9583185711798
 10
486.4321501285898
 20
97.9276039434205
 10
486.4119198389949
 20
97.89513376352872
 10
486.37521146994214
 20
97.82488153999678
 10
486.34350604773897
 20
97.74754683146699
 10
486.3168035723853
 20
97.66312963793935
 10
486.2951040438813
 20
97.57162995941384
 10
486.2784074622267
 20
97.47304779589048
 10
486.26671382742177
 20
97.36738314736927
 10
486.26002313946634
 20
97.25463601385019
 10
486.2585539005572
 20
97.19560651521645
 10
486.2585539005572
 20
95.53776253750536
 10
485.1735774753536
 20
95.53776253750536
 10
485.1735774753536
 20
97.29783540505787
 10
485.1732007474282
 20
97.36631700734033
 10
485.17018692402485
 20
97.49392229023789
 10
485.1641592772182
 20
97.6090503442456
 10
485.15511780700814
 20
97.71170116936348
 10
485.14306251339474
 20
97.8018747655915
 10
485.1279933963781
 20
97.8795711329297
 10
485.109910455958
 20
97.94479027137805
 10
485.0888136921346
 20
97.99753218093656
 10
485.07713512644665
 20
98.01922417488213
 10
485.0644921372696
 20
98.03884416523789
 10
485.03567998553365
 20
98.0742867284612
 10
485.00216626928847
 20
98.10466606836691
 10
484.96395098853407
 20
98.129982184955
 10
484.9210341432705
 20
98.15023507822546
 10
484.8734157334976
 20
98.16542474817831
 10
484.8210957592156
 20
98.17555119481355
 10
484.76407422042433
 20
98.18061441813116
 10
484.73380036433775
 20
98.18124732104586
 10
484.6955361089531
 20
98.18025275932276
 10
484.6223303384859
 20
98.17229626553794
 10
484.55355488842156
 20
98.15638327796827
 10
484.4892097587602
 20
98.13251379661381
 10
484.4292949495017
 20
98.1006878214745
 10
484.37381046064615
 20
98.06090535255036
 10
484.3227562921935
 20
98.0131663898414
 10
484.2761324441438
 20
97.95747093334762
 10
484.25448189027003
 20
97.92663951993141
 10
484.2340444003161
 20
97.89395837240141
 10
484.19712506362515
 20
97.82346504299721
 10
484.16547991789
 20
97.74613033446742
 10
484.1391089631108
 20
97.66195424681204
 10
484.11801219928736
 20
97.57093678003108
 10
484.1021896264199
 20
97.47307793412452
 10
484.09164124450814
 20
97.36837770909237
 10
484.0863670535523
 20
97.25683610493464
 10
484.0857077796828
 20
97.19849978568367
 10
484.0857077796828
 20
95.53776253750536
 10
483.0007313544792
 20
95.53776253750536
 10
483.0007313544792
 20
98.91324474924988
 10
484.0857077796828
 20
98.91324474924988
 10
484.0857077796828
 20
98.41945992284612
 10
484.11088827421776
 20
98.4545935691706
 10
484.1626054838191
 20
98.52156072519288
 10
484.2161309874625
 20
98.58412769904629
 10
484.2714647851479
 20
98.64229449073082
 10
484.32860687687526
 20
98.69606110024647
 10
484.3875572626447
 20
98.74542752759322
 10
484.4483159424561
 20
98.79039377277111
 10
484.51088291630947
 20
98.8309598357801
 10
484.5428445135019
 20
98.84959279897129
 10
484.57523934780863
 20
98.86711064750321
 10
484.64127221857586
 20
98.89875579323832
 10
484.708962692215
 20
98.9258802038684
 10
484.7783107687259
 20
98.94848387939348
 10
484.84931644810865
 20
98.96656681981355
 10
484.92197973036326
 20
98.98012902512859
 10
484.9963006154897
 20
98.98917049533861
 10
485.072279103488
 20
98.99369123044363
 10
485.1108899485641
 20
98.99425632233176
 10
485.15421365998714
 20
98.99359704846228
 10
485.23896237408917
 20
98.98832285750643
 10
485.3211794765324
 20
98.97777447559473
 10
485.40086496731675
 20
98.96195190272718
 10
485.47801884644235
 20
98.94085513890377
 10
485.55264111390915
 20
98.91448418412452
 10
485.6247317697171
 20
98.8828390383894
 10
485.69429081386625
 20
98.84591970169845
 10
485.7281209815688
 20
98.82548221174453
 10
485.76124290077155
 20
98.80385802882554
 10
485.8244126393056
 20
98.75744514841406
 10
485.8834835780111
 20
98.70681291523789
 10
485.93845571688814
 20
98.65196132929704
 10
485.98932905593654
 20
98.5928903905915
 10
486.0361035951564
 20
98.5296000991213
 10
486.0787793345478
 20
98.46209045488641
 10
486.1173562741106
 20
98.39036145788684
 10
486.1351076939563
 20
98.35291470210029
 10
486.16108308441386
 20
98.39151047805936
 10
486.21481955569544
 20
98.46519846027111
 10
486.2709369474657
 20
98.53421501620767
 10
486.3294352597246
 20
98.59856014586904
 10
486.39031449247216
 20
98.65823384925525
 10
486.45357464570833
 20
98.71323612636627
 10
486.51921571943313
 20
98.7635669772021
 10
486.5872377136466
 20
98.80922640176274
 10
486.62214155593654
 20
98.83030432918989
  0
LWPOLYLINE
  5
97
330
17
100
AcDbEntity
  8
LEGEND_TEXT
100
AcDbPolyline
 90
148
 70
1
 10
478.169692991856
 20
98.5641234462066
 10
478.2207528112275
 20
98.56372128914622
 10
478.32073640263343
 20
98.56050403266315
 10
478.4178719309232
 20
98.55406951969701
 10
478.51215939609676
 20
98.5444177502478
 10
478.60359879815417
 20
98.53154872431553
 10
478.6921901370955
 20
98.51546244190018
 10
478.77793341292056
 20
98.49615890300177
 10
478.86082862562955
 20
98.47363810762029
 10
478.94087577522237
 20
98.44790005575572
 10
479.018074861699
 20
98.4189447474081
 10
479.09242588505947
 20
98.38677218257742
 10
479.16392884530376
 20
98.35138236126366
 10
479.232583742432
 20
98.31277528346683
 10
479.2983905764439
 20
98.27095094918694
 10
479.3613493473398
 20
98.22590935842396
 10
479.4214600551195
 20
98.17765051117793
 10
479.4504473853408
 20
98.15231461637377
 10
479.4786313432611
 20
98.12626105487168
 10
479.53231507263314
 20
98.07226087404227
 10
479.58241988671375
 20
98.01573661611258
 10
479.6289457855029
 20
97.95668828108256
 10
479.67189276900046
 20
97.89511586895226
 10
479.7112608372066
 20
97.83101937972165
 10
479.74704999012135
 20
97.76439881339076
 10
479.7792602277446
 20
97.69525416995955
 10
479.80789155007636
 20
97.62358544942805
 10
479.83294395711664
 20
97.54939265179624
 10
479.85441744886543
 20
97.47267577706413
 10
479.8723120253228
 20
97.39343482523172
 10
479.8866276864887
 20
97.31166979629903
 10
479.89736443236313
 20
97.22738069026602
 10
479.90452226294605
 20
97.14056750713272
 10
479.90810117823753
 20
97.05123024689911
 10
479.908548542649
 20
97.0056150878697
 10
479.90806162180536
 20
96.96035405309017
 10
479.90416625505657
 20
96.8716798340053
 10
479.89637552155887
 20
96.78546941555267
 10
479.88468942131243
 20
96.70172279773226
 10
479.86910795431714
 20
96.62043998054409
 10
479.849631120573
 20
96.54162096398815
 10
479.82625892008014
 20
96.46526574806445
 10
479.79899135283836
 20
96.39137433277298
 10
479.7678284188478
 20
96.31994671811375
 10
479.7327701181084
 20
96.25098290408674
 10
479.69381645062015
 20
96.18448289069197
 10
479.65096741638314
 20
96.12044667792944
 10
479.6042230153973
 20
96.05887426579913
 10
479.55358324766263
 20
95.99976565430106
 10
479.49904811317913
 20
95.94312084343522
 10
479.4406176119468
 20
95.88893983320162
 10
479.40994159879983
 20
95.8627732533219
 10
479.3784000532442
 20
95.83737802386948
 10
479.3130452927427
 20
95.78900615824583
 10
479.24466163972085
 20
95.74385908366374
 10
479.17324909417863
 20
95.70193680012324
 10
479.09880765611604
 20
95.66323930762431
 10
479.0213373255331
 20
95.62776660616694
 10
478.9408381024298
 20
95.59551869575118
 10
478.8573099868062
 20
95.56649557637698
 10
478.77075297866213
 20
95.54069724804437
 10
478.68116707799777
 20
95.51812371075331
 10
478.588552284813
 20
95.49877496450385
 10
478.4929085991079
 20
95.48265100929596
 10
478.39423602088243
 20
95.46975184512966
 10
478.2925345501366
 20
95.46007747200493
 10
478.18780418687044
 20
95.45362788992178
 10
478.0800449310839
 20
95.4504030988802
 10
478.0250294684955
 20
95.45
 10
477.92943099014144
 20
95.45116032201028
 10
477.73895735105015
 20
95.46044289809258
 10
477.54944813544796
 20
95.47900805025718
 10
477.36090334333477
 20
95.50685577850408
 10
477.2669926060866
 20
95.52426060865838
 10
477.17327776735965
 20
95.5440162210673
 10
476.9863001634162
 20
95.59067020735105
 10
476.7999253241535
 20
95.64684787558937
 10
476.61415324957136
 20
95.71254922578225
 10
476.5214932490356
 20
95.74897128161166
 10
476.5214932490356
 20
96.66228032576082
 10
476.6127668908058
 20
96.61112067348907
 10
476.7917880009644
 20
96.5186565714745
 10
476.9661075466138
 20
96.4393327394985
 10
477.13572552775395
 20
96.37314917756107
 10
477.21877143163306
 20
96.34498499785684
 10
477.3006570135019
 20
96.3203469915345
 10
477.4609924185598
 20
96.28092618141878
 10
477.57823768350835
 20
96.25998387604479
 10
477.65496962735745
 20
96.25012867351586
 10
477.73055631831335
 20
96.24355853849657
 10
477.8049977563759
 20
96.24027347098692
 10
477.8417890055722
 20
96.23986283754822
 10
477.89376992472137
 20
96.24066903530861
 10
477.99352747937206
 20
96.24711861739176
 10
478.0876793224925
 20
96.26001778155808
 10
478.1762254540827
 20
96.27936652780754
 10
478.25916587414275
 20
96.30516485614017
 10
478.33650058267256
 20
96.33741276655593
 10
478.4082295796721
 20
96.37611025905487
 10
478.47435286514144
 20
96.42125733363694
 10
478.5053123660523
 20
96.44624946420917
 10
478.5347423515859
 20
96.47262041898843
 10
478.58790619642093
 20
96.52879808722675
 10
478.63347520627946
 20
96.58955676703815
 10
478.6714493811616
 20
96.65489645842263
 10
478.7018287210673
 20
96.7248171613802
 10
478.72461322599656
 20
96.79931887591084
 10
478.7398028959494
 20
96.87840160201458
 10
478.74739773092585
 20
96.96206533969138
 10
478.7483470852979
 20
97.0056150878697
 10
478.74739773092585
 20
97.04950765846013
 10
478.7398028959494
 20
97.13374402258358
 10
478.72461322599656
 20
97.21324868396378
 10
478.7018287210673
 20
97.28802164260073
 10
478.6714493811616
 20
97.35806289849442
 10
478.63347520627946
 20
97.42337245164488
 10
478.58790619642093
 20
97.48395030205208
 10
478.5347423515859
 20
97.53979644971602
 10
478.5053123660523
 20
97.56594513501929
 10
478.47435286514144
 20
97.59082047993464
 10
478.4082295796721
 20
97.63575658687849
 10
478.33650058267256
 20
97.67427324997321
 10
478.25916587414275
 20
97.70637046921881
 10
478.1762254540827
 20
97.7320482446153
 10
478.0876793224925
 20
97.75130657616266
 10
477.99352747937206
 20
97.76414546386091
 10
477.89376992472137
 20
97.77056490771002
 10
477.8417890055722
 20
97.77136733819117
 10
477.77858912880413
 20
97.77034263823403
 10
477.6491152753965
 20
97.76214503857693
 10
477.5155426221603
 20
97.74574983926274
 10
477.37787116909556
 20
97.72115704029147
 10
477.3074983926275
 20
97.70578654093441
 10
477.23617626178736
 20
97.68853240195028
 10
477.08946333851264
 20
97.64742385072867
 10
476.9373255331119
 20
97.5975149351693
 10
476.7797628455851
 20
97.53880565527218
 10
476.69894717102443
 20
97.50615087869696
 10
476.69894717102443
 20
100.03776253750536
 10
479.5835378268324
 20
100.03776253750536
 10
479.5835378268324
 20
99.18424774967852
 10
477.6247937205315
 20
99.18424774967852
 10
477.6247937205315
 20
98.48793399057008
 10
477.6909772824689
 20
98.5051730604372
 10
477.8240677239606
 20
98.53314134162022
 10
477.8909746035148
 20
98.54387055293613
 10
477.9586650771539
 20
98.55273119374196
 10
478.09802427132445
 20
98.56285764037719
  0
LWPOLYLINE
  5
98
330
17
100
AcDbEntity
  8
LEGEND_TEXT
100
AcDbPolyline
 90
11
 70
1
 10
470.1289327046721
 20
96.33919845692242
 10
471.15411487355334
 20
96.33919845692242
 10
471.15411487355334
 20
99.24789969995713
 10
470.1019288469781
 20
99.03090441491642
 10
470.1019288469781
 20
99.82076725246463
 10
471.14736390912987
 20
100.03776253750536
 10
472.25066438062584
 20
100.03776253750536
 10
472.25066438062584
 20
96.33919845692242
 10
473.27584654950704
 20
96.33919845692242
 10
473.27584654950704
 20
95.53776253750536
 10
470.1289327046721
 20
95.53776253750536
  0
LWPOLYLINE
  5
99
330
17
100
AcDbEntity
  8
LEGEND_TEXT
100
AcDbPolyline
 90
4
 70
1
 10
475.2067429275611
 20
103.73776253750536
 10
474.12176650235745
 20
103.73776253750536
 10
474.12176650235745
 20
104.90375053579083
 10
475.2067429275611
 20
104.90375053579083
  0
LWPOLYLINE
  5
9A
330
17
100
AcDbEntity
  8
LEGEND_TEXT
100
AcDbPolyline
 90
168
 70
1
 10
486.4492460418453
 20
107.05015789085941
 10
486.52139697412133
 20
107.08602238935919
 10
486.59529592397126
 20
107.1167633880733
 10
486.6709428913952
 20
107.1423808870017
 10
486.74833787639307
 20
107.16287488614445
 10
486.8274808789648
 20
107.1782453855015
 10
486.9083718991106
 20
107.18849238507286
 10
486.99101093683026
 20
107.19361588485856
 10
487.03298596228035
 20
107.19425632233177
 10
487.104598173623
 20
107.1928548944492
 10
487.2413353414327
 20
107.18164347138877
 10
487.3382118692737
 20
107.16587740771003
 10
487.4000931983029
 20
107.15186312888449
 10
487.4598121090401
 20
107.13504599429382
 10
487.5173686014855
 20
107.11542600393807
 10
487.57276267563896
 20
107.09300315781718
 10
487.62599433150046
 20
107.0677774559312
 10
487.6770635690701
 20
107.03974889828011
 10
487.7259703883479
 20
107.0089174848639
 10
487.77271478933375
 20
106.9752832156826
 10
487.8172967720277
 20
106.93884609073618
 10
487.85971633642976
 20
106.89960611002465
 10
487.8999734825399
 20
106.85756327354801
 10
487.9192911487355
 20
106.83549078439776
 10
487.9380408975836
 20
106.81280893782818
 10
487.9737547049132
 20
106.76552958318823
 10
488.00708759175416
 20
106.71569601321394
 10
488.0380395581065
 20
106.66330822790533
 10
488.0666106039702
 20
106.60836622726238
 10
488.0928007293453
 20
106.5508700112851
 10
488.12762169149164
 20
106.4598365335673
 10
488.1657164193099
 20
106.32951880960672
 10
488.1942874651736
 20
106.18898422430883
 10
488.2133348290827
 20
106.0382327776736
 10
488.2228585110373
 20
105.87726446970103
 10
488.2240489712816
 20
105.79294899271325
 10
488.2240489712816
 20
103.73776253750536
 10
487.139072546078
 20
103.73776253750536
 10
487.139072546078
 20
105.49783540505787
 10
487.14148360480067
 20
105.53785897985426
 10
487.1429302400343
 20
105.57884697813974
 10
487.1443768752679
 20
105.6302025289327
 10
487.14485908701243
 20
105.69939991427347
 10
487.1444446862945
 20
105.7434733142681
 10
487.1411294805508
 20
105.82698636077475
 10
487.13449906906345
 20
105.90432106930454
 10
487.1245534518324
 20
105.97547743985749
 10
487.1112926288577
 20
106.04045547243356
 10
487.0947166001393
 20
106.0992551670328
 10
487.07482536567727
 20
106.15187652365516
 10
487.05161892547153
 20
106.19831954230068
 10
487.0387725032148
 20
106.21922417488213
 10
487.02512365047687
 20
106.2388441652379
 10
486.9947744488052
 20
106.2742867284612
 10
486.960356585539
 20
106.30466606836691
 10
486.9218700606783
 20
106.32998218495499
 10
486.8793148742231
 20
106.35023507822547
 10
486.8326910261734
 20
106.36542474817831
 10
486.78199851652914
 20
106.37555119481354
 10
486.7272373452904
 20
106.38061441813116
 10
486.6983310115731
 20
106.38124732104586
 10
486.66053766609514
 20
106.38025652660201
 10
486.5882059044149
 20
106.37233017105122
 10
486.5202140484355
 20
106.35647745994963
 10
486.4565620981569
 20
106.33269839329725
 10
486.3972500535791
 20
106.30099297109409
 10
486.3422779147021
 20
106.26136119334012
 10
486.29164568152595
 20
106.21380306003536
 10
486.24535335405056
 20
106.15831857117982
 10
486.2238346549507
 20
106.1276039434205
 10
486.2036043653558
 20
106.09513376352872
 10
486.166895996303
 20
106.02488153999678
 10
486.13519057409985
 20
105.947546831467
 10
486.10848809874625
 20
105.86312963793935
 10
486.08678857024216
 20
105.77162995941384
 10
486.07009198858765
 20
105.67304779589048
 10
486.05839835378265
 20
105.56738314736927
 10
486.0517076658273
 20
105.45463601385019
 10
486.0502384269181
 20
105.39560651521646
 10
486.0502384269181
 20
103.73776253750536
 10
484.96526200171456
 20
103.73776253750536
 10
484.96526200171456
 20
105.49783540505787
 10
484.9648852737891
 20
105.56631700734033
 10
484.9618714503858
 20
105.6939222902379
 10
484.9558438035791
 20
105.8090503442456
 10
484.9468023333691
 20
105.91170116936348
 10
484.9347470397557
 20
106.00187476559151
 10
484.91967792273897
 20
106.0795711329297
 10
484.9015949823189
 20
106.14479027137806
 10
484.8804982184955
 20
106.19753218093656
 10
484.86881965280753
 20
106.21922417488213
 10
484.85617666363055
 20
106.2388441652379
 10
484.82736451189453
 20
106.2742867284612
 10
484.7938507956494
 20
106.30466606836691
 10
484.755635514895
 20
106.32998218495499
 10
484.7127186696314
 20
106.35023507822547
 10
484.66510025985855
 20
106.36542474817831
 10
484.6127802855765
 20
106.37555119481354
 10
484.5557587467853
 20
106.38061441813116
 10
484.5254848906987
 20
106.38124732104586
 10
484.487220635314
 20
106.38025275932276
 10
484.41401486484676
 20
106.37229626553793
 10
484.34523941478244
 20
106.35638327796828
 10
484.2808942851211
 20
106.3325137966138
 10
484.22097947586263
 20
106.3006878214745
 10
484.1654949870071
 20
106.26090535255037
 10
484.11444081855444
 20
106.2131663898414
 10
484.06781697050474
 20
106.15747093334762
 10
484.04616641663097
 20
106.12663951993142
 10
484.025728926677
 20
106.09395837240142
 10
483.9888095899861
 20
106.02346504299722
 10
483.95716444425096
 20
105.94613033446743
 10
483.93079348947174
 20
105.86195424681205
 10
483.9096967256483
 20
105.77093678003108
 10
483.89387415278077
 20
105.67307793412452
 10
483.8833257708691
 20
105.56837770909237
 10
483.8780515799132
 20
105.45683610493464
 10
483.8773923060437
 20
105.39849978568367
 10
483.8773923060437
 20
103.73776253750536
 10
482.7924158808401
 20
103.73776253750536
 10
482.7924158808401
 20
107.1132447492499
 10
483.8773923060437
 20
107.1132447492499
 10
483.8773923060437
 20
106.61945992284612
 10
483.90257280057864
 20
106.6545935691706
 10
483.95429001018005
 20
106.72156072519289
 10
484.0078155138234
 20
106.7841276990463
 10
484.06314931150877
 20
106.84229449073082
 10
484.1202914032362
 20
106.89606110024647
 10
484.1792417890056
 20
106.94542752759322
 10
484.24000046881696
 20
106.99039377277111
 10
484.30256744267035
 20
107.03095983578011
 10
484.33452903986284
 20
107.04959279897128
 10
484.3669238741695
 20
107.06711064750321
 10
484.43295674493675
 20
107.09875579323833
 10
484.50064721857586
 20
107.1258802038684
 10
484.5699952950868
 20
107.14848387939348
 10
484.64100097446953
 20
107.16656681981354
 10
484.7136642567242
 20
107.1801290251286
 10
484.78798514185064
 20
107.18917049533862
 10
484.8639636298489
 20
107.19369123044363
 10
484.902574474925
 20
107.19425632233177
 10
484.945898186348
 20
107.19359704846228
 10
485.03064690045005
 20
107.18832285750642
 10
485.1128640028933
 20
107.17777447559473
 10
485.1925494936777
 20
107.16195190272717
 10
485.2697033728033
 20
107.14085513890377
 10
485.34432564027003
 20
107.11448418412452
 10
485.416416296078
 20
107.08283903838941
 10
485.4859753402272
 20
107.04591970169845
 10
485.51980550792973
 20
107.02548221174453
 10
485.55292742713243
 20
107.00385802882555
 10
485.61609716566653
 20
106.95744514841405
 10
485.67516810437206
 20
106.9068129152379
 10
485.730140243249
 20
106.85196132929704
 10
485.7810135822975
 20
106.79289039059151
 10
485.82778812151736
 20
106.7296000991213
 10
485.87046386090867
 20
106.66209045488641
 10
485.90904080047153
 20
106.59036145788684
 10
485.92679222031717
 20
106.5529147021003
 10
485.95276761077474
 20
106.59151047805936
 10
486.0065040820564
 20
106.66519846027111
 10
486.06262147382665
 20
106.73421501620767
 10
486.1211197860855
 20
106.79856014586906
 10
486.18199901883304
 20
106.85823384925524
 10
486.2452591720692
 20
106.91323612636626
 10
486.3109002457941
 20
106.9635669772021
 10
486.3789222400075
 20
107.00922640176276
 10
486.4138260822975
 20
107.03030432918989
  0
LWPOLYLINE
  5
9B
330
17
100
AcDbEntity
  8
LEGEND_TEXT
100
AcDbPolyline
 90
168
 70
1
 10
492.88074518457995
 20
107.05015789085941
 10
492.952896116856
 20
107.08602238935919
 10
493.026795066706
 20
107.1167633880733
 10
493.10244203412987
 20
107.1423808870017
 10
493.1798370191277
 20
107.16287488614445
 10
493.25898002169953
 20
107.1782453855015
 10
493.3398710418453
 20
107.18849238507286
 10
493.422510079565
 20
107.19361588485856
 10
493.464485105015
 20
107.19425632233177
 10
493.5360973163577
 20
107.1928548944492
 10
493.67283448416737
 20
107.18164347138877
 10
493.76971101200843
 20
107.16587740771003
 10
493.83159234103755
 20
107.15186312888449
 10
493.8913112517748
 20
107.13504599429382
 10
493.94886774422014
 20
107.11542600393807
 10
494.0042618183736
 20
107.09300315781718
 10
494.0574934742352
 20
107.0677774559312
 10
494.10856271180484
 20
107.03974889828011
 10
494.1574695310826
 20
107.0089174848639
 10
494.20421393206846
 20
106.9752832156826
 10
494.24879591476235
 20
106.93884609073618
 10
494.2912154791644
 20
106.89960611002465
 10
494.3314726252746
 20
106.85756327354801
 10
494.3507902914702
 20
106.83549078439776
 10
494.36954004031827
 20
106.81280893782818
 10
494.4052538476479
 20
106.76552958318823
 10
494.43858673448887
 20
106.71569601321394
 10
494.4695387008412
 20
106.66330822790533
 10
494.49810974670487
 20
106.60836622726238
 10
494.52429987207995
 20
106.5508700112851
 10
494.5591208342263
 20
106.4598365335673
 10
494.5972155620446
 20
106.32951880960672
 10
494.62578660790825
 20
106.18898422430883
 10
494.64483397181743
 20
106.0382327776736
 10
494.65435765377197
 20
105.87726446970103
 10
494.6555481140163
 20
105.79294899271325
 10
494.6555481140163
 20
103.73776253750536
 10
493.5705716888127
 20
103.73776253750536
 10
493.5705716888127
 20
105.49783540505787
 10
493.5729827475354
 20
105.53785897985426
 10
493.574429382769
 20
105.57884697813974
 10
493.5758760180026
 20
105.6302025289327
 10
493.57635822974714
 20
105.69939991427347
 10
493.57594382902914
 20
105.7434733142681
 10
493.5726286232855
 20
105.82698636077475
 10
493.5659982117981
 20
105.90432106930454
 10
493.55605259456706
 20
105.97547743985749
 10
493.54279177159236
 20
106.04045547243356
 10
493.526215742874
 20
106.0992551670328
 10
493.5063245084119
 20
106.15187652365516
 10
493.4831180682062
 20
106.19831954230068
 10
493.4702716459494
 20
106.21922417488213
 10
493.4566227932115
 20
106.2388441652379
 10
493.4262735915399
 20
106.2742867284612
 10
493.3918557282737
 20
106.30466606836691
 10
493.35336920341297
 20
106.32998218495499
 10
493.3108140169578
 20
106.35023507822547
 10
493.26419016890804
 20
106.36542474817831
 10
493.2134976592638
 20
106.37555119481354
 10
493.15873648802506
 20
106.38061441813116
 10
493.1298301543078
 20
106.38124732104586
 10
493.09203680882985
 20
106.38025652660201
 10
493.0197050471496
 20
106.37233017105122
 10
492.95171319117014
 20
106.35647745994963
 10
492.88806124089155
 20
106.33269839329725
 10
492.82874919631377
 20
106.30099297109409
 10
492.77377705743675
 20
106.26136119334012
 10
492.7231448242606
 20
106.21380306003536
 10
492.6768524967853
 20
106.15831857117982
 10
492.6553337976854
 20
106.1276039434205
 10
492.6351035080904
 20
106.09513376352872
 10
492.59839513903773
 20
106.02488153999678
 10
492.56668971683456
 20
105.947546831467
 10
492.53998724148096
 20
105.86312963793935
 10
492.51828771297687
 20
105.77162995941384
 10
492.50159113132236
 20
105.67304779589048
 10
492.48989749651736
 20
105.56738314736927
 10
492.48320680856193
 20
105.45463601385019
 10
492.4817375696528
 20
105.39560651521646
 10
492.4817375696528
 20
103.73776253750536
 10
491.3967611444492
 20
103.73776253750536
 10
491.3967611444492
 20
105.49783540505787
 10
491.3963844165238
 20
105.56631700734033
 10
491.39337059312044
 20
105.6939222902379
 10
491.38734294631377
 20
105.8090503442456
 10
491.37830147610373
 20
105.91170116936348
 10
491.3662461824904
 20
106.00187476559151
 10
491.3511770654736
 20
106.0795711329297
 10
491.33309412505355
 20
106.14479027137806
 10
491.31199736123017
 20
106.19753218093656
 10
491.30031879554224
 20
106.21922417488213
 10
491.2876758063652
 20
106.2388441652379
 10
491.25886365462924
 20
106.2742867284612
 10
491.22534993838406
 20
106.30466606836691
 10
491.18713465762966
 20
106.32998218495499
 10
491.14421781236604
 20
106.35023507822547
 10
491.09659940259326
 20
106.36542474817831
 10
491.0442794283112
 20
106.37555119481354
 10
490.9872578895199
 20
106.38061441813116
 10
490.95698403343334
 20
106.38124732104586
 10
490.9187197780486
 20
106.38025275932276
 10
490.8455140075814
 20
106.37229626553793
 10
490.77673855751715
 20
106.35638327796828
 10
490.7123934278558
 20
106.3325137966138
 10
490.6524786185973
 20
106.3006878214745
 10
490.59699412974174
 20
106.26090535255037
 10
490.54593996128915
 20
106.2131663898414
 10
490.4993161132394
 20
106.15747093334762
 10
490.4776655593656
 20
106.12663951993142
 10
490.4572280694117
 20
106.09395837240142
 10
490.42030873272074
 20
106.02346504299722
 10
490.3886635869857
 20
105.94613033446743
 10
490.3622926322064
 20
105.86195424681205
 10
490.341195868383
 20
105.77093678003108
 10
490.3253732955154
 20
105.67307793412452
 10
490.31482491360373
 20
105.56837770909237
 10
490.3095507226479
 20
105.45683610493464
 10
490.3088914487784
 20
105.39849978568367
 10
490.3088914487784
 20
103.73776253750536
 10
489.2239150235748
 20
103.73776253750536
 10
489.2239150235748
 20
107.1132447492499
 10
490.3088914487784
 20
107.1132447492499
 10
490.3088914487784
 20
106.61945992284612
 10
490.33407194331335
 20
106.6545935691706
 10
490.3857891529147
 20
106.72156072519289
 10
490.43931465655805
 20
106.7841276990463
 10
490.4946484542435
 20
106.84229449073082
 10
490.55179054597085
 20
106.89606110024647
 10
490.6107409317402
 20
106.94542752759322
 10
490.67149961155167
 20
106.99039377277111
 10
490.73406658540506
 20
107.03095983578011
 10
490.76602818259755
 20
107.04959279897128
 10
490.7984230169042
 20
107.06711064750321
 10
490.86445588767145
 20
107.09875579323833
 10
490.9321463613105
 20
107.1258802038684
 10
491.00149443782146
 20
107.14848387939348
 10
491.07250011720424
 20
107.16656681981354
 10
491.14516339945885
 20
107.1801290251286
 10
491.2194842845853
 20
107.18917049533862
 10
491.2954627725836
 20
107.19369123044363
 10
491.33407361765967
 20
107.19425632233177
 10
491.3773973290827
 20
107.19359704846228
 10
491.46214604318476
 20
107.18832285750642
 10
491.5443631456279
 20
107.17777447559473
 10
491.62404863641234
 20
107.16195190272717
 10
491.70120251553794
 20
107.14085513890377
 10
491.77582478300474
 20
107.11448418412452
 10
491.8479154388127
 20
107.08283903838941
 10
491.91747448296184
 20
107.04591970169845
 10
491.9513046506644
 20
107.02548221174453
 10
491.98442656986714
 20
107.00385802882555
 10
492.04759630840124
 20
106.95744514841405
 10
492.1066672471067
 20
106.9068129152379
 10
492.16163938598373
 20
106.85196132929704
 10
492.2125127250322
 20
106.79289039059151
 10
492.25928726425207
 20
106.7296000991213
 10
492.3019630036434
 20
106.66209045488641
 10
492.3405399432062
 20
106.59036145788684
 10
492.3582913630519
 20
106.5529147021003
 10
492.38426675350945
 20
106.59151047805936
 10
492.43800322479103
 20
106.66519846027111
 10
492.4941206165613
 20
106.73421501620767
 10
492.5526189288202
 20
106.79856014586906
 10
492.61349816156775
 20
106.85823384925524
 10
492.6767583148039
 20
106.91323612636626
 10
492.7423993885287
 20
106.9635669772021
 10
492.81042138274216
 20
107.00922640176276
 10
492.8453252250322
 20
107.03030432918989
  0
LWPOLYLINE
  5
9C
330
17
100
AcDbEntity
  8
LEGEND_TEXT
100
AcDbPolyline
 90
136
 70
1
 10
479.6662183046239
 20
104.83545070473238
 10
479.6285455120821
 20
104.73558766626259
 10
479.5871054402861
 20
104.63971040924373
 10
479.54189808923593
 20
104.54781893367579
 10
479.4929234589316
 20
104.45991323955877
 10
479.4401815493731
 20
104.37599332689268
 10
479.38367236056047
 20
104.29605919567751
 10
479.35400503643376
 20
104.25758679811402
 10
479.3234721798985
 20
104.22020596971443
 10
479.2600387318166
 20
104.14900439181044
 10
479.1934483037197
 20
104.08254958576671
 10
479.12370089560784
 20
104.02084155158326
 10
479.050796507481
 20
103.96388028926008
 10
478.9747351393391
 20
103.91166579879715
 10
478.8955167911822
 20
103.86419808019448
 10
478.8131414630103
 20
103.8214771334521
 10
478.7276091548234
 20
103.78350295856997
 10
478.63891986662156
 20
103.75027555554811
 10
478.54707359840467
 20
103.72179492438651
 10
478.4520703501728
 20
103.6980610650852
 10
478.3539101219259
 20
103.67907397764412
 10
478.252592913664
 20
103.66483366206333
 10
478.1481187253871
 20
103.65534011834279
 10
478.0404875570952
 20
103.65059334648254
 10
477.98548810544366
 20
103.65
 10
477.9303106498473
 20
103.65059334648254
 10
477.82234042642256
 20
103.65534011834279
 10
477.71754978668827
 20
103.66483366206333
 10
477.61593873064453
 20
103.67907397764412
 10
477.51750725829135
 20
103.6980610650852
 10
477.4222553696287
 20
103.72179492438651
 10
477.3301830646566
 20
103.75027555554811
 10
477.24129034337494
 20
103.78350295856997
 10
477.15557720578386
 20
103.8214771334521
 10
477.0730436518833
 20
103.86419808019448
 10
476.9936896816733
 20
103.91166579879715
 10
476.91751529515375
 20
103.96388028926008
 10
476.8445204923248
 20
104.02084155158326
 10
476.7747052731863
 20
104.08254958576671
 10
476.70806963773845
 20
104.14900439181044
 10
476.644613585981
 20
104.22020596971443
 10
476.6140779039863
 20
104.25758679811402
 10
476.58441057985965
 20
104.29605919567751
 10
476.52790139104695
 20
104.37599332689268
 10
476.47515948148845
 20
104.45991323955877
 10
476.4261848511841
 20
104.54781893367579
 10
476.38097750013395
 20
104.63971040924373
 10
476.33953742833796
 20
104.73558766626259
 10
476.30186463579616
 20
104.83545070473238
 10
476.26795912250856
 20
104.93929952465308
 10
476.23782088847514
 20
105.0471341260247
 10
476.2114499336959
 20
105.15895450884724
 10
476.1888462581708
 20
105.27476067312071
 10
476.1700098618999
 20
105.3945526188451
 10
476.1549407448832
 20
105.5183303460204
 10
476.14363890712065
 20
105.64609385464665
 10
476.1361043486123
 20
105.7778431447238
 10
476.13233706935813
 20
105.91357821625188
 10
476.13186615945136
 20
105.98294042006
 10
476.13233706935813
 20
106.05253902064135
 10
476.1361043486123
 20
106.18871863112142
 10
476.14363890712065
 20
106.32087478735801
 10
476.1549407448832
 20
106.44900748935116
 10
476.1700098618999
 20
106.57311673710083
 10
476.1888462581708
 20
106.69320253060705
 10
476.2114499336959
 20
106.8092648698698
 10
476.23782088847514
 20
106.9213037548891
 10
476.26795912250856
 20
107.02931918566492
 10
476.30186463579616
 20
107.13331116219727
 10
476.33953742833796
 20
107.23327968448618
 10
476.38097750013395
 20
107.32922475253162
 10
476.4261848511841
 20
107.42114636633359
 10
476.47515948148845
 20
107.5090445258921
 10
476.52790139104695
 20
107.59291923120713
 10
476.58441057985965
 20
107.67277048227872
 10
476.6140779039863
 20
107.71118731247321
 10
476.644613585981
 20
107.7485681408728
 10
476.70806963773845
 20
107.8197697187768
 10
476.7747052731863
 20
107.8862245248205
 10
476.8445204923248
 20
107.94793255900396
 10
476.91751529515375
 20
108.00489382132716
 10
476.9936896816733
 20
108.05710831179007
 10
477.0730436518833
 20
108.10457603039274
 10
477.15557720578386
 20
108.14729697713513
 10
477.24129034337494
 20
108.18527115201725
 10
477.3301830646566
 20
108.2184985550391
 10
477.4222553696287
 20
108.2469791862007
 10
477.51750725829135
 20
108.27071304550203
 10
477.61593873064453
 20
108.2897001329431
 10
477.71754978668827
 20
108.30394044852389
 10
477.82234042642256
 20
108.31343399224443
 10
477.9303106498473
 20
108.3181807641047
 10
477.98548810544366
 20
108.31877411058723
 10
478.0404875570952
 20
108.3181807641047
 10
478.1481187253871
 20
108.31343399224443
 10
478.252592913664
 20
108.30394044852389
 10
478.3539101219259
 20
108.2897001329431
 10
478.4520703501728
 20
108.27071304550203
 10
478.54707359840467
 20
108.2469791862007
 10
478.63891986662156
 20
108.2184985550391
 10
478.7276091548234
 20
108.18527115201725
 10
478.8131414630103
 20
108.14729697713513
 10
478.8955167911822
 20
108.10457603039274
 10
478.9747351393391
 20
108.05710831179007
 10
479.050796507481
 20
108.00489382132716
 10
479.12370089560784
 20
107.94793255900396
 10
479.1934483037197
 20
107.8862245248205
 10
479.2600387318166
 20
107.8197697187768
 10
479.3234721798985
 20
107.7485681408728
 10
479.35400503643376
 20
107.71118731247321
 10
479.38367236056047
 20
107.67277048227872
 10
479.4401815493731
 20
107.59291923120713
 10
479.4929234589316
 20
107.5090445258921
 10
479.54189808923593
 20
107.42114636633359
 10
479.5871054402861
 20
107.32922475253162
 10
479.6285455120821
 20
107.23327968448618
 10
479.6662183046239
 20
107.13331116219727
 10
479.7001238179115
 20
107.02931918566492
 10
479.7302620519449
 20
106.9213037548891
 10
479.7566330067242
 20
106.8092648698698
 10
479.77923668224923
 20
106.69320253060705
 10
479.79807307852013
 20
106.57311673710083
 10
479.8131421955369
 20
106.44900748935116
 10
479.8244440332994
 20
106.32087478735801
 10
479.83197859180774
 20
106.18871863112142
 10
479.83574587106193
 20
106.05253902064135
 10
479.8362167809687
 20
105.98294042006
 10
479.83574587106193
 20
105.91357821625188
 10
479.83197859180774
 20
105.7778431447238
 10
479.8244440332994
 20
105.64609385464665
 10
479.8131421955369
 20
105.5183303460204
 10
479.79807307852013
 20
105.3945526188451
 10
479.77923668224923
 20
105.27476067312071
 10
479.7566330067242
 20
105.15895450884724
 10
479.7302620519449
 20
105.0471341260247
 10
479.7001238179115
 20
104.93929952465308
  0
LWPOLYLINE
  5
9D
330
17
100
AcDbEntity
  8
LEGEND_TEXT
100
AcDbPolyline
 90
84
 70
1
 10
478.49723531933137
 20
107.22256365864766
 10
478.450942991856
 20
107.29809007313546
 10
478.3978996999571
 20
107.36282699983926
 10
478.3536869106301
 20
107.4042990935089
 10
478.32210204136305
 20
107.42857544102283
 10
478.2888294309902
 20
107.45015441659076
 10
478.25386907951133
 20
107.46903602021271
 10
478.2172209869267
 20
107.48522025188866
 10
478.1788851532362
 20
107.49870711161863
 10
478.1182168881269
 20
107.51387982881482
 10
478.0314187741106
 20
107.5246693165988
 10
477.98548810544366
 20
107.52601800257179
 10
477.93966668787505
 20
107.5246693165988
 10
477.85301926502893
 20
107.51387982881482
 10
477.792404683649
 20
107.49870711161863
 10
477.754076384517
 20
107.48522025188866
 10
477.7174132228153
 20
107.46903602021271
 10
477.682415198544
 20
107.45015441659076
 10
477.649082311703
 20
107.42857544102283
 10
477.61741456229237
 20
107.4042990935089
 10
477.57303507085834
 20
107.36282699983926
 10
477.5196903966191
 20
107.29809007313546
 10
477.4730062721014
 20
107.22256365864766
 10
477.452161915988
 20
107.18075439348479
 10
477.43277549694596
 20
107.13576554463137
 10
477.39775486899913
 20
107.03407914300257
 10
477.36773718790187
 20
106.91678113614445
 10
477.3427224536541
 20
106.783871524057
 10
477.3227106662559
 20
106.63535030674025
 10
477.3077018257072
 20
106.47121748419417
 10
477.29769593200814
 20
106.29147305641877
 10
477.2926929851586
 20
106.09611702341405
 10
477.2920676168024
 20
105.9925846549507
 10
477.2926929851586
 20
105.88786182624304
 10
477.29769593200814
 20
105.69021528745178
 10
477.3077018257072
 20
105.50830090682598
 10
477.3227106662559
 20
105.34211868436563
 10
477.3427224536541
 20
105.19166862007073
 10
477.36773718790187
 20
105.05695071394128
 10
477.39775486899913
 20
104.93796496597729
 10
477.43277549694596
 20
104.83471137617875
 10
477.452161915988
 20
104.78898414059151
 10
477.4730062721014
 20
104.74670773280111
 10
477.5196903966191
 20
104.6703374477604
 10
477.57303507085834
 20
104.60487720343977
 10
477.61741456229237
 20
104.56294173442188
 10
477.649082311703
 20
104.53839414280165
 10
477.682415198544
 20
104.51657406136144
 10
477.7174132228153
 20
104.49748149010126
 10
477.754076384517
 20
104.48111642902111
 10
477.792404683649
 20
104.46747887812099
 10
477.85301926502893
 20
104.45213663335834
 10
477.93966668787505
 20
104.44122659263823
 10
477.98548810544366
 20
104.43986283754822
 10
478.0310721844192
 20
104.44122659263823
 10
478.11726753375484
 20
104.45213663335834
 10
478.17756283821797
 20
104.46747887812099
 10
478.21568770427024
 20
104.48111642902111
 10
478.2521549674507
 20
104.49748149010126
 10
478.2869646277593
 20
104.51657406136144
 10
478.3201166851961
 20
104.53839414280165
 10
478.351611139761
 20
104.56294173442188
 10
478.3957448162237
 20
104.60487720343977
 10
478.4487881081226
 20
104.6703374477604
 10
478.49520098853407
 20
104.74670773280111
 10
478.51592102443203
 20
104.78898414059151
 10
478.53530744347404
 20
104.83471137617875
 10
478.57032807142093
 20
104.93796496597729
 10
478.60034575251825
 20
105.05695071394128
 10
478.625360486766
 20
105.19166862007073
 10
478.6453722741642
 20
105.34211868436563
 10
478.66038111471283
 20
105.50830090682598
 10
478.6703870084119
 20
105.69021528745178
 10
478.6753899552615
 20
105.88786182624304
 10
478.67601532361766
 20
105.9925846549507
 10
478.67539748981994
 20
106.09611702341405
 10
478.6704548194385
 20
106.29147305641877
 10
478.66056947867554
 20
106.47121748419417
 10
478.6457414675311
 20
106.63535030674025
 10
478.62597078600515
 20
106.783871524057
 10
478.60125743409776
 20
106.91678113614445
 10
478.57160141180884
 20
107.03407914300257
 10
478.53700271913846
 20
107.13576554463137
 10
478.5178498714102
 20
107.18075439348479
  0
LWPOLYLINE
  5
9E
330
17
100
AcDbEntity
  8
LEGEND_TEXT
100
AcDbPolyline
 90
4
 70
1
 10
475.2067429275611
 20
111.93776253750536
 10
474.12176650235745
 20
111.93776253750536
 10
474.12176650235745
 20
113.10375053579082
 10
475.2067429275611
 20
113.10375053579082
  0
LWPOLYLINE
  5
9F
330
17
100
AcDbEntity
  8
LEGEND_TEXT
100
AcDbPolyline
 90
168
 70
1
 10
492.952896116856
 20
115.28602238935919
 10
493.026795066706
 20
115.3167633880733
 10
493.10244203412987
 20
115.34238088700171
 10
493.1798370191277
 20
115.36287488614445
 10
493.25898002169953
 20
115.3782453855015
 10
493.3398710418453
 20
115.38849238507287
 10
493.422510079565
 20
115.39361588485855
 10
493.464485105015
 20
115.39425632233176
 10
493.5360973163577
 20
115.39285489444921
 10
493.67283448416737
 20
115.38164347138877
 10
493.76971101200843
 20
115.36587740771003
 10
493.83159234103755
 20
115.35186312888447
 10
493.8913112517748
 20
115.33504599429384
 10
493.94886774422014
 20
115.31542600393806
 10
494.0042618183736
 20
115.29300315781718
 10
494.0574934742352
 20
115.2677774559312
 10
494.10856271180484
 20
115.23974889828011
 10
494.1574695310826
 20
115.2089174848639
 10
494.20421393206846
 20
115.1752832156826
 10
494.24879591476235
 20
115.13884609073618
 10
494.2912154791644
 20
115.09960611002464
 10
494.3314726252746
 20
115.057563273548
 10
494.3507902914702
 20
115.03549078439777
 10
494.36954004031827
 20
115.01280893782817
 10
494.4052538476479
 20
114.96552958318821
 10
494.43858673448887
 20
114.91569601321393
 10
494.4695387008412
 20
114.86330822790532
 10
494.49810974670487
 20
114.80836622726238
 10
494.52429987207995
 20
114.75087001128509
 10
494.5591208342263
 20
114.6598365335673
 10
494.5972155620446
 20
114.52951880960673
 10
494.62578660790825
 20
114.38898422430883
 10
494.64483397181743
 20
114.2382327776736
 10
494.65435765377197
 20
114.07726446970102
 10
494.6555481140163
 20
113.99294899271325
 10
494.6555481140163
 20
111.93776253750536
 10
493.5705716888127
 20
111.93776253750536
 10
493.5705716888127
 20
113.69783540505787
 10
493.5729827475354
 20
113.73785897985427
 10
493.574429382769
 20
113.77884697813974
 10
493.5758760180026
 20
113.8302025289327
 10
493.57635822974714
 20
113.89939991427346
 10
493.57594382902914
 20
113.9434733142681
 10
493.5726286232855
 20
114.02698636077476
 10
493.5659982117981
 20
114.10432106930455
 10
493.55605259456706
 20
114.17547743985747
 10
493.54279177159236
 20
114.24045547243355
 10
493.526215742874
 20
114.29925516703278
 10
493.5063245084119
 20
114.35187652365516
 10
493.4831180682062
 20
114.39831954230068
 10
493.4702716459494
 20
114.41922417488212
 10
493.4566227932115
 20
114.4388441652379
 10
493.4262735915399
 20
114.47428672846121
 10
493.3918557282737
 20
114.5046660683669
 10
493.35336920341297
 20
114.52998218495499
 10
493.3108140169578
 20
114.55023507822546
 10
493.26419016890804
 20
114.56542474817832
 10
493.2134976592638
 20
114.57555119481354
 10
493.15873648802506
 20
114.58061441813116
 10
493.1298301543078
 20
114.58124732104586
 10
493.09203680882985
 20
114.58025652660201
 10
493.0197050471496
 20
114.57233017105122
 10
492.95171319117014
 20
114.55647745994963
 10
492.88806124089155
 20
114.53269839329725
 10
492.82874919631377
 20
114.50099297109409
 10
492.77377705743675
 20
114.46136119334011
 10
492.7231448242606
 20
114.41380306003536
 10
492.6768524967853
 20
114.35831857117981
 10
492.6553337976854
 20
114.32760394342048
 10
492.6351035080904
 20
114.29513376352872
 10
492.59839513903773
 20
114.22488153999679
 10
492.56668971683456
 20
114.147546831467
 10
492.53998724148096
 20
114.06312963793934
 10
492.51828771297687
 20
113.97162995941385
 10
492.50159113132236
 20
113.87304779589049
 10
492.48989749651736
 20
113.76738314736926
 10
492.48320680856193
 20
113.6546360138502
 10
492.4817375696528
 20
113.59560651521646
 10
492.4817375696528
 20
111.93776253750536
 10
491.3967611444492
 20
111.93776253750536
 10
491.3967611444492
 20
113.69783540505787
 10
491.3963844165238
 20
113.76631700734033
 10
491.39337059312044
 20
113.8939222902379
 10
491.38734294631377
 20
114.00905034424561
 10
491.37830147610373
 20
114.11170116936347
 10
491.3662461824904
 20
114.20187476559151
 10
491.3511770654736
 20
114.2795711329297
 10
491.33309412505355
 20
114.34479027137806
 10
491.31199736123017
 20
114.39753218093657
 10
491.30031879554224
 20
114.41922417488212
 10
491.2876758063652
 20
114.4388441652379
 10
491.25886365462924
 20
114.47428672846121
 10
491.22534993838406
 20
114.5046660683669
 10
491.18713465762966
 20
114.52998218495499
 10
491.14421781236604
 20
114.55023507822546
 10
491.09659940259326
 20
114.56542474817832
 10
491.0442794283112
 20
114.57555119481354
 10
490.9872578895199
 20
114.58061441813116
 10
490.95698403343334
 20
114.58124732104586
 10
490.9187197780486
 20
114.58025275932276
 10
490.8455140075814
 20
114.57229626553793
 10
490.77673855751715
 20
114.55638327796828
 10
490.7123934278558
 20
114.5325137966138
 10
490.6524786185973
 20
114.5006878214745
 10
490.59699412974174
 20
114.46090535255036
 10
490.54593996128915
 20
114.41316638984141
 10
490.4993161132394
 20
114.35747093334763
 10
490.4776655593656
 20
114.32663951993142
 10
490.4572280694117
 20
114.29395837240142
 10
490.42030873272074
 20
114.22346504299722
 10
490.3886635869857
 20
114.14613033446741
 10
490.3622926322064
 20
114.06195424681204
 10
490.341195868383
 20
113.97093678003108
 10
490.3253732955154
 20
113.87307793412452
 10
490.31482491360373
 20
113.76837770909236
 10
490.3095507226479
 20
113.65683610493463
 10
490.3088914487784
 20
113.59849978568367
 10
490.3088914487784
 20
111.93776253750536
 10
489.2239150235748
 20
111.93776253750536
 10
489.2239150235748
 20
115.31324474924989
 10
490.3088914487784
 20
115.31324474924989
 10
490.3088914487784
 20
114.81945992284612
 10
490.33407194331335
 20
114.85459356917059
 10
490.3857891529147
 20
114.92156072519288
 10
490.43931465655805
 20
114.9841276990463
 10
490.4946484542435
 20
115.04229449073082
 10
490.55179054597085
 20
115.09606110024646
 10
490.6107409317402
 20
115.14542752759323
 10
490.67149961155167
 20
115.1903937727711
 10
490.73406658540506
 20
115.23095983578011
 10
490.76602818259755
 20
115.24959279897128
 10
490.7984230169042
 20
115.26711064750322
 10
490.86445588767145
 20
115.29875579323831
 10
490.9321463613105
 20
115.32588020386841
 10
491.00149443782146
 20
115.34848387939348
 10
491.07250011720424
 20
115.36656681981354
 10
491.14516339945885
 20
115.38012902512858
 10
491.2194842845853
 20
115.38917049533862
 10
491.2954627725836
 20
115.39369123044364
 10
491.33407361765967
 20
115.39425632233176
 10
491.3773973290827
 20
115.39359704846228
 10
491.46214604318476
 20
115.38832285750642
 10
491.5443631456279
 20
115.37777447559472
 10
491.62404863641234
 20
115.36195190272717
 10
491.70120251553794
 20
115.34085513890378
 10
491.77582478300474
 20
115.31448418412452
 10
491.8479154388127
 20
115.28283903838941
 10
491.91747448296184
 20
115.24591970169845
 10
491.9513046506644
 20
115.22548221174453
 10
491.98442656986714
 20
115.20385802882555
 10
492.04759630840124
 20
115.15744514841406
 10
492.1066672471067
 20
115.1068129152379
 10
492.16163938598373
 20
115.05196132929704
 10
492.2125127250322
 20
114.99289039059151
 10
492.25928726425207
 20
114.9296000991213
 10
492.3019630036434
 20
114.86209045488641
 10
492.3405399432062
 20
114.79036145788683
 10
492.3582913630519
 20
114.7529147021003
 10
492.38426675350945
 20
114.79151047805937
 10
492.43800322479103
 20
114.8651984602711
 10
492.4941206165613
 20
114.93421501620767
 10
492.5526189288202
 20
114.99856014586905
 10
492.61349816156775
 20
115.05823384925525
 10
492.6767583148039
 20
115.11323612636627
 10
492.7423993885287
 20
115.1635669772021
 10
492.81042138274216
 20
115.20922640176275
 10
492.8453252250322
 20
115.23030432918989
 10
492.88074518457995
 20
115.25015789085941
  0
LWPOLYLINE
  5
A0
330
17
100
AcDbEntity
  8
LEGEND_TEXT
100
AcDbPolyline
 90
168
 70
1
 10
486.4492460418453
 20
115.25015789085941
 10
486.52139697412133
 20
115.28602238935919
 10
486.59529592397126
 20
115.3167633880733
 10
486.6709428913952
 20
115.34238088700171
 10
486.74833787639307
 20
115.36287488614445
 10
486.8274808789648
 20
115.3782453855015
 10
486.9083718991106
 20
115.38849238507287
 10
486.99101093683026
 20
115.39361588485855
 10
487.03298596228035
 20
115.39425632233176
 10
487.104598173623
 20
115.39285489444921
 10
487.2413353414327
 20
115.38164347138877
 10
487.3382118692737
 20
115.36587740771003
 10
487.4000931983029
 20
115.35186312888447
 10
487.4598121090401
 20
115.33504599429384
 10
487.5173686014855
 20
115.31542600393806
 10
487.57276267563896
 20
115.29300315781718
 10
487.62599433150046
 20
115.2677774559312
 10
487.6770635690701
 20
115.23974889828011
 10
487.7259703883479
 20
115.2089174848639
 10
487.77271478933375
 20
115.1752832156826
 10
487.8172967720277
 20
115.13884609073618
 10
487.85971633642976
 20
115.09960611002464
 10
487.8999734825399
 20
115.057563273548
 10
487.9192911487355
 20
115.03549078439777
 10
487.9380408975836
 20
115.01280893782817
 10
487.9737547049132
 20
114.96552958318821
 10
488.00708759175416
 20
114.91569601321393
 10
488.0380395581065
 20
114.86330822790532
 10
488.0666106039702
 20
114.80836622726238
 10
488.0928007293453
 20
114.75087001128509
 10
488.12762169149164
 20
114.6598365335673
 10
488.1657164193099
 20
114.52951880960673
 10
488.1942874651736
 20
114.38898422430883
 10
488.2133348290827
 20
114.2382327776736
 10
488.2228585110373
 20
114.07726446970102
 10
488.2240489712816
 20
113.99294899271325
 10
488.2240489712816
 20
111.93776253750536
 10
487.139072546078
 20
111.93776253750536
 10
487.139072546078
 20
113.69783540505787
 10
487.14148360480067
 20
113.73785897985427
 10
487.1429302400343
 20
113.77884697813974
 10
487.1443768752679
 20
113.8302025289327
 10
487.14485908701243
 20
113.89939991427346
 10
487.1444446862945
 20
113.9434733142681
 10
487.1411294805508
 20
114.02698636077476
 10
487.13449906906345
 20
114.10432106930455
 10
487.1245534518324
 20
114.17547743985747
 10
487.1112926288577
 20
114.24045547243355
 10
487.0947166001393
 20
114.29925516703278
 10
487.07482536567727
 20
114.35187652365516
 10
487.05161892547153
 20
114.39831954230068
 10
487.0387725032148
 20
114.41922417488212
 10
487.02512365047687
 20
114.4388441652379
 10
486.9947744488052
 20
114.47428672846121
 10
486.960356585539
 20
114.5046660683669
 10
486.9218700606783
 20
114.52998218495499
 10
486.8793148742231
 20
114.55023507822546
 10
486.8326910261734
 20
114.56542474817832
 10
486.78199851652914
 20
114.57555119481354
 10
486.7272373452904
 20
114.58061441813116
 10
486.6983310115731
 20
114.58124732104586
 10
486.66053766609514
 20
114.58025652660201
 10
486.5882059044149
 20
114.57233017105122
 10
486.5202140484355
 20
114.55647745994963
 10
486.4565620981569
 20
114.53269839329725
 10
486.3972500535791
 20
114.50099297109409
 10
486.3422779147021
 20
114.46136119334011
 10
486.29164568152595
 20
114.41380306003536
 10
486.24535335405056
 20
114.35831857117981
 10
486.2238346549507
 20
114.32760394342048
 10
486.2036043653558
 20
114.29513376352872
 10
486.166895996303
 20
114.22488153999679
 10
486.13519057409985
 20
114.147546831467
 10
486.10848809874625
 20
114.06312963793934
 10
486.08678857024216
 20
113.97162995941385
 10
486.07009198858765
 20
113.87304779589049
 10
486.05839835378265
 20
113.76738314736926
 10
486.0517076658273
 20
113.6546360138502
 10
486.0502384269181
 20
113.59560651521646
 10
486.0502384269181
 20
111.93776253750536
 10
484.96526200171456
 20
111.93776253750536
 10
484.96526200171456
 20
113.69783540505787
 10
484.9648852737891
 20
113.76631700734033
 10
484.9618714503858
 20
113.8939222902379
 10
484.9558438035791
 20
114.00905034424561
 10
484.9468023333691
 20
114.11170116936347
 10
484.9347470397557
 20
114.20187476559151
 10
484.91967792273897
 20
114.2795711329297
 10
484.9015949823189
 20
114.34479027137806
 10
484.8804982184955
 20
114.39753218093657
 10
484.86881965280753
 20
114.41922417488212
 10
484.85617666363055
 20
114.4388441652379
 10
484.82736451189453
 20
114.47428672846121
 10
484.7938507956494
 20
114.5046660683669
 10
484.755635514895
 20
114.52998218495499
 10
484.7127186696314
 20
114.55023507822546
 10
484.66510025985855
 20
114.56542474817832
 10
484.6127802855765
 20
114.57555119481354
 10
484.5557587467853
 20
114.58061441813116
 10
484.5254848906987
 20
114.58124732104586
 10
484.487220635314
 20
114.58025275932276
 10
484.41401486484676
 20
114.57229626553793
 10
484.34523941478244
 20
114.55638327796828
 10
484.2808942851211
 20
114.5325137966138
 10
484.22097947586263
 20
114.5006878214745
 10
484.1654949870071
 20
114.46090535255036
 10
484.11444081855444
 20
114.41316638984141
 10
484.06781697050474
 20
114.35747093334763
 10
484.04616641663097
 20
114.32663951993142
 10
484.025728926677
 20
114.29395837240142
 10
483.9888095899861
 20
114.22346504299722
 10
483.95716444425096
 20
114.14613033446741
 10
483.93079348947174
 20
114.06195424681204
 10
483.9096967256483
 20
113.97093678003108
 10
483.89387415278077
 20
113.87307793412452
 10
483.8833257708691
 20
113.76837770909236
 10
483.8780515799132
 20
113.65683610493463
 10
483.8773923060437
 20
113.59849978568367
 10
483.8773923060437
 20
111.93776253750536
 10
482.7924158808401
 20
111.93776253750536
 10
482.7924158808401
 20
115.31324474924989
 10
483.8773923060437
 20
115.31324474924989
 10
483.8773923060437
 20
114.81945992284612
 10
483.90257280057864
 20
114.85459356917059
 10
483.95429001018005
 20
114.92156072519288
 10
484.0078155138234
 20
114.9841276990463
 10
484.06314931150877
 20
115.04229449073082
 10
484.1202914032362
 20
115.09606110024646
 10
484.1792417890056
 20
115.14542752759323
 10
484.24000046881696
 20
115.1903937727711
 10
484.30256744267035
 20
115.23095983578011
 10
484.33452903986284
 20
115.24959279897128
 10
484.3669238741695
 20
115.26711064750322
 10
484.43295674493675
 20
115.29875579323831
 10
484.50064721857586
 20
115.32588020386841
 10
484.5699952950868
 20
115.34848387939348
 10
484.64100097446953
 20
115.36656681981354
 10
484.7136642567242
 20
115.38012902512858
 10
484.78798514185064
 20
115.38917049533862
 10
484.8639636298489
 20
115.39369123044364
 10
484.902574474925
 20
115.39425632233176
 10
484.945898186348
 20
115.39359704846228
 10
485.03064690045005
 20
115.38832285750642
 10
485.1128640028933
 20
115.37777447559472
 10
485.1925494936777
 20
115.36195190272717
 10
485.2697033728033
 20
115.34085513890378
 10
485.34432564027003
 20
115.31448418412452
 10
485.416416296078
 20
115.28283903838941
 10
485.4859753402272
 20
115.24591970169845
 10
485.51980550792973
 20
115.22548221174453
 10
485.55292742713243
 20
115.20385802882555
 10
485.61609716566653
 20
115.15744514841406
 10
485.67516810437206
 20
115.1068129152379
 10
485.730140243249
 20
115.05196132929704
 10
485.7810135822975
 20
114.99289039059151
 10
485.82778812151736
 20
114.9296000991213
 10
485.87046386090867
 20
114.86209045488641
 10
485.90904080047153
 20
114.79036145788683
 10
485.92679222031717
 20
114.7529147021003
 10
485.95276761077474
 20
114.79151047805937
 10
486.0065040820564
 20
114.8651984602711
 10
486.06262147382665
 20
114.93421501620767
 10
486.1211197860855
 20
114.99856014586905
 10
486.18199901883304
 20
115.05823384925525
 10
486.2452591720692
 20
115.11323612636627
 10
486.3109002457941
 20
115.1635669772021
 10
486.3789222400075
 20
115.20922640176275
 10
486.4138260822975
 20
115.23030432918989
  0
LWPOLYLINE
  5
A1
330
17
100
AcDbEntity
  8
LEGEND_TEXT
100
AcDbPolyline
 90
148
 70
1
 10
477.96137751821686
 20
114.9641234462066
 10
478.0124373375884
 20
114.96372128914622
 10
478.1124209289943
 20
114.96050403266315
 10
478.20955645728407
 20
114.95406951969701
 10
478.30384392245765
 20
114.9444177502478
 10
478.3952833245151
 20
114.93154872431552
 10
478.4838746634564
 20
114.91546244190019
 10
478.5696179392815
 20
114.89615890300176
 10
478.65251315199043
 20
114.87363810762028
 10
478.73256030158325
 20
114.84790005575573
 10
478.8097593880599
 20
114.81894474740811
 10
478.88411041142035
 20
114.78677218257742
 10
478.9556133716647
 20
114.75138236126367
 10
479.02426826879287
 20
114.71277528346684
 10
479.09007510280486
 20
114.67095094918693
 10
479.1530338737007
 20
114.62590935842397
 10
479.2131445814804
 20
114.57765051117794
 10
479.2421319117017
 20
114.55231461637376
 10
479.270315869622
 20
114.52626105487168
 10
479.3239995989941
 20
114.47226087404228
 10
479.37410441307463
 20
114.41573661611257
 10
479.42063031186376
 20
114.35668828108257
 10
479.4635772953614
 20
114.29511586895225
 10
479.50294536356756
 20
114.23101937972166
 10
479.53873451648224
 20
114.16439881339075
 10
479.5709447541055
 20
114.09525416995955
 10
479.59957607643724
 20
114.02358544942804
 10
479.6246284834775
 20
113.94939265179624
 10
479.6461019752264
 20
113.87267577706413
 10
479.66399655168374
 20
113.79343482523173
 10
479.6783122128496
 20
113.71166979629902
 10
479.689048958724
 20
113.62738069026602
 10
479.696206789307
 20
113.54056750713272
 10
479.6997857045984
 20
113.45123024689912
 10
479.70023306900987
 20
113.40561508786969
 10
479.69974614816624
 20
113.36035405309018
 10
479.69585078141745
 20
113.27167983400531
 10
479.6880600479198
 20
113.18546941555266
 10
479.6763739476733
 20
113.10172279773226
 10
479.660792480678
 20
113.0204399805441
 10
479.64131564693395
 20
112.94162096398816
 10
479.617943446441
 20
112.86526574806446
 10
479.59067587919924
 20
112.79137433277299
 10
479.55951294520867
 20
112.71994671811375
 10
479.5244546444693
 20
112.65098290408675
 10
479.4855009769811
 20
112.58448289069197
 10
479.4426519427441
 20
112.52044667792944
 10
479.3959075417582
 20
112.45887426579912
 10
479.3452677740235
 20
112.39976565430106
 10
479.29073263954
 20
112.34312084343523
 10
479.2323021383077
 20
112.28893983320162
 10
479.2016261251607
 20
112.26277325332191
 10
479.17008457960515
 20
112.23737802386948
 10
479.1047298191036
 20
112.18900615824582
 10
479.0363461660818
 20
112.14385908366374
 10
478.96493362053957
 20
112.10193680012323
 10
478.890492182477
 20
112.0632393076243
 10
478.813021851894
 20
112.02776660616695
 10
478.7325226287907
 20
111.99551869575117
 10
478.64899451316705
 20
111.96649557637699
 10
478.562437505023
 20
111.94069724804436
 10
478.47285160435865
 20
111.91812371075332
 10
478.3802368111739
 20
111.89877496450386
 10
478.2845931254688
 20
111.88265100929597
 10
478.18592054724337
 20
111.86975184512966
 10
478.08421907649756
 20
111.86007747200493
 10
477.9794887132314
 20
111.85362788992177
 10
477.8717294574448
 20
111.8504030988802
 10
477.8167139948564
 20
111.85
 10
477.7211155165023
 20
111.85116032201029
 10
477.5306418774111
 20
111.86044289809259
 10
477.34113266180884
 20
111.87900805025717
 10
477.15258786969565
 20
111.90685577850407
 10
477.0586771324475
 20
111.92426060865839
 10
476.96496229372053
 20
111.9440162210673
 10
476.7779846897771
 20
111.99067020735104
 10
476.5916098505144
 20
112.04684787558936
 10
476.40583777593224
 20
112.11254922578226
 10
476.31317777539647
 20
112.14897128161167
 10
476.31317777539647
 20
113.06228032576082
 10
476.40445141716674
 20
113.01112067348907
 10
476.58347252732534
 20
112.9186565714745
 10
476.7577920729747
 20
112.8393327394985
 10
476.9274100541149
 20
112.77314917756108
 10
477.010455957994
 20
112.74498499785683
 10
477.09234153986284
 20
112.72034699153451
 10
477.2526769449207
 20
112.68092618141877
 10
477.3699222098693
 20
112.65998387604479
 10
477.4466541537184
 20
112.65012867351587
 10
477.52224084467423
 20
112.64355853849656
 10
477.5966822827368
 20
112.64027347098693
 10
477.63347353193313
 20
112.63986283754822
 10
477.6854544510823
 20
112.64066903530862
 10
477.78521200573294
 20
112.64711861739177
 10
477.8793638488534
 20
112.66001778155808
 10
477.96790998044366
 20
112.67936652780755
 10
478.05085040050363
 20
112.70516485614016
 10
478.12818510903344
 20
112.73741276655593
 10
478.199914106033
 20
112.77611025905486
 10
478.2660373915023
 20
112.82125733363695
 10
478.2969968924132
 20
112.84624946420917
 10
478.32642687794686
 20
112.87262041898842
 10
478.3795907227818
 20
112.92879808722674
 10
478.4251597326404
 20
112.98955676703815
 10
478.4631339075225
 20
113.05489645842263
 10
478.4935132474282
 20
113.1248171613802
 10
478.51629775235745
 20
113.19931887591085
 10
478.5314874223103
 20
113.27840160201457
 10
478.53908225728674
 20
113.36206533969138
 10
478.54003161165883
 20
113.40561508786969
 10
478.53908225728674
 20
113.44950765846013
 10
478.5314874223103
 20
113.53374402258359
 10
478.51629775235745
 20
113.61324868396377
 10
478.4935132474282
 20
113.68802164260073
 10
478.4631339075225
 20
113.75806289849443
 10
478.4251597326404
 20
113.82337245164487
 10
478.3795907227818
 20
113.88395030205209
 10
478.32642687794686
 20
113.93979644971603
 10
478.2969968924132
 20
113.96594513501928
 10
478.2660373915023
 20
113.99082047993463
 10
478.199914106033
 20
114.03575658687848
 10
478.12818510903344
 20
114.0742732499732
 10
478.05085040050363
 20
114.10637046921882
 10
477.96790998044366
 20
114.1320482446153
 10
477.8793638488534
 20
114.15130657616267
 10
477.78521200573294
 20
114.1641454638609
 10
477.6854544510823
 20
114.17056490771003
 10
477.63347353193313
 20
114.17136733819117
 10
477.570273655165
 20
114.17034263823403
 10
477.4407998017574
 20
114.16214503857694
 10
477.30722714852124
 20
114.14574983926275
 10
477.1695556954565
 20
114.12115704029146
 10
477.09918291898845
 20
114.10578654093442
 10
477.0278607881483
 20
114.08853240195027
 10
476.8811478648736
 20
114.04742385072868
 10
476.7290100594728
 20
113.9975149351693
 10
476.57144737194596
 20
113.93880565527218
 10
476.4906316973853
 20
113.90615087869696
 10
476.4906316973853
 20
116.43776253750536
 10
479.3752223531933
 20
116.43776253750536
 10
479.3752223531933
 20
115.58424774967852
 10
477.41647824689244
 20
115.58424774967852
 10
477.41647824689244
 20
114.88793399057008
 10
477.48266180882985
 20
114.9051730604372
 10
477.61575225032146
 20
114.93314134162023
 10
477.6826591298757
 20
114.94387055293613
 10
477.7503496035148
 20
114.95273119374195
 10
477.8897087976854
 20
114.9628576403772
  0
LWPOLYLINE
  5
A2
330
17
100
AcDbEntity
  8
LEGEND_TEXT
100
AcDbPolyline
 90
11
 70
1
 10
469.4750535790827
 20
113.75184312044578
 10
471.2765966566652
 20
116.43776253750536
 10
472.5669952850407
 20
116.43776253750536
 10
472.5669952850407
 20
113.59849978568367
 10
473.2083369052722
 20
113.59849978568367
 10
473.2083369052722
 20
112.75752250321474
 10
472.5669952850407
 20
112.75752250321474
 10
472.5669952850407
 20
111.93776253750536
 10
471.4694813544792
 20
111.93776253750536
 10
471.4694813544792
 20
112.75752250321474
 10
469.4750535790827
 20
112.75752250321474
  0
LWPOLYLINE
  5
A3
330
17
100
AcDbEntity
  8
LEGEND_TEXT
100
AcDbPolyline
 90
3
 70
1
 10
470.1983711958851
 20
113.59849978568367
 10
471.4694813544792
 20
113.59849978568367
 10
471.4694813544792
 20
115.48201885983713
  0
LWPOLYLINE
  5
A4
330
17
100
AcDbEntity
  8
LEGEND_TEXT
100
AcDbPolyline
 90
4
 70
1
 10
475.2067429275611
 20
120.13776253750535
 10
474.12176650235745
 20
120.13776253750535
 10
474.12176650235745
 20
121.30375053579081
 10
475.2067429275611
 20
121.30375053579081
  0
LWPOLYLINE
  5
A5
330
17
100
AcDbEntity
  8
LEGEND_TEXT
100
AcDbPolyline
 90
168
 70
1
 10
486.52139697412133
 20
123.48602238935919
 10
486.59529592397126
 20
123.51676338807329
 10
486.6709428913952
 20
123.54238088700171
 10
486.74833787639307
 20
123.56287488614444
 10
486.8274808789648
 20
123.5782453855015
 10
486.9083718991106
 20
123.58849238507287
 10
486.99101093683026
 20
123.59361588485854
 10
487.03298596228035
 20
123.59425632233176
 10
487.104598173623
 20
123.5928548944492
 10
487.2413353414327
 20
123.58164347138876
 10
487.3382118692737
 20
123.56587740771002
 10
487.4000931983029
 20
123.55186312888448
 10
487.4598121090401
 20
123.53504599429382
 10
487.5173686014855
 20
123.51542600393806
 10
487.57276267563896
 20
123.49300315781718
 10
487.62599433150046
 20
123.4677774559312
 10
487.6770635690701
 20
123.4397488982801
 10
487.7259703883479
 20
123.4089174848639
 10
487.77271478933375
 20
123.3752832156826
 10
487.8172967720277
 20
123.33884609073617
 10
487.85971633642976
 20
123.29960611002464
 10
487.8999734825399
 20
123.257563273548
 10
487.9192911487355
 20
123.23549078439777
 10
487.9380408975836
 20
123.21280893782816
 10
487.9737547049132
 20
123.16552958318822
 10
488.00708759175416
 20
123.11569601321393
 10
488.0380395581065
 20
123.06330822790532
 10
488.0666106039702
 20
123.00836622726237
 10
488.0928007293453
 20
122.95087001128509
 10
488.12762169149164
 20
122.85983653356729
 10
488.1657164193099
 20
122.72951880960673
 10
488.1942874651736
 20
122.58898422430883
 10
488.2133348290827
 20
122.43823277767359
 10
488.2228585110373
 20
122.27726446970102
 10
488.2240489712816
 20
122.19294899271324
 10
488.2240489712816
 20
120.13776253750535
 10
487.139072546078
 20
120.13776253750535
 10
487.139072546078
 20
121.89783540505786
 10
487.14148360480067
 20
121.93785897985427
 10
487.1429302400343
 20
121.97884697813973
 10
487.1443768752679
 20
122.0302025289327
 10
487.14485908701243
 20
122.09939991427346
 10
487.1444446862945
 20
122.1434733142681
 10
487.1411294805508
 20
122.22698636077475
 10
487.13449906906345
 20
122.30432106930454
 10
487.1245534518324
 20
122.37547743985748
 10
487.1112926288577
 20
122.44045547243356
 10
487.0947166001393
 20
122.49925516703279
 10
487.07482536567727
 20
122.55187652365515
 10
487.05161892547153
 20
122.59831954230069
 10
487.0387725032148
 20
122.61922417488212
 10
487.02512365047687
 20
122.63884416523788
 10
486.9947744488052
 20
122.6742867284612
 10
486.960356585539
 20
122.7046660683669
 10
486.9218700606783
 20
122.72998218495499
 10
486.8793148742231
 20
122.75023507822546
 10
486.8326910261734
 20
122.7654247481783
 10
486.78199851652914
 20
122.77555119481354
 10
486.7272373452904
 20
122.78061441813117
 10
486.6983310115731
 20
122.78124732104587
 10
486.66053766609514
 20
122.78025652660202
 10
486.5882059044149
 20
122.77233017105121
 10
486.5202140484355
 20
122.75647745994962
 10
486.4565620981569
 20
122.73269839329726
 10
486.3972500535791
 20
122.70099297109408
 10
486.3422779147021
 20
122.66136119334011
 10
486.29164568152595
 20
122.61380306003537
 10
486.24535335405056
 20
122.5583185711798
 10
486.2238346549507
 20
122.52760394342047
 10
486.2036043653558
 20
122.49513376352871
 10
486.166895996303
 20
122.42488153999679
 10
486.13519057409985
 20
122.34754683146699
 10
486.10848809874625
 20
122.26312963793934
 10
486.08678857024216
 20
122.17162995941385
 10
486.07009198858765
 20
122.07304779589049
 10
486.05839835378265
 20
121.96738314736926
 10
486.0517076658273
 20
121.85463601385018
 10
486.0502384269181
 20
121.79560651521646
 10
486.0502384269181
 20
120.13776253750535
 10
484.96526200171456
 20
120.13776253750535
 10
484.96526200171456
 20
121.89783540505786
 10
484.9648852737891
 20
121.96631700734034
 10
484.9618714503858
 20
122.09392229023788
 10
484.9558438035791
 20
122.20905034424561
 10
484.9468023333691
 20
122.31170116936347
 10
484.9347470397557
 20
122.40187476559151
 10
484.91967792273897
 20
122.47957113292969
 10
484.9015949823189
 20
122.54479027137805
 10
484.8804982184955
 20
122.59753218093655
 10
484.86881965280753
 20
122.61922417488212
 10
484.85617666363055
 20
122.63884416523788
 10
484.82736451189453
 20
122.6742867284612
 10
484.7938507956494
 20
122.7046660683669
 10
484.755635514895
 20
122.72998218495499
 10
484.7127186696314
 20
122.75023507822546
 10
484.66510025985855
 20
122.7654247481783
 10
484.6127802855765
 20
122.77555119481354
 10
484.5557587467853
 20
122.78061441813117
 10
484.5254848906987
 20
122.78124732104587
 10
484.487220635314
 20
122.78025275932276
 10
484.41401486484676
 20
122.77229626553793
 10
484.34523941478244
 20
122.75638327796827
 10
484.2808942851211
 20
122.7325137966138
 10
484.22097947586263
 20
122.70068782147449
 10
484.1654949870071
 20
122.66090535255036
 10
484.11444081855444
 20
122.61316638984141
 10
484.06781697050474
 20
122.55747093334762
 10
484.04616641663097
 20
122.52663951993142
 10
484.025728926677
 20
122.49395837240141
 10
483.9888095899861
 20
122.42346504299721
 10
483.95716444425096
 20
122.34613033446742
 10
483.93079348947174
 20
122.26195424681204
 10
483.9096967256483
 20
122.17093678003107
 10
483.89387415278077
 20
122.07307793412451
 10
483.8833257708691
 20
121.96837770909237
 10
483.8780515799132
 20
121.85683610493463
 10
483.8773923060437
 20
121.79849978568367
 10
483.8773923060437
 20
120.13776253750535
 10
482.7924158808401
 20
120.13776253750535
 10
482.7924158808401
 20
123.51324474924988
 10
483.8773923060437
 20
123.51324474924988
 10
483.8773923060437
 20
123.01945992284612
 10
483.90257280057864
 20
123.05459356917059
 10
483.95429001018005
 20
123.12156072519288
 10
484.0078155138234
 20
123.18412769904629
 10
484.06314931150877
 20
123.24229449073081
 10
484.1202914032362
 20
123.29606110024646
 10
484.1792417890056
 20
123.34542752759322
 10
484.24000046881696
 20
123.3903937727711
 10
484.30256744267035
 20
123.4309598357801
 10
484.33452903986284
 20
123.44959279897128
 10
484.3669238741695
 20
123.4671106475032
 10
484.43295674493675
 20
123.49875579323832
 10
484.50064721857586
 20
123.52588020386841
 10
484.5699952950868
 20
123.54848387939347
 10
484.64100097446953
 20
123.56656681981354
 10
484.7136642567242
 20
123.58012902512858
 10
484.78798514185064
 20
123.5891704953386
 10
484.8639636298489
 20
123.59369123044362
 10
484.902574474925
 20
123.59425632233176
 10
484.945898186348
 20
123.59359704846227
 10
485.03064690045005
 20
123.58832285750643
 10
485.1128640028933
 20
123.57777447559472
 10
485.1925494936777
 20
123.56195190272717
 10
485.2697033728033
 20
123.54085513890377
 10
485.34432564027003
 20
123.51448418412451
 10
485.416416296078
 20
123.48283903838941
 10
485.4859753402272
 20
123.44591970169844
 10
485.51980550792973
 20
123.42548221174454
 10
485.55292742713243
 20
123.40385802882554
 10
485.61609716566653
 20
123.35744514841406
 10
485.67516810437206
 20
123.30681291523788
 10
485.730140243249
 20
123.25196132929705
 10
485.7810135822975
 20
123.19289039059151
 10
485.82778812151736
 20
123.12960009912129
 10
485.87046386090867
 20
123.0620904548864
 10
485.90904080047153
 20
122.99036145788683
 10
485.92679222031717
 20
122.95291470210029
 10
485.95276761077474
 20
122.99151047805935
 10
486.0065040820564
 20
123.0651984602711
 10
486.06262147382665
 20
123.13421501620766
 10
486.1211197860855
 20
123.19856014586904
 10
486.18199901883304
 20
123.25823384925525
 10
486.2452591720692
 20
123.31323612636626
 10
486.3109002457941
 20
123.3635669772021
 10
486.3789222400075
 20
123.40922640176274
 10
486.4138260822975
 20
123.43030432918988
 10
486.4492460418453
 20
123.4501578908594
  0
LWPOLYLINE
  5
A6
330
17
100
AcDbEntity
  8
LEGEND_TEXT
100
AcDbPolyline
 90
168
 70
1
 10
492.88074518457995
 20
123.4501578908594
 10
492.952896116856
 20
123.48602238935919
 10
493.026795066706
 20
123.51676338807329
 10
493.10244203412987
 20
123.54238088700171
 10
493.1798370191277
 20
123.56287488614444
 10
493.25898002169953
 20
123.5782453855015
 10
493.3398710418453
 20
123.58849238507287
 10
493.422510079565
 20
123.59361588485854
 10
493.464485105015
 20
123.59425632233176
 10
493.5360973163577
 20
123.5928548944492
 10
493.67283448416737
 20
123.58164347138876
 10
493.76971101200843
 20
123.56587740771002
 10
493.83159234103755
 20
123.55186312888448
 10
493.8913112517748
 20
123.53504599429382
 10
493.94886774422014
 20
123.51542600393806
 10
494.0042618183736
 20
123.49300315781718
 10
494.0574934742352
 20
123.4677774559312
 10
494.10856271180484
 20
123.4397488982801
 10
494.1574695310826
 20
123.4089174848639
 10
494.20421393206846
 20
123.3752832156826
 10
494.24879591476235
 20
123.33884609073617
 10
494.2912154791644
 20
123.29960611002464
 10
494.3314726252746
 20
123.257563273548
 10
494.3507902914702
 20
123.23549078439777
 10
494.36954004031827
 20
123.21280893782816
 10
494.4052538476479
 20
123.16552958318822
 10
494.43858673448887
 20
123.11569601321393
 10
494.4695387008412
 20
123.06330822790532
 10
494.49810974670487
 20
123.00836622726237
 10
494.52429987207995
 20
122.95087001128509
 10
494.5591208342263
 20
122.85983653356729
 10
494.5972155620446
 20
122.72951880960673
 10
494.62578660790825
 20
122.58898422430883
 10
494.64483397181743
 20
122.43823277767359
 10
494.65435765377197
 20
122.27726446970102
 10
494.6555481140163
 20
122.19294899271324
 10
494.6555481140163
 20
120.13776253750535
 10
493.5705716888127
 20
120.13776253750535
 10
493.5705716888127
 20
121.89783540505786
 10
493.5729827475354
 20
121.93785897985427
 10
493.574429382769
 20
121.97884697813973
 10
493.5758760180026
 20
122.0302025289327
 10
493.57635822974714
 20
122.09939991427346
 10
493.57594382902914
 20
122.1434733142681
 10
493.5726286232855
 20
122.22698636077475
 10
493.5659982117981
 20
122.30432106930454
 10
493.55605259456706
 20
122.37547743985748
 10
493.54279177159236
 20
122.44045547243356
 10
493.526215742874
 20
122.49925516703279
 10
493.5063245084119
 20
122.55187652365515
 10
493.4831180682062
 20
122.59831954230069
 10
493.4702716459494
 20
122.61922417488212
 10
493.4566227932115
 20
122.63884416523788
 10
493.4262735915399
 20
122.6742867284612
 10
493.3918557282737
 20
122.7046660683669
 10
493.35336920341297
 20
122.72998218495499
 10
493.3108140169578
 20
122.75023507822546
 10
493.26419016890804
 20
122.7654247481783
 10
493.2134976592638
 20
122.77555119481354
 10
493.15873648802506
 20
122.78061441813117
 10
493.1298301543078
 20
122.78124732104587
 10
493.09203680882985
 20
122.78025652660202
 10
493.0197050471496
 20
122.77233017105121
 10
492.95171319117014
 20
122.75647745994962
 10
492.88806124089155
 20
122.73269839329726
 10
492.82874919631377
 20
122.70099297109408
 10
492.77377705743675
 20
122.66136119334011
 10
492.7231448242606
 20
122.61380306003537
 10
492.6768524967853
 20
122.5583185711798
 10
492.6553337976854
 20
122.52760394342047
 10
492.6351035080904
 20
122.49513376352871
 10
492.59839513903773
 20
122.42488153999679
 10
492.56668971683456
 20
122.34754683146699
 10
492.53998724148096
 20
122.26312963793934
 10
492.51828771297687
 20
122.17162995941385
 10
492.50159113132236
 20
122.07304779589049
 10
492.48989749651736
 20
121.96738314736926
 10
492.48320680856193
 20
121.85463601385018
 10
492.4817375696528
 20
121.79560651521646
 10
492.4817375696528
 20
120.13776253750535
 10
491.3967611444492
 20
120.13776253750535
 10
491.3967611444492
 20
121.89783540505786
 10
491.3963844165238
 20
121.96631700734034
 10
491.39337059312044
 20
122.09392229023788
 10
491.38734294631377
 20
122.20905034424561
 10
491.37830147610373
 20
122.31170116936347
 10
491.3662461824904
 20
122.40187476559151
 10
491.3511770654736
 20
122.47957113292969
 10
491.33309412505355
 20
122.54479027137805
 10
491.31199736123017
 20
122.59753218093655
 10
491.30031879554224
 20
122.61922417488212
 10
491.2876758063652
 20
122.63884416523788
 10
491.25886365462924
 20
122.6742867284612
 10
491.22534993838406
 20
122.7046660683669
 10
491.18713465762966
 20
122.72998218495499
 10
491.14421781236604
 20
122.75023507822546
 10
491.09659940259326
 20
122.7654247481783
 10
491.0442794283112
 20
122.77555119481354
 10
490.9872578895199
 20
122.78061441813117
 10
490.95698403343334
 20
122.78124732104587
 10
490.9187197780486
 20
122.78025275932276
 10
490.8455140075814
 20
122.77229626553793
 10
490.77673855751715
 20
122.75638327796827
 10
490.7123934278558
 20
122.7325137966138
 10
490.6524786185973
 20
122.70068782147449
 10
490.59699412974174
 20
122.66090535255036
 10
490.54593996128915
 20
122.61316638984141
 10
490.4993161132394
 20
122.55747093334762
 10
490.4776655593656
 20
122.52663951993142
 10
490.4572280694117
 20
122.49395837240141
 10
490.42030873272074
 20
122.42346504299721
 10
490.3886635869857
 20
122.34613033446742
 10
490.3622926322064
 20
122.26195424681204
 10
490.341195868383
 20
122.17093678003107
 10
490.3253732955154
 20
122.07307793412451
 10
490.31482491360373
 20
121.96837770909237
 10
490.3095507226479
 20
121.85683610493463
 10
490.3088914487784
 20
121.79849978568367
 10
490.3088914487784
 20
120.13776253750535
 10
489.2239150235748
 20
120.13776253750535
 10
489.2239150235748
 20
123.51324474924988
 10
490.3088914487784
 20
123.51324474924988
 10
490.3088914487784
 20
123.01945992284612
 10
490.33407194331335
 20
123.05459356917059
 10
490.3857891529147
 20
123.12156072519288
 10
490.43931465655805
 20
123.18412769904629
 10
490.4946484542435
 20
123.24229449073081
 10
490.55179054597085
 20
123.29606110024646
 10
490.6107409317402
 20
123.34542752759322
 10
490.67149961155167
 20
123.3903937727711
 10
490.73406658540506
 20
123.4309598357801
 10
490.76602818259755
 20
123.44959279897128
 10
490.7984230169042
 20
123.4671106475032
 10
490.86445588767145
 20
123.49875579323832
 10
490.9321463613105
 20
123.52588020386841
 10
491.00149443782146
 20
123.54848387939347
 10
491.07250011720424
 20
123.56656681981354
 10
491.14516339945885
 20
123.58012902512858
 10
491.2194842845853
 20
123.5891704953386
 10
491.2954627725836
 20
123.59369123044362
 10
491.33407361765967
 20
123.59425632233176
 10
491.3773973290827
 20
123.59359704846227
 10
491.46214604318476
 20
123.58832285750643
 10
491.5443631456279
 20
123.57777447559472
 10
491.62404863641234
 20
123.56195190272717
 10
491.70120251553794
 20
123.54085513890377
 10
491.77582478300474
 20
123.51448418412451
 10
491.8479154388127
 20
123.48283903838941
 10
491.91747448296184
 20
123.44591970169844
 10
491.9513046506644
 20
123.42548221174454
 10
491.98442656986714
 20
123.40385802882554
 10
492.04759630840124
 20
123.35744514841406
 10
492.1066672471067
 20
123.30681291523788
 10
492.16163938598373
 20
123.25196132929705
 10
492.2125127250322
 20
123.19289039059151
 10
492.25928726425207
 20
123.12960009912129
 10
492.3019630036434
 20
123.0620904548864
 10
492.3405399432062
 20
122.99036145788683
 10
492.3582913630519
 20
122.95291470210029
 10
492.38426675350945
 20
122.99151047805935
 10
492.43800322479103
 20
123.0651984602711
 10
492.4941206165613
 20
123.13421501620766
 10
492.5526189288202
 20
123.19856014586904
 10
492.61349816156775
 20
123.25823384925525
 10
492.6767583148039
 20
123.31323612636626
 10
492.7423993885287
 20
123.3635669772021
 10
492.81042138274216
 20
123.40922640176274
 10
492.8453252250322
 20
123.43030432918988
  0
LWPOLYLINE
  5
A7
330
17
100
AcDbEntity
  8
LEGEND_TEXT
100
AcDbPolyline
 90
185
 70
1
 10
471.8311401628804
 20
123.95302186026575
 10
471.76729608135986
 20
123.95189544376875
 10
471.6449649894181
 20
123.94288411179275
 10
471.52977665894235
 20
123.92486144784075
 10
471.4217310899325
 20
123.89782745191278
 10
471.32082828238856
 20
123.86178212400878
 10
471.2270682363105
 20
123.81672546412881
 10
471.1404509516984
 20
123.76265747227282
 10
471.0609764285523
 20
123.69957814844085
 10
471.02391770252893
 20
123.66465923703386
 10
470.9886936415023
 20
123.62764571836155
 10
470.9238964383305
 20
123.54708621879018
 10
470.86663379366695
 20
123.45781676958315
 10
470.8169057075118
 20
123.35983737074045
 10
470.774712179865
 20
123.25314802226211
 10
470.7400532107265
 20
123.13774872414808
 10
470.71292880009645
 20
123.01363947639841
 10
470.6933389479747
 20
122.88082027901307
 10
470.68636948135446
 20
122.81114444920702
 10
470.73654964102013
 20
122.84687332565366
 10
470.8399840602229
 20
122.91136914648521
 10
470.94751727925416
 20
122.96658239123445
 10
471.059149298114
 20
123.01251305990141
 10
471.11650235747965
 20
123.03199742820402
 10
471.1752719138448
 20
123.04940225835833
 10
471.29678927346765
 20
123.07724998660522
 10
471.42361096228035
 20
123.09581513876982
 10
471.5557369802829
 20
123.10509771485212
 10
471.6237891127304
 20
123.10625803686241
 10
471.66662684512966
 20
123.10586341436053
 10
471.75074265631696
 20
123.10270643434552
 10
471.832778929356
 20
123.09639247431552
 10
471.91273566424667
 20
123.08692153427052
 10
471.9906128609891
 20
123.0742936142105
 10
472.06641051958314
 20
123.0585087141355
 10
472.14012864002893
 20
123.03956683404547
 10
472.2117672223264
 20
123.01746797394047
 10
472.28132626647556
 20
122.99221213382046
 10
472.34880577247645
 20
122.96379931368543
 10
472.41420574032895
 20
122.93222951353542
 10
472.47752617003323
 20
122.89750273337039
 10
472.53876706158917
 20
122.85961897319036
 10
472.5979284149968
 20
122.81857823299534
 10
472.6550102302561
 20
122.77438051278531
 10
472.71001250736714
 20
122.72702581256027
 10
472.73673381911703
 20
122.70216459494213
 10
472.76278172970024
 20
122.67672415813865
 10
472.81239679747773
 20
122.62437404562257
 10
472.8587041940701
 20
122.57006494789434
 10
472.9017039194773
 20
122.51379686495392
 10
472.9413959736994
 20
122.45556979680131
 10
472.9777803567362
 20
122.39538374343655
 10
473.01085706858794
 20
122.33323870485961
 10
473.04062610925445
 20
122.26913468107051
 10
473.0670874787358
 20
122.20307167206923
 10
473.090241177032
 20
122.13504967785576
 10
473.110087204143
 20
122.06506869843012
 10
473.1266255600689
 20
121.99312873379233
 10
473.1398562448095
 20
121.91922978394234
 10
473.149779258365
 20
121.8433718488802
 10
473.1563946007354
 20
121.76555492860587
 10
473.15970227192054
 20
121.68577902311937
 10
473.1601157308187
 20
121.64515645092155
 10
473.1596532972902
 20
121.60022976217584
 10
473.15595382906264
 20
121.51206035851104
 10
473.1485548926074
 20
121.42613625328171
 10
473.1374564879246
 20
121.34245744648788
 10
473.1226586150142
 20
121.26102393812954
 10
473.1041612738762
 20
121.18183572820669
 10
473.0819644645105
 20
121.10489281671934
 10
473.05606818691734
 20
121.03019520366749
 10
473.02647244109653
 20
120.9577428890511
 10
472.9931772270481
 20
120.88753587287022
 10
472.956182544772
 20
120.81957415512483
 10
472.9154883942684
 20
120.75385773581493
 10
472.87109477553713
 20
120.69038661494052
 10
472.8230016885783
 20
120.62916079250161
 10
472.77120913339184
 20
120.57018026849818
 10
472.71571710997773
 20
120.51344504293024
 10
472.6865837976854
 20
120.48591941705958
 10
472.6567328186951
 20
120.45910015604908
 10
472.59513780288927
 20
120.40801584936241
 10
472.53101870998313
 20
120.36033716312151
 10
472.4643755399767
 20
120.3160640973264
 10
472.39520829286994
 20
120.27519665197707
 10
472.32351696866294
 20
120.2377348270735
 10
472.2493015673556
 20
120.20367862261573
 10
472.172562088948
 20
120.17302803860372
 10
472.09329853344
 20
120.1457830750375
 10
472.0115109008318
 20
120.12194373191706
 10
471.9271991911233
 20
120.10151000924239
 10
471.8403634043145
 20
120.0844819070135
 10
471.75100354040535
 20
120.0708594252304
 10
471.6591195993959
 20
120.06064256389305
 10
471.56471158128613
 20
120.0538313230015
 10
471.46777948607615
 20
120.05042570255571
 10
471.41836690955853
 20
120.05
 10
471.36396174620927
 20
120.0505782773655
 10
471.2574682962521
 20
120.05520449628963
 10
471.15406401528344
 20
120.06445693413791
 10
471.05374890330313
 20
120.07833559091031
 10
470.9565229603113
 20
120.09684046660684
 10
470.86238618630784
 20
120.11997156122749
 10
470.77133858129287
 20
120.14772887477228
 10
470.68338014526626
 20
120.18011240724121
 10
470.5985108782281
 20
120.21712215863425
 10
470.5167307801784
 20
120.25875812895146
 10
470.43803985111714
 20
120.30502031819277
 10
470.3624380910443
 20
120.35590872635822
 10
470.28992549995985
 20
120.41142335344782
 10
470.2205020778638
 20
120.47156419946153
 10
470.1541678247562
 20
120.53633126439937
 10
470.09092274063704
 20
120.60572454826135
 10
470.06045863694817
 20
120.6421560222889
 10
470.030909982118
 20
120.67970920371437
 10
469.9746268300605
 20
120.7577144879514
 10
469.9220958881403
 20
120.83958500070322
 10
469.8733171563572
 20
120.92532074196983
 10
469.8282906347112
 20
121.01492171175123
 10
469.7870163232024
 20
121.10838791004741
 10
469.7494942218308
 20
121.20571933685838
 10
469.71572433059634
 20
121.30691599218414
 10
469.685706649499
 20
121.4119778760247
 10
469.6594411785389
 20
121.52090498838004
 10
469.6369279177159
 20
121.63369732925015
 10
469.61816686703014
 20
121.75035489863507
 10
469.6031580264815
 20
121.87087769653476
 10
469.59190139606994
 20
121.99526572294926
 10
469.58439697579564
 20
122.12351897787853
 10
469.58064476565846
 20
122.25563746132259
 10
469.58017573939134
 20
122.32314616373768
 10
469.58072482034265
 20
122.39235956001527
 10
469.585117467953
 20
122.52798914772421
 10
469.5939027631738
 20
122.65988912897154
 10
469.60708070600487
 20
122.78805950375722
 10
469.62465129644636
 20
122.91250027208127
 10
469.6466145344982
 20
123.03321143394368
 10
469.6729704201605
 20
123.15019298934445
 10
469.70371895343305
 20
123.26344493828358
 10
469.73886013431604
 20
123.37296728076109
 10
469.77839396280945
 20
123.47876001677695
 10
469.82232043891315
 20
123.58082314633117
 10
469.8706395626273
 20
123.67915666942375
 10
469.9233513339517
 20
123.77376058605469
 10
469.98045575288654
 20
123.864634896224
 10
470.0419528194318
 20
123.95177959993168
 10
470.10784253358736
 20
124.03519469717772
 10
470.1424346335191
 20
124.07550364337763
 10
470.1779826805615
 20
124.11472384587307
 10
470.2515199716031
 20
124.18942899348343
 10
470.3283121919203
 20
124.2591537979198
 10
470.40835934151306
 20
124.3238982591821
 10
470.4916614203815
 20
124.38366237727041
 10
470.5782184285255
 20
124.43844615218468
 10
470.6680303659451
 20
124.48824958392493
 10
470.7610972326404
 20
124.53307267249116
 10
470.8574190286112
 20
124.57291541788335
 10
470.9569957538577
 20
124.60777782010152
 10
471.05982740837976
 20
124.63765987914567
 10
471.1659139921775
 20
124.6625615950158
 10
471.27525550525075
 20
124.6824829677119
 10
471.38785194759964
 20
124.69742399723398
 10
471.5037033192242
 20
124.70738468358202
 10
471.6228096201243
 20
124.71236502675605
 10
471.6835833690527
 20
124.7129875696528
 10
471.76093314669953
 20
124.71223411380197
 10
471.9139148226532
 20
124.70620646699528
 10
472.0646059928204
 20
124.6941511733819
 10
472.21300665720105
 20
124.67606823296185
 10
472.28634804972137
 20
124.66476639519931
 10
472.35931271431633
 20
124.65195764573511
 10
472.5046995552936
 20
124.62181941170167
 10
472.6493630786541
 20
124.58565353086155
 10
472.7933032843978
 20
124.54346000321473
 10
472.86500214316334
 20
124.52010287183883
 10
472.86500214316334
 20
123.68780540077154
 10
472.79390604907843
 20
123.72068621410202
 10
472.65478796078014
 20
123.77975715280755
 10
472.5197686723103
 20
123.82990717423917
 10
472.3888481836691
 20
123.8711362783969
 10
472.32492498928417
 20
123.88840548649807
 10
472.2619360801543
 20
123.90354994909987
 10
472.13704323831973
 20
123.92778108926274
 10
472.0135970317188
 20
123.94393518270466
 10
471.8915974603515
 20
123.95201222942563
  0
LWPOLYLINE
  5
A8
330
17
100
AcDbEntity
  8
LEGEND_TEXT
100
AcDbPolyline
 90
72
 70
1
 10
470.9219826604693
 20
122.08036008492283
 10
470.89341161460567
 20
122.0187575345585
 10
470.8696024097193
 20
121.95094650798328
 10
470.8505550458101
 20
121.87692700519716
 10
470.8362695228783
 20
121.79669902620017
 10
470.8267458409237
 20
121.71026257099228
 10
470.82198399994644
 20
121.6176176395735
 10
470.82138876982424
 20
121.56896699528504
 10
470.82198399994644
 20
121.5204293693742
 10
470.8267458409237
 20
121.42796526735961
 10
470.8362695228783
 20
121.34164936508787
 10
470.8505550458101
 20
121.26148166255894
 10
470.8696024097193
 20
121.18746215977282
 10
470.89341161460567
 20
121.11959085672953
 10
470.9219826604693
 20
121.05786775342906
 10
470.9553155473103
 20
121.0022928498714
 10
470.9737676810973
 20
120.97681097299613
 10
470.9934102751286
 20
120.9529866989927
 10
471.0362668439241
 20
120.90994930079296
 10
471.08388525369696
 20
120.87306010233604
 10
471.13626550444707
 20
120.84231910362195
 10
471.19340759617444
 20
120.81772630465066
 10
471.25531152887913
 20
120.7992817054222
 10
471.3219773025611
 20
120.78698530593655
 10
471.3934049172203
 20
120.78083710619373
 10
471.4309044149164
 20
120.78006858122589
 10
471.4686374839263
 20
120.78083710619373
 10
471.54048703386195
 20
120.78698530593655
 10
471.6075144663523
 20
120.7992817054222
 10
471.66971978139736
 20
120.81772630465066
 10
471.727102978997
 20
120.84231910362195
 10
471.7796640591513
 20
120.87306010233604
 10
471.8274030218603
 20
120.90994930079296
 10
471.8703198671239
 20
120.9529866989927
 10
471.88996999571367
 20
120.97681097299613
 10
471.90842212950065
 20
121.0022928498714
 10
471.94175501634163
 20
121.05786775342906
 10
471.97032606220534
 20
121.11959085672953
 10
471.99413526709174
 20
121.18746215977282
 10
472.01318263100086
 20
121.26148166255894
 10
472.0274681539327
 20
121.34164936508787
 10
472.03699183588725
 20
121.42796526735961
 10
472.0417536768646
 20
121.5204293693742
 10
472.0423489069867
 20
121.56896699528504
 10
472.0417536768646
 20
121.6176176395735
 10
472.03699183588725
 20
121.71026257099228
 10
472.0274681539327
 20
121.79669902620017
 10
472.01318263100086
 20
121.87692700519716
 10
471.99413526709174
 20
121.95094650798328
 10
471.97032606220534
 20
122.0187575345585
 10
471.94175501634163
 20
122.08036008492283
 10
471.90842212950065
 20
122.1357541590763
 10
471.88996999571367
 20
122.16112301757394
 10
471.8703198671239
 20
122.18506407723424
 10
471.8274030218603
 20
122.22831244307221
 10
471.7796640591513
 20
122.26538247093333
 10
471.727102978997
 20
122.2962741608176
 10
471.66971978139736
 20
122.32098751272503
 10
471.6075144663523
 20
122.33952252665559
 10
471.54048703386195
 20
122.3518792026093
 10
471.4686374839263
 20
122.35805754058615
 10
471.4309044149164
 20
122.35882983283327
 10
471.3934049172203
 20
122.35805754058615
 10
471.3219773025611
 20
122.3518792026093
 10
471.25531152887913
 20
122.33952252665559
 10
471.19340759617444
 20
122.32098751272503
 10
471.13626550444707
 20
122.2962741608176
 10
471.08388525369696
 20
122.26538247093333
 10
471.0362668439241
 20
122.22831244307221
 10
470.9934102751286
 20
122.18506407723424
 10
470.9737676810973
 20
122.16112301757394
 10
470.9553155473103
 20
122.1357541590763
  0
LWPOLYLINE
  5
A9
330
17
100
AcDbEntity
  8
LEGEND_TEXT
100
AcDbPolyline
 90
136
 70
1
 10
479.6285455120821
 20
121.13558766626258
 10
479.5871054402861
 20
121.03971040924372
 10
479.54189808923593
 20
120.94781893367579
 10
479.4929234589316
 20
120.85991323955878
 10
479.4401815493731
 20
120.77599332689267
 10
479.38367236056047
 20
120.69605919567749
 10
479.35400503643376
 20
120.65758679811401
 10
479.3234721798985
 20
120.62020596971442
 10
479.2600387318166
 20
120.54900439181043
 10
479.1934483037197
 20
120.48254958576672
 10
479.12370089560784
 20
120.42084155158327
 10
479.050796507481
 20
120.36388028926007
 10
478.9747351393391
 20
120.31166579879715
 10
478.8955167911822
 20
120.26419808019449
 10
478.8131414630103
 20
120.2214771334521
 10
478.7276091548234
 20
120.18350295856996
 10
478.63891986662156
 20
120.1502755555481
 10
478.54707359840467
 20
120.1217949243865
 10
478.4520703501728
 20
120.09806106508518
 10
478.3539101219259
 20
120.07907397764413
 10
478.252592913664
 20
120.06483366206332
 10
478.1481187253871
 20
120.0553401183428
 10
478.0404875570952
 20
120.05059334648253
 10
477.98548810544366
 20
120.05
 10
477.9303106498473
 20
120.05059334648253
 10
477.82234042642256
 20
120.0553401183428
 10
477.71754978668827
 20
120.06483366206332
 10
477.61593873064453
 20
120.07907397764413
 10
477.51750725829135
 20
120.09806106508518
 10
477.4222553696287
 20
120.1217949243865
 10
477.3301830646566
 20
120.1502755555481
 10
477.24129034337494
 20
120.18350295856996
 10
477.15557720578386
 20
120.2214771334521
 10
477.0730436518833
 20
120.26419808019449
 10
476.9936896816733
 20
120.31166579879715
 10
476.91751529515375
 20
120.36388028926007
 10
476.8445204923248
 20
120.42084155158327
 10
476.7747052731863
 20
120.48254958576672
 10
476.70806963773845
 20
120.54900439181043
 10
476.644613585981
 20
120.62020596971442
 10
476.6140779039863
 20
120.65758679811401
 10
476.58441057985965
 20
120.69605919567749
 10
476.52790139104695
 20
120.77599332689267
 10
476.47515948148845
 20
120.85991323955878
 10
476.4261848511841
 20
120.94781893367579
 10
476.38097750013395
 20
121.03971040924372
 10
476.33953742833796
 20
121.13558766626258
 10
476.30186463579616
 20
121.23545070473236
 10
476.26795912250856
 20
121.33929952465307
 10
476.23782088847514
 20
121.4471341260247
 10
476.2114499336959
 20
121.55895450884725
 10
476.1888462581708
 20
121.67476067312072
 10
476.1700098618999
 20
121.7945526188451
 10
476.1549407448832
 20
121.91833034602041
 10
476.14363890712065
 20
122.04609385464664
 10
476.1361043486123
 20
122.1778431447238
 10
476.13233706935813
 20
122.31357821625187
 10
476.13186615945136
 20
122.38294042006001
 10
476.13233706935813
 20
122.45253902064134
 10
476.1361043486123
 20
122.5887186311214
 10
476.14363890712065
 20
122.72087478735801
 10
476.1549407448832
 20
122.84900748935115
 10
476.1700098618999
 20
122.97311673710084
 10
476.1888462581708
 20
123.09320253060704
 10
476.2114499336959
 20
123.2092648698698
 10
476.23782088847514
 20
123.32130375488909
 10
476.26795912250856
 20
123.42931918566491
 10
476.30186463579616
 20
123.53331116219726
 10
476.33953742833796
 20
123.63327968448617
 10
476.38097750013395
 20
123.72922475253161
 10
476.4261848511841
 20
123.82114636633358
 10
476.47515948148845
 20
123.90904452589209
 10
476.52790139104695
 20
123.99291923120714
 10
476.58441057985965
 20
124.07277048227871
 10
476.6140779039863
 20
124.1111873124732
 10
476.644613585981
 20
124.1485681408728
 10
476.70806963773845
 20
124.21976971877677
 10
476.7747052731863
 20
124.28622452482051
 10
476.8445204923248
 20
124.34793255900397
 10
476.91751529515375
 20
124.40489382132715
 10
476.9936896816733
 20
124.45710831179008
 10
477.0730436518833
 20
124.50457603039273
 10
477.15557720578386
 20
124.54729697713512
 10
477.24129034337494
 20
124.58527115201724
 10
477.3301830646566
 20
124.61849855503911
 10
477.4222553696287
 20
124.6469791862007
 10
477.51750725829135
 20
124.67071304550203
 10
477.61593873064453
 20
124.6897001329431
 10
477.71754978668827
 20
124.7039404485239
 10
477.82234042642256
 20
124.71343399224443
 10
477.9303106498473
 20
124.71818076410469
 10
477.98548810544366
 20
124.71877411058722
 10
478.0404875570952
 20
124.71818076410469
 10
478.1481187253871
 20
124.71343399224443
 10
478.252592913664
 20
124.7039404485239
 10
478.3539101219259
 20
124.6897001329431
 10
478.4520703501728
 20
124.67071304550203
 10
478.54707359840467
 20
124.6469791862007
 10
478.63891986662156
 20
124.61849855503911
 10
478.7276091548234
 20
124.58527115201724
 10
478.8131414630103
 20
124.54729697713512
 10
478.8955167911822
 20
124.50457603039273
 10
478.9747351393391
 20
124.45710831179008
 10
479.050796507481
 20
124.40489382132715
 10
479.12370089560784
 20
124.34793255900397
 10
479.1934483037197
 20
124.28622452482051
 10
479.2600387318166
 20
124.21976971877677
 10
479.3234721798985
 20
124.1485681408728
 10
479.35400503643376
 20
124.1111873124732
 10
479.38367236056047
 20
124.07277048227871
 10
479.4401815493731
 20
123.99291923120714
 10
479.4929234589316
 20
123.90904452589209
 10
479.54189808923593
 20
123.82114636633358
 10
479.5871054402861
 20
123.72922475253161
 10
479.6285455120821
 20
123.63327968448617
 10
479.6662183046239
 20
123.53331116219726
 10
479.7001238179115
 20
123.42931918566491
 10
479.7302620519449
 20
123.32130375488909
 10
479.7566330067242
 20
123.2092648698698
 10
479.77923668224923
 20
123.09320253060704
 10
479.79807307852013
 20
122.97311673710084
 10
479.8131421955369
 20
122.84900748935115
 10
479.8244440332994
 20
122.72087478735801
 10
479.83197859180774
 20
122.5887186311214
 10
479.83574587106193
 20
122.45253902064134
 10
479.8362167809687
 20
122.38294042006001
 10
479.83574587106193
 20
122.31357821625187
 10
479.83197859180774
 20
122.1778431447238
 10
479.8244440332994
 20
122.04609385464664
 10
479.8131421955369
 20
121.91833034602041
 10
479.79807307852013
 20
121.7945526188451
 10
479.77923668224923
 20
121.67476067312072
 10
479.7566330067242
 20
121.55895450884725
 10
479.7302620519449
 20
121.4471341260247
 10
479.7001238179115
 20
121.33929952465307
 10
479.6662183046239
 20
121.23545070473236
  0
LWPOLYLINE
  5
AA
330
17
100
AcDbEntity
  8
LEGEND_TEXT
100
AcDbPolyline
 90
84
 70
1
 10
478.450942991856
 20
123.69809007313543
 10
478.3978996999571
 20
123.76282699983926
 10
478.3536869106301
 20
123.80429909350889
 10
478.32210204136305
 20
123.82857544102282
 10
478.2888294309902
 20
123.85015441659075
 10
478.25386907951133
 20
123.8690360202127
 10
478.2172209869267
 20
123.88522025188865
 10
478.1788851532362
 20
123.89870711161862
 10
478.1182168881269
 20
123.91387982881483
 10
478.0314187741106
 20
123.9246693165988
 10
477.98548810544366
 20
123.9260180025718
 10
477.93966668787505
 20
123.9246693165988
 10
477.85301926502893
 20
123.91387982881483
 10
477.792404683649
 20
123.89870711161862
 10
477.754076384517
 20
123.88522025188865
 10
477.7174132228153
 20
123.8690360202127
 10
477.682415198544
 20
123.85015441659075
 10
477.649082311703
 20
123.82857544102282
 10
477.61741456229237
 20
123.80429909350889
 10
477.57303507085834
 20
123.76282699983926
 10
477.5196903966191
 20
123.69809007313543
 10
477.4730062721014
 20
123.62256365864766
 10
477.452161915988
 20
123.58075439348478
 10
477.43277549694596
 20
123.53576554463137
 10
477.39775486899913
 20
123.43407914300256
 10
477.36773718790187
 20
123.31678113614444
 10
477.3427224536541
 20
123.183871524057
 10
477.3227106662559
 20
123.03535030674024
 10
477.3077018257072
 20
122.87121748419416
 10
477.29769593200814
 20
122.69147305641877
 10
477.2926929851586
 20
122.49611702341406
 10
477.2920676168024
 20
122.3925846549507
 10
477.2926929851586
 20
122.28786182624303
 10
477.29769593200814
 20
122.09021528745177
 10
477.3077018257072
 20
121.90830090682597
 10
477.3227106662559
 20
121.74211868436562
 10
477.3427224536541
 20
121.59166862007072
 10
477.36773718790187
 20
121.45695071394127
 10
477.39775486899913
 20
121.33796496597728
 10
477.43277549694596
 20
121.23471137617874
 10
477.452161915988
 20
121.18898414059151
 10
477.4730062721014
 20
121.1467077328011
 10
477.5196903966191
 20
121.07033744776038
 10
477.57303507085834
 20
121.00487720343978
 10
477.61741456229237
 20
120.96294173442188
 10
477.649082311703
 20
120.93839414280164
 10
477.682415198544
 20
120.91657406136144
 10
477.7174132228153
 20
120.89748149010126
 10
477.754076384517
 20
120.8811164290211
 10
477.792404683649
 20
120.86747887812098
 10
477.85301926502893
 20
120.85213663335833
 10
477.93966668787505
 20
120.84122659263824
 10
477.98548810544366
 20
120.83986283754822
 10
478.0310721844192
 20
120.84122659263824
 10
478.11726753375484
 20
120.85213663335833
 10
478.17756283821797
 20
120.86747887812098
 10
478.21568770427024
 20
120.8811164290211
 10
478.2521549674507
 20
120.89748149010126
 10
478.2869646277593
 20
120.91657406136144
 10
478.3201166851961
 20
120.93839414280164
 10
478.351611139761
 20
120.96294173442188
 10
478.3957448162237
 20
121.00487720343978
 10
478.4487881081226
 20
121.07033744776038
 10
478.49520098853407
 20
121.1467077328011
 10
478.51592102443203
 20
121.18898414059151
 10
478.53530744347404
 20
121.23471137617874
 10
478.57032807142093
 20
121.33796496597728
 10
478.60034575251825
 20
121.45695071394127
 10
478.625360486766
 20
121.59166862007072
 10
478.6453722741642
 20
121.74211868436562
 10
478.66038111471283
 20
121.90830090682597
 10
478.6703870084119
 20
122.09021528745177
 10
478.6753899552615
 20
122.28786182624303
 10
478.67601532361766
 20
122.3925846549507
 10
478.67539748981994
 20
122.49611702341406
 10
478.6704548194385
 20
122.69147305641877
 10
478.66056947867554
 20
122.87121748419416
 10
478.6457414675311
 20
123.03535030674024
 10
478.62597078600515
 20
123.183871524057
 10
478.60125743409776
 20
123.31678113614444
 10
478.57160141180884
 20
123.43407914300256
 10
478.53700271913846
 20
123.53576554463137
 10
478.5178498714102
 20
123.58075439348478
 10
478.49723531933137
 20
123.62256365864766
  0
LWPOLYLINE
  5
AB
330
17
100
AcDbEntity
  8
LEGEND_TEXT
100
AcDbPolyline
 90
168
 70
1
 10
482.43808819786756
 20
131.65015789085942
 10
482.5102391301436
 20
131.6860223893592
 10
482.5841380799936
 20
131.7167633880733
 10
482.6597850474175
 20
131.74238088700173
 10
482.7371800324154
 20
131.76287488614446
 10
482.81632303498714
 20
131.7782453855015
 10
482.89721405513285
 20
131.78849238507286
 10
482.9798530928525
 20
131.79361588485855
 10
483.0218281183026
 20
131.79425632233176
 10
483.0934403296453
 20
131.7928548944492
 10
483.230177497455
 20
131.78164347138878
 10
483.32705402529604
 20
131.76587740771004
 10
483.3889353543252
 20
131.75186312888448
 10
483.44865426506243
 20
131.73504599429384
 10
483.5062107575078
 20
131.71542600393806
 10
483.5616048316612
 20
131.6930031578172
 10
483.6148364875228
 20
131.6677774559312
 10
483.66590572509244
 20
131.63974889828012
 10
483.71481254437015
 20
131.60891748486392
 10
483.761556945356
 20
131.5752832156826
 10
483.80613892805
 20
131.53884609073617
 10
483.84855849245207
 20
131.49960611002464
 10
483.8888156385622
 20
131.457563273548
 10
483.9081333047578
 20
131.43549078439776
 10
483.9268830536059
 20
131.41280893782817
 10
483.9625968609355
 20
131.36552958318822
 10
483.9959297477765
 20
131.31569601321394
 10
484.0268817141288
 20
131.26330822790533
 10
484.0554527599925
 20
131.2083662272624
 10
484.08164288536756
 20
131.1508700112851
 10
484.11646384751396
 20
131.0598365335673
 10
484.1545585753322
 20
130.92951880960672
 10
484.1831296211959
 20
130.78898422430882
 10
484.202176985105
 20
130.63823277767358
 10
484.2117006670596
 20
130.47726446970103
 10
484.2128911273039
 20
130.39294899271323
 10
484.2128911273039
 20
128.33776253750534
 10
483.12791470210027
 20
128.33776253750534
 10
483.12791470210027
 20
130.09783540505788
 10
483.130325760823
 20
130.13785897985426
 10
483.1317723960566
 20
130.17884697813975
 10
483.1332190312902
 20
130.2302025289327
 10
483.1337012430347
 20
130.29939991427347
 10
483.13328684231675
 20
130.34347331426812
 10
483.1299716365731
 20
130.42698636077475
 10
483.1233412250857
 20
130.50432106930452
 10
483.1133956078547
 20
130.57547743985748
 10
483.10013478487997
 20
130.64045547243356
 10
483.0835587561616
 20
130.6992551670328
 10
483.06366752169953
 20
130.75187652365517
 10
483.0404610814938
 20
130.79831954230067
 10
483.02761465923703
 20
130.81922417488212
 10
483.01396580649913
 20
130.8388441652379
 10
482.9836166048275
 20
130.87428672846121
 10
482.9491987415613
 20
130.9046660683669
 10
482.91071221670063
 20
130.929982184955
 10
482.86815703024536
 20
130.95023507822546
 10
482.8215331821957
 20
130.9654247481783
 10
482.77084067255146
 20
130.97555119481353
 10
482.7160795013127
 20
130.98061441813115
 10
482.68717316759535
 20
130.98124732104586
 10
482.64937982211745
 20
130.980256526602
 10
482.5770480604372
 20
130.97233017105123
 10
482.5090562044578
 20
130.95647745994964
 10
482.44540425417915
 20
130.93269839329724
 10
482.3860922096014
 20
130.90099297109407
 10
482.3311200707244
 20
130.86136119334012
 10
482.2804878375482
 20
130.81380306003535
 10
482.2341955100729
 20
130.7583185711798
 10
482.212676810973
 20
130.7276039434205
 10
482.1924465213781
 20
130.6951337635287
 10
482.15573815232534
 20
130.62488153999678
 10
482.12403273012217
 20
130.547546831467
 10
482.0973302547685
 20
130.46312963793935
 10
482.0756307262645
 20
130.37162995941384
 10
482.05893414460996
 20
130.27304779589048
 10
482.04724050980496
 20
130.16738314736926
 10
482.04054982184954
 20
130.0546360138502
 10
482.0390805829404
 20
129.99560651521645
 10
482.0390805829404
 20
128.33776253750534
 10
480.9541041577368
 20
128.33776253750534
 10
480.9541041577368
 20
130.09783540505788
 10
480.9537274298114
 20
130.16631700734033
 10
480.95071360640804
 20
130.2939222902379
 10
480.9446859596014
 20
130.4090503442456
 10
480.93564448939134
 20
130.51170116936348
 10
480.92358919577794
 20
130.6018747655915
 10
480.9085200787613
 20
130.6795711329297
 10
480.8904371383412
 20
130.74479027137806
 10
480.8693403745178
 20
130.79753218093657
 10
480.85766180882985
 20
130.81922417488212
 10
480.8450188196528
 20
130.8388441652379
 10
480.81620666791684
 20
130.87428672846121
 10
480.78269295167166
 20
130.9046660683669
 10
480.74447767091726
 20
130.929982184955
 10
480.7015608256537
 20
130.95023507822546
 10
480.6539424158808
 20
130.9654247481783
 10
480.6016224415988
 20
130.97555119481353
 10
480.54460090280753
 20
130.98061441813115
 10
480.51432704672095
 20
130.98124732104586
 10
480.4760627913363
 20
130.98025275932275
 10
480.4028570208691
 20
130.97229626553792
 10
480.33408157080476
 20
130.95638327796829
 10
480.2697364411434
 20
130.9325137966138
 10
480.2098216318849
 20
130.9006878214745
 10
480.15433714302935
 20
130.86090535255036
 10
480.1032829745767
 20
130.8131663898414
 10
480.056659126527
 20
130.75747093334763
 10
480.0350085726532
 20
130.7266395199314
 10
480.0145710826993
 20
130.69395837240143
 10
479.97765174600835
 20
130.62346504299722
 10
479.9460066002732
 20
130.54613033446742
 10
479.919635645494
 20
130.46195424681204
 10
479.89853888167056
 20
130.37093678003106
 10
479.8827163088031
 20
130.2730779341245
 10
479.87216792689134
 20
130.16837770909237
 10
479.8668937359355
 20
130.05683610493463
 10
479.866234462066
 20
129.99849978568366
 10
479.866234462066
 20
128.33776253750534
 10
478.7812580368624
 20
128.33776253750534
 10
478.7812580368624
 20
131.7132447492499
 10
479.866234462066
 20
131.7132447492499
 10
479.866234462066
 20
131.2194599228461
 10
479.89141495660095
 20
131.2545935691706
 10
479.9431321662023
 20
131.32156072519288
 10
479.9966576698457
 20
131.3841276990463
 10
480.0519914675311
 20
131.44229449073083
 10
480.10913355925845
 20
131.49606110024646
 10
480.1680839450279
 20
131.54542752759323
 10
480.2288426248393
 20
131.5903937727711
 10
480.29140959869267
 20
131.63095983578012
 10
480.3233711958851
 20
131.64959279897127
 10
480.35576603019183
 20
131.66711064750322
 10
480.42179890095906
 20
131.69875579323832
 10
480.4894893745982
 20
131.7258802038684
 10
480.55883745110907
 20
131.7484838793935
 10
480.62984313049185
 20
131.76656681981353
 10
480.70250641274646
 20
131.7801290251286
 10
480.7768272978729
 20
131.78917049533862
 10
480.85280578587117
 20
131.79369123044364
 10
480.8914166309473
 20
131.79425632233176
 10
480.93474034237033
 20
131.7935970484623
 10
481.01948905647237
 20
131.78832285750644
 10
481.1017061589156
 20
131.77777447559473
 10
481.18139164969995
 20
131.76195190272716
 10
481.25854552882555
 20
131.74085513890378
 10
481.33316779629234
 20
131.7144841841245
 10
481.40525845210027
 20
131.6828390383894
 10
481.47481749624944
 20
131.64591970169846
 10
481.508647663952
 20
131.62548221174453
 10
481.54176958315475
 20
131.60385802882553
 10
481.6049393216888
 20
131.55744514841405
 10
481.6640102603943
 20
131.5068129152379
 10
481.71898239927134
 20
131.45196132929703
 10
481.76985573831973
 20
131.3928903905915
 10
481.8166302775396
 20
131.3296000991213
 10
481.859306016931
 20
131.26209045488642
 10
481.8978829564938
 20
131.19036145788684
 10
481.9156343763395
 20
131.1529147021003
 10
481.94160976679706
 20
131.19151047805937
 10
481.9953462380787
 20
131.2651984602711
 10
482.0514636298489
 20
131.33421501620768
 10
482.1099619421078
 20
131.39856014586906
 10
482.17084117485535
 20
131.45823384925524
 10
482.2341013280915
 20
131.51323612636628
 10
482.29974240181633
 20
131.5635669772021
 10
482.36776439602977
 20
131.60922640176275
 10
482.40266823831973
 20
131.63030432918987
  0
LWPOLYLINE
  5
AC
330
17
100
AcDbEntity
  8
LEGEND_TEXT
100
AcDbPolyline
 90
168
 70
1
 10
488.9417382728783
 20
131.6860223893592
 10
489.0156372227283
 20
131.7167633880733
 10
489.0912841901522
 20
131.74238088700173
 10
489.16867917515003
 20
131.76287488614446
 10
489.2478221777218
 20
131.7782453855015
 10
489.32871319786756
 20
131.78849238507286
 10
489.41135223558723
 20
131.79361588485855
 10
489.4533272610373
 20
131.79425632233176
 10
489.52493947237997
 20
131.7928548944492
 10
489.6616766401897
 20
131.78164347138878
 10
489.75855316803074
 20
131.76587740771004
 10
489.82043449705986
 20
131.75186312888448
 10
489.88015340779714
 20
131.73504599429384
 10
489.93770990024245
 20
131.71542600393806
 10
489.9931039743959
 20
131.6930031578172
 10
490.04633563025743
 20
131.6677774559312
 10
490.0974048678271
 20
131.63974889828012
 10
490.14631168710486
 20
131.60891748486392
 10
490.1930560880907
 20
131.5752832156826
 10
490.23763807078467
 20
131.53884609073617
 10
490.2800576351867
 20
131.49960611002464
 10
490.3203147812969
 20
131.457563273548
 10
490.3396324474925
 20
131.43549078439776
 10
490.3583821963406
 20
131.41280893782817
 10
490.39409600367014
 20
131.36552958318822
 10
490.4274288905111
 20
131.31569601321394
 10
490.45838085686347
 20
131.26330822790533
 10
490.4869519027272
 20
131.2083662272624
 10
490.51314202810227
 20
131.1508700112851
 10
490.5479629902486
 20
131.0598365335673
 10
490.58605771806685
 20
130.92951880960672
 10
490.61462876393057
 20
130.78898422430882
 10
490.6336761278397
 20
130.63823277767358
 10
490.6431998097943
 20
130.47726446970103
 10
490.64439027003857
 20
130.39294899271323
 10
490.64439027003857
 20
128.33776253750534
 10
489.559413844835
 20
128.33776253750534
 10
489.559413844835
 20
130.09783540505788
 10
489.56182490355764
 20
130.13785897985426
 10
489.56327153879124
 20
130.17884697813975
 10
489.56471817402485
 20
130.2302025289327
 10
489.5652003857694
 20
130.29939991427347
 10
489.56478598505146
 20
130.34347331426812
 10
489.5614707793078
 20
130.42698636077475
 10
489.5548403678204
 20
130.50432106930452
 10
489.5448947505894
 20
130.57547743985748
 10
489.5316339276146
 20
130.64045547243356
 10
489.5150578988963
 20
130.6992551670328
 10
489.49516666443424
 20
130.75187652365517
 10
489.4719602242285
 20
130.79831954230067
 10
489.45911380197174
 20
130.81922417488212
 10
489.44546494923384
 20
130.8388441652379
 10
489.41511574756214
 20
130.87428672846121
 10
489.38069788429596
 20
130.9046660683669
 10
489.3422113594353
 20
130.929982184955
 10
489.29965617298006
 20
130.95023507822546
 10
489.25303232493036
 20
130.9654247481783
 10
489.2023398152861
 20
130.97555119481353
 10
489.14757864404737
 20
130.98061441813115
 10
489.11867231033006
 20
130.98124732104586
 10
489.0808789648521
 20
130.980256526602
 10
489.0085472031719
 20
130.97233017105123
 10
488.94055534719246
 20
130.95647745994964
 10
488.87690339691386
 20
130.93269839329724
 10
488.8175913523361
 20
130.90099297109407
 10
488.76261921345906
 20
130.86136119334012
 10
488.71198698028286
 20
130.81380306003535
 10
488.6656946528076
 20
130.7583185711798
 10
488.64417595370765
 20
130.7276039434205
 10
488.62394566411274
 20
130.6951337635287
 10
488.58723729506005
 20
130.62488153999678
 10
488.5555318728568
 20
130.547546831467
 10
488.5288293975032
 20
130.46312963793935
 10
488.5071298689992
 20
130.37162995941384
 10
488.4904332873446
 20
130.27304779589048
 10
488.4787396525396
 20
130.16738314736926
 10
488.47204896458425
 20
130.0546360138502
 10
488.47057972567507
 20
129.99560651521645
 10
488.47057972567507
 20
128.33776253750534
 10
487.38560330047153
 20
128.33776253750534
 10
487.38560330047153
 20
130.09783540505788
 10
487.3852265725461
 20
130.16631700734033
 10
487.38221274914275
 20
130.2939222902379
 10
487.3761851023361
 20
130.4090503442456
 10
487.36714363212604
 20
130.51170116936348
 10
487.35508833851264
 20
130.6018747655915
 10
487.34001922149594
 20
130.6795711329297
 10
487.32193628107586
 20
130.74479027137806
 10
487.3008395172525
 20
130.79753218093657
 10
487.2891609515645
 20
130.81922417488212
 10
487.2765179623875
 20
130.8388441652379
 10
487.2477058106515
 20
130.87428672846121
 10
487.21419209440637
 20
130.9046660683669
 10
487.17597681365197
 20
130.929982184955
 10
487.13305996838835
 20
130.95023507822546
 10
487.0854415586155
 20
130.9654247481783
 10
487.03312158433346
 20
130.97555119481353
 10
486.97610004554224
 20
130.98061441813115
 10
486.9458261894556
 20
130.98124732104586
 10
486.90756193407094
 20
130.98025275932275
 10
486.83435616360373
 20
130.97229626553792
 10
486.7655807135394
 20
130.95638327796829
 10
486.7012355838781
 20
130.9325137966138
 10
486.6413207746196
 20
130.9006878214745
 10
486.585836285764
 20
130.86090535255036
 10
486.5347821173114
 20
130.8131663898414
 10
486.4881582692617
 20
130.75747093334763
 10
486.46650771538793
 20
130.7266395199314
 10
486.446070225434
 20
130.69395837240143
 10
486.40915088874306
 20
130.62346504299722
 10
486.37750574300793
 20
130.54613033446742
 10
486.3511347882287
 20
130.46195424681204
 10
486.33003802440527
 20
130.37093678003106
 10
486.31421545153773
 20
130.2730779341245
 10
486.30366706962604
 20
130.16837770909237
 10
486.29839287867014
 20
130.05683610493463
 10
486.29773360480067
 20
129.99849978568366
 10
486.29773360480067
 20
128.33776253750534
 10
485.2127571795971
 20
128.33776253750534
 10
485.2127571795971
 20
131.7132447492499
 10
486.29773360480067
 20
131.7132447492499
 10
486.29773360480067
 20
131.2194599228461
 10
486.3229140993356
 20
131.2545935691706
 10
486.374631308937
 20
131.32156072519288
 10
486.42815681258037
 20
131.3841276990463
 10
486.4834906102658
 20
131.44229449073083
 10
486.54063270199316
 20
131.49606110024646
 10
486.59958308776254
 20
131.54542752759323
 10
486.6603417675739
 20
131.5903937727711
 10
486.7229087414273
 20
131.63095983578012
 10
486.7548703386198
 20
131.64959279897127
 10
486.7872651729265
 20
131.66711064750322
 10
486.8532980436937
 20
131.69875579323832
 10
486.92098851733283
 20
131.7258802038684
 10
486.9903365938438
 20
131.7484838793935
 10
487.0613422732265
 20
131.76656681981353
 10
487.13400555548117
 20
131.7801290251286
 10
487.2083264406076
 20
131.78917049533862
 10
487.2843049286059
 20
131.79369123044364
 10
487.322915773682
 20
131.79425632233176
 10
487.366239485105
 20
131.7935970484623
 10
487.450988199207
 20
131.78832285750644
 10
487.53320530165024
 20
131.77777447559473
 10
487.61289079243465
 20
131.76195190272716
 10
487.69004467156026
 20
131.74085513890378
 10
487.764666939027
 20
131.7144841841245
 10
487.836757594835
 20
131.6828390383894
 10
487.90631663898415
 20
131.64591970169846
 10
487.9401468066867
 20
131.62548221174453
 10
487.9732687258894
 20
131.60385802882553
 10
488.0364384644235
 20
131.55744514841405
 10
488.09550940312903
 20
131.5068129152379
 10
488.150481542006
 20
131.45196132929703
 10
488.20135488105444
 20
131.3928903905915
 10
488.2481294202743
 20
131.3296000991213
 10
488.29080515966564
 20
131.26209045488642
 10
488.3293820992285
 20
131.19036145788684
 10
488.3471335190742
 20
131.1529147021003
 10
488.3731089095317
 20
131.19151047805937
 10
488.42684538081335
 20
131.2651984602711
 10
488.4829627725836
 20
131.33421501620768
 10
488.54146108484247
 20
131.39856014586906
 10
488.60234031759
 20
131.45823384925524
 10
488.66560047082623
 20
131.51323612636628
 10
488.73124154455104
 20
131.5635669772021
 10
488.7992635387645
 20
131.60922640176275
 10
488.83416738105444
 20
131.63030432918987
 10
488.86958734060227
 20
131.65015789085942
  0
LWPOLYLINE
  5
AD
330
17
100
AcDbEntity
  8
LEGEND_TEXT
100
AcDbPolyline
 90
148
 70
1
 10
474.0012794936107
 20
131.3637212891462
 10
474.1012630850166
 20
131.36050403266313
 10
474.1983986133064
 20
131.35406951969702
 10
474.29268607847996
 20
131.3444177502478
 10
474.38412548053736
 20
131.33154872431552
 10
474.4727168194787
 20
131.3154624419002
 10
474.55846009530376
 20
131.29615890300175
 10
474.64135530801275
 20
131.2736381076203
 10
474.72140245760556
 20
131.24790005575574
 10
474.7986015440822
 20
131.2189447474081
 10
474.87295256744267
 20
131.1867721825774
 10
474.94445552768696
 20
131.15138236126364
 10
475.0131104248152
 20
131.11277528346682
 10
475.0789172588271
 20
131.07095094918694
 10
475.141876029723
 20
131.02590935842397
 10
475.2019867375027
 20
130.97765051117793
 10
475.230974067724
 20
130.95231461637377
 10
475.2591580256443
 20
130.92626105487167
 10
475.31284175501634
 20
130.87226087404227
 10
475.36294656909695
 20
130.81573661611256
 10
475.4094724678861
 20
130.75668828108257
 10
475.45241945138366
 20
130.69511586895226
 10
475.4917875195898
 20
130.63101937972166
 10
475.52757667250455
 20
130.56439881339077
 10
475.5597869101278
 20
130.49525416995954
 10
475.58841823245956
 20
130.42358544942803
 10
475.61347063949984
 20
130.34939265179622
 10
475.63494413124863
 20
130.27267577706414
 10
475.652838707706
 20
130.19343482523172
 10
475.66715436887193
 20
130.11166979629903
 10
475.67789111474633
 20
130.027380690266
 10
475.68504894532924
 20
129.9405675071327
 10
475.6886278606207
 20
129.8512302468991
 10
475.6890752250322
 20
129.80561508786968
 10
475.68858830418856
 20
129.76035405309017
 10
475.68469293743976
 20
129.67167983400532
 10
475.67690220394206
 20
129.58546941555267
 10
475.6652161036956
 20
129.50172279773227
 10
475.64963463670034
 20
129.4204399805441
 10
475.6301578029562
 20
129.34162096398816
 10
475.60678560246333
 20
129.26526574806445
 10
475.57951803522155
 20
129.19137433277297
 10
475.548355101231
 20
129.11994671811374
 10
475.5132968004916
 20
129.05098290408674
 10
475.47434313300334
 20
128.98448289069196
 10
475.43149409876634
 20
128.92044667792942
 10
475.3847496977805
 20
128.85887426579913
 10
475.3341099300458
 20
128.79976565430104
 10
475.2795747955623
 20
128.74312084343524
 10
475.22114429433
 20
128.68893983320163
 10
475.19046828118303
 20
128.66277325332192
 10
475.1589267356274
 20
128.63737802386947
 10
475.0935719751259
 20
128.5890061582458
 10
475.02518832210404
 20
128.54385908366373
 10
474.9537757765618
 20
128.50193680012325
 10
474.87933433849923
 20
128.4632393076243
 10
474.8018640079163
 20
128.42776660616695
 10
474.721364784813
 20
128.39551869575118
 10
474.63783666918937
 20
128.36649557637696
 10
474.5512796610453
 20
128.34069724804436
 10
474.46169376038097
 20
128.31812371075333
 10
474.3690789671962
 20
128.29877496450385
 10
474.2734352814911
 20
128.28265100929596
 10
474.1747627032656
 20
128.26975184512966
 10
474.0730612325198
 20
128.26007747200492
 10
473.96833086925363
 20
128.25362788992177
 10
473.8605716134671
 20
128.25040309888018
 10
473.8055561508787
 20
128.25
 10
473.70995767252464
 20
128.2511603220103
 10
473.51948403343334
 20
128.26044289809258
 10
473.32997481783116
 20
128.27900805025718
 10
473.14143002571797
 20
128.3068557785041
 10
473.0475192884698
 20
128.3242606086584
 10
472.95380444974285
 20
128.3440162210673
 10
472.7668268457994
 20
128.39067020735104
 10
472.5804520065367
 20
128.44684787558936
 10
472.39467993195456
 20
128.51254922578227
 10
472.3020199314188
 20
128.54897128161167
 10
472.3020199314188
 20
129.46228032576082
 10
472.393293573189
 20
129.41112067348905
 10
472.5723146833476
 20
129.3186565714745
 10
472.746634228997
 20
129.2393327394985
 10
472.91625221013715
 20
129.17314917756107
 10
472.99929811401626
 20
129.14498499785682
 10
473.0811836958851
 20
129.12034699153452
 10
473.241519100943
 20
129.08092618141876
 10
473.35876436589155
 20
129.05998387604478
 10
473.43549630974064
 20
129.05012867351587
 10
473.51108300069654
 20
129.04355853849657
 10
473.5855244387591
 20
129.04027347098693
 10
473.6223156879554
 20
129.0398628375482
 10
473.67429660710457
 20
129.0406690353086
 10
473.77405416175526
 20
129.04711861739176
 10
473.8682060048757
 20
129.0600177815581
 10
473.9567521364659
 20
129.07936652780754
 10
474.03969255652595
 20
129.10516485614016
 10
474.11702726505575
 20
129.13741276655594
 10
474.18875626205534
 20
129.17611025905487
 10
474.25487954752464
 20
129.22125733363694
 10
474.2858390484355
 20
129.24624946420917
 10
474.3152690339691
 20
129.27262041898842
 10
474.36843287880413
 20
129.32879808722674
 10
474.41400188866265
 20
129.38955676703813
 10
474.4519760635448
 20
129.45489645842264
 10
474.48235540345047
 20
129.52481716138018
 10
474.50513990837976
 20
129.59931887591085
 10
474.5203295783326
 20
129.67840160201456
 10
474.52792441330905
 20
129.7620653396914
 10
474.5288737676811
 20
129.80561508786968
 10
474.52792441330905
 20
129.84950765846014
 10
474.5203295783326
 20
129.9337440225836
 10
474.50513990837976
 20
130.01324868396378
 10
474.48235540345047
 20
130.08802164260072
 10
474.4519760635448
 20
130.15806289849442
 10
474.41400188866265
 20
130.22337245164488
 10
474.36843287880413
 20
130.28395030205206
 10
474.3152690339691
 20
130.33979644971603
 10
474.2858390484355
 20
130.36594513501927
 10
474.25487954752464
 20
130.39082047993463
 10
474.18875626205534
 20
130.43575658687848
 10
474.11702726505575
 20
130.4742732499732
 10
474.03969255652595
 20
130.5063704692188
 10
473.9567521364659
 20
130.53204824461528
 10
473.8682060048757
 20
130.55130657616266
 10
473.77405416175526
 20
130.5641454638609
 10
473.67429660710457
 20
130.57056490771004
 10
473.6223156879554
 20
130.57136733819118
 10
473.5591158111873
 20
130.57034263823402
 10
473.4296419577797
 20
130.56214503857694
 10
473.2960693045435
 20
130.54574983926275
 10
473.15839785147875
 20
130.52115704029148
 10
473.0880250750107
 20
130.50578654093442
 10
473.01670294417056
 20
130.48853240195027
 10
472.86999002089584
 20
130.44742385072868
 10
472.7178522154951
 20
130.3975149351693
 10
472.5602895279683
 20
130.33880565527218
 10
472.4794738534076
 20
130.30615087869694
 10
472.4794738534076
 20
132.83776253750534
 10
475.3640645092156
 20
132.83776253750534
 10
475.3640645092156
 20
131.98424774967853
 10
473.4053204029147
 20
131.98424774967853
 10
473.4053204029147
 20
131.28793399057008
 10
473.4715039648521
 20
131.3051730604372
 10
473.6045944063438
 20
131.33314134162023
 10
473.671501285898
 20
131.34387055293612
 10
473.7391917595371
 20
131.35273119374196
 10
473.87855095370765
 20
131.3628576403772
 10
473.9502196742392
 20
131.3641234462066
  0
ENDSEC
  0
SECTION
  2
OBJECTS
  0
DICTIONARY
  5
A
330
0
100
AcDbDictionary
281
1
  3
ACAD_COLOR
350
B
  3
ACAD_GROUP
350
C
  3
ACAD_LAYOUT
350
D
  3
ACAD_MATERIAL
350
E
  3
ACAD_MLEADERSTYLE
350
F
  3
ACAD_MLINESTYLE
350
10
  3
ACAD_PLOTSETTINGS
350
11
  3
ACAD_PLOTSTYLENAME
350
12
  3
ACAD_SCALELIST
350
14
  3
ACAD_TABLESTYLE
350
15
  3
ACAD_VISUALSTYLE
350
16
  3
EZDXF_META
350
2D
  0
DICTIONARY
  5
B
330
A
100
AcDbDictionary
281
1
  0
DICTIONARY
  5
C
330
A
100
AcDbDictionary
281
1
  0
DICTIONARY
  5
D
330
A
100
AcDbDictionary
281
1
  3
Model
350
1A
  3
Layout1
350
1E
  0
DICTIONARY
  5
E
330
A
100
AcDbDictionary
281
1
  3
ByBlock
350
1F
  3
ByLayer
350
20
  3
Global
350
21
  0
DICTIONARY
  5
F
330
A
100
AcDbDictionary
281
1
  3
Standard
350
2C
  0
DICTIONARY
  5
10
330
A
100
AcDbDictionary
281
1
  3
Standard
350
22
  0
DICTIONARY
  5
11
330
A
100
AcDbDictionary
281
1
  0
ACDBDICTIONARYWDFLT
  5
12
330
A
100
AcDbDictionary
281
1
  3
Normal
350
13
100
AcDbDictionaryWithDefault
340
13
  0
ACDBPLACEHOLDER
  5
13
330
12
  0
DICTIONARY
  5
14
330
A
100
AcDbDictionary
281
1
  0
DICTIONARY
  5
15
330
A
100
AcDbDictionary
281
1
  0
DICTIONARY
  5
16
330
A
100
AcDbDictionary
281
1
  0
LAYOUT
  5
1A
330
D
100
AcDbPlotSettings
  1

  4
A3
  6

 40
7.5
 41
20.0
 42
7.5
 43
20.0
 44
420.0
 45
297.0
 46
0.0
 47
0.0
 48
0.0
 49
0.0
140
0.0
141
0.0
142
1.0
143
1.0
 70
1024
 72
1
 73
0
 74
5
  7

 75
16
 76
0
 77
2
 78
300
147
1.0
148
0.0
149
0.0
100
AcDbLayout
  1
Model
 70
1
 71
0
 10
0.0
 20
0.0
 11
420.0
 21
297.0
 12
0.0
 22
0.0
 32
0.0
 14
1e+20
 24
1e+20
 34
1e+20
 15
-1e+20
 25
-1e+20
 35
-1e+20
146
0.0
 13
0.0
 23
0.0
 33
0.0
 16
1.0
 26
0.0
 36
0.0
 17
0.0
 27
1.0
 37
0.0
 76
1
330
17
  0
LAYOUT
  5
1E
330
D
100
AcDbPlotSettings
  1

  4
A3
  6

 40
7.5
 41
20.0
 42
7.5
 43
20.0
 44
420.0
 45
297.0
 46
0.0
 47
0.0
 48
0.0
 49
0.0
140
0.0
141
0.0
142
1.0
143
1.0
 70
0
 72
1
 73
0
 74
5
  7

 75
16
 76
0
 77
2
 78
300
147
1.0
148
0.0
149
0.0
100
AcDbLayout
  1
Layout1
 70
1
 71
1
 10
0.0
 20
0.0
 11
420.0
 21
297.0
 12
0.0
 22
0.0
 32
0.0
 14
1e+20
 24
1e+20
 34
1e+20
 15
-1e+20
 25
-1e+20
 35
-1e+20
146
0.0
 13
0.0
 23
0.0
 33
0.0
 16
1.0
 26
0.0
 36
0.0
 17
0.0
 27
1.0
 37
0.0
 76
1
330
1B
  0
MATERIAL
  5
1F
102
{ACAD_REACTORS
330
E
102
}
330
E
100
AcDbMaterial
  1
ByBlock
  2

 70
0
 40
1.0
 71
1
 41
1.0
 91
-1023410177
 42
1.0
 72
1
  3

 73
1
 74
1
 75
1
 44
0.5
 73
0
 45
1.0
 46
1.0
 77
1
  4

 78
1
 79
1
170
1
 48
1.0
171
1
  6

172
1
173
1
174
1
140
1.0
141
1.0
175
1
  7

176
1
177
1
178
1
143
1.0
179
1
  8

270
1
271
1
272
1
145
1.0
146
1.0
273
1
  9

274
1
275
1
276
1
 42
1.0
 72
1
  3

 73
1
 74
1
 75
1
 94
63
  0
MATERIAL
  5
20
102
{ACAD_REACTORS
330
E
102
}
330
E
100
AcDbMaterial
  1
ByLayer
  2

 70
0
 40
1.0
 71
1
 41
1.0
 91
-1023410177
 42
1.0
 72
1
  3

 73
1
 74
1
 75
1
 44
0.5
 73
0
 45
1.0
 46
1.0
 77
1
  4

 78
1
 79
1
170
1
 48
1.0
171
1
  6

172
1
173
1
174
1
140
1.0
141
1.0
175
1
  7

176
1
177
1
178
1
143
1.0
179
1
  8

270
1
271
1
272
1
145
1.0
146
1.0
273
1
  9

274
1
275
1
276
1
 42
1.0
 72
1
  3

 73
1
 74
1
 75
1
 94
63
  0
MATERIAL
  5
21
102
{ACAD_REACTORS
330
E
102
}
330
E
100
AcDbMaterial
  1
Global
  2

 70
0
 40
1.0
 71
1
 41
1.0
 91
-1023410177
 42
1.0
 72
1
  3

 73
1
 74
1
 75
1
 44
0.5
 73
0
 45
1.0
 46
1.0
 77
1
  4

 78
1
 79
1
170
1
 48
1.0
171
1
  6

172
1
173
1
174
1
140
1.0
141
1.0
175
1
  7

176
1
177
1
178
1
143
1.0
179
1
  8

270
1
271
1
272
1
145
1.0
146
1.0
273
1
  9

274
1
275
1
276
1
 42
1.0
 72
1
  3

 73
1
 74
1
 75
1
 94
63
  0
MLINESTYLE
  5
22
102
{ACAD_REACTORS
330
10
102
}
330
10
100
AcDbMlineStyle
  2
Standard
 70
0
  3

 62
256
 51
90.0
 52
90.0
 71
2
 49
0.5
 62
256
  6
BYLAYER
 49
-0.5
 62
256
  6
BYLAYER
  0
MLEADERSTYLE
  5
2C
102
{ACAD_REACTORS
330
F
102
}
330
F
100
AcDbMLeaderStyle
179
2
170
2
171
1
172
0
 90
2
 40
0.0
 41
0.0
173
1
 91
-1056964608
 92
-2
290
1
 42
2.0
291
1
 43
8.0
  3
Standard
 44
4.0
300

342
29
174
1
175
1
176
0
178
1
 93
-1056964608
 45
4.0
292
0
297
0
 46
4.0
 94
-1056964608
 47
1.0
 49
1.0
140
1.0
294
1
141
0.0
177
0
142
1.0
295
0
296
0
143
3.75
271
0
272
9
273
9
  0
DICTIONARY
  5
2D
330
A
100
AcDbDictionary
280
1
281
1
  3
CREATED_BY_EZDXF
350
2E
  3
WRITTEN_BY_EZDXF
350
B0
  0
DICTIONARYVAR
  5
2E
330
2D
100
DictionaryVariables
280
0
  1
1.4.3 @ 2026-09-03T21:25:48.487558+00:00
  0
DICTIONARYVAR
  5
B0
330
2D
100
DictionaryVariables
280
0
  1
1.4.3 @ 2026-09-03T21:25:48.513484+00:00
  0
ENDSEC
  0
EOF
